create table Account_ (
	accountId int8 not null primary key,
	companyId int8,
	userId int8,
	userName varchar(75),
	createDate datetime YEAR TO FRACTION,
	modifiedDate datetime YEAR TO FRACTION,
	parentAccountId int8,
	name varchar(75),
	legalName varchar(75),
	legalId varchar(75),
	legalType varchar(75),
	sicCode varchar(75),
	tickerSymbol varchar(75),
	industry varchar(75),
	type_ varchar(75),
	size_ varchar(75)
)
extent size 16 next size 16
lock mode row;

create table ActivityTracker (
	activityTrackerId int8 not null primary key,
	groupId int8,
	companyId int8,
	userId int8,
	userName varchar(75),
	createDate datetime YEAR TO FRACTION,
	classNameId int8,
	classPK int8,
	activity varchar(75),
	extraData text,
	receiverUserId int8,
	receiverUserName varchar(75)
)
extent size 16 next size 16
lock mode row;

create table Address (
	addressId int8 not null primary key,
	companyId int8,
	userId int8,
	userName varchar(75),
	createDate datetime YEAR TO FRACTION,
	modifiedDate datetime YEAR TO FRACTION,
	classNameId int8,
	classPK int8,
	street1 varchar(75),
	street2 varchar(75),
	street3 varchar(75),
	city varchar(75),
	zip varchar(75),
	regionId int8,
	countryId int8,
	typeId int,
	mailing boolean,
	primary_ boolean
)
extent size 16 next size 16
lock mode row;

create table BlogsCategory (
	categoryId int8 not null primary key,
	companyId int8,
	userId int8,
	userName varchar(75),
	createDate datetime YEAR TO FRACTION,
	modifiedDate datetime YEAR TO FRACTION,
	parentCategoryId int8,
	name varchar(75),
	description lvarchar
)
extent size 16 next size 16
lock mode row;

create table BlogsEntry (
	uuid_ varchar(75),
	entryId int8 not null primary key,
	groupId int8,
	companyId int8,
	userId int8,
	userName varchar(75),
	createDate datetime YEAR TO FRACTION,
	modifiedDate datetime YEAR TO FRACTION,
	title varchar(150),
	urlTitle varchar(150),
	content text,
	displayDate datetime YEAR TO FRACTION
)
extent size 16 next size 16
lock mode row;

create table BlogsStatsUser (
	statsUserId int8 not null primary key,
	groupId int8,
	companyId int8,
	userId int8,
	entryCount int,
	lastPostDate datetime YEAR TO FRACTION,
	ratingsTotalEntries int,
	ratingsTotalScore float,
	ratingsAverageScore float
)
extent size 16 next size 16
lock mode row;

create table BookmarksEntry (
	uuid_ varchar(75),
	entryId int8 not null primary key,
	companyId int8,
	userId int8,
	createDate datetime YEAR TO FRACTION,
	modifiedDate datetime YEAR TO FRACTION,
	folderId int8,
	name lvarchar(300),
	url lvarchar,
	comments lvarchar,
	visits int,
	priority int
)
extent size 16 next size 16
lock mode row;

create table BookmarksFolder (
	uuid_ varchar(75),
	folderId int8 not null primary key,
	groupId int8,
	companyId int8,
	userId int8,
	createDate datetime YEAR TO FRACTION,
	modifiedDate datetime YEAR TO FRACTION,
	parentFolderId int8,
	name varchar(75),
	description lvarchar
)
extent size 16 next size 16
lock mode row;

create table CalEvent (
	uuid_ varchar(75),
	eventId int8 not null primary key,
	groupId int8,
	companyId int8,
	userId int8,
	userName varchar(75),
	createDate datetime YEAR TO FRACTION,
	modifiedDate datetime YEAR TO FRACTION,
	title varchar(75),
	description lvarchar,
	startDate datetime YEAR TO FRACTION,
	endDate datetime YEAR TO FRACTION,
	durationHour int,
	durationMinute int,
	allDay boolean,
	timeZoneSensitive boolean,
	type_ varchar(75),
	repeating boolean,
	recurrence text,
	remindBy varchar(75),
	firstReminder int,
	secondReminder int
)
extent size 16 next size 16
lock mode row;

create table ClassName_ (
	classNameId int8 not null primary key,
	value varchar(200)
)
extent size 16 next size 16
lock mode row;

create table Company (
	companyId int8 not null primary key,
	accountId int8,
	webId varchar(75),
	key_ text,
	virtualHost varchar(75),
	mx varchar(75),
	logoId int8
)
extent size 16 next size 16
lock mode row;

create table Contact_ (
	contactId int8 not null primary key,
	companyId int8,
	userId int8,
	userName varchar(75),
	createDate datetime YEAR TO FRACTION,
	modifiedDate datetime YEAR TO FRACTION,
	accountId int8,
	parentContactId int8,
	firstName varchar(75),
	middleName varchar(75),
	lastName varchar(75),
	prefixId int,
	suffixId int,
	male boolean,
	birthday datetime YEAR TO FRACTION,
	smsSn varchar(75),
	aimSn varchar(75),
	icqSn varchar(75),
	jabberSn varchar(75),
	msnSn varchar(75),
	skypeSn varchar(75),
	ymSn varchar(75),
	employeeStatusId varchar(75),
	employeeNumber varchar(75),
	jobTitle varchar(100),
	jobClass varchar(75),
	hoursOfOperation varchar(75)
)
extent size 16 next size 16
lock mode row;

create table Counter (
	name varchar(75) not null primary key,
	currentId int8
)
extent size 16 next size 16
lock mode row;

create table Country (
	countryId int8 not null primary key,
	name varchar(75),
	a2 varchar(75),
	a3 varchar(75),
	number_ varchar(75),
	idd_ varchar(75),
	active_ boolean
)
extent size 16 next size 16
lock mode row;

create table CyrusUser (
	userId varchar(75) not null primary key,
	password_ varchar(75) not null
)
extent size 16 next size 16
lock mode row;

create table CyrusVirtual (
	emailAddress varchar(75) not null primary key,
	userId varchar(75) not null
)
extent size 16 next size 16
lock mode row;

create table DLFileEntry (
	uuid_ varchar(75),
	fileEntryId int8 not null primary key,
	companyId int8,
	userId int8,
	userName varchar(75),
	versionUserId int8,
	versionUserName varchar(75),
	createDate datetime YEAR TO FRACTION,
	modifiedDate datetime YEAR TO FRACTION,
	folderId int8,
	name lvarchar(300),
	title lvarchar(300),
	description lvarchar,
	version float,
	size_ int,
	readCount int,
	extraSettings text
)
extent size 16 next size 16
lock mode row;

create table DLFileRank (
	fileRankId int8 not null primary key,
	companyId int8,
	userId int8,
	createDate datetime YEAR TO FRACTION,
	folderId int8,
	name lvarchar(300)
)
extent size 16 next size 16
lock mode row;

create table DLFileShortcut (
	uuid_ varchar(75),
	fileShortcutId int8 not null primary key,
	companyId int8,
	userId int8,
	userName varchar(75),
	createDate datetime YEAR TO FRACTION,
	modifiedDate datetime YEAR TO FRACTION,
	folderId int8,
	toFolderId int8,
	toName lvarchar(300)
)
extent size 16 next size 16
lock mode row;

create table DLFileVersion (
	fileVersionId int8 not null primary key,
	companyId int8,
	userId int8,
	userName varchar(75),
	createDate datetime YEAR TO FRACTION,
	folderId int8,
	name lvarchar(300),
	version float,
	size_ int
)
extent size 16 next size 16
lock mode row;

create table DLFolder (
	uuid_ varchar(75),
	folderId int8 not null primary key,
	groupId int8,
	companyId int8,
	userId int8,
	userName varchar(75),
	createDate datetime YEAR TO FRACTION,
	modifiedDate datetime YEAR TO FRACTION,
	parentFolderId int8,
	name varchar(100),
	description lvarchar,
	lastPostDate datetime YEAR TO FRACTION
)
extent size 16 next size 16
lock mode row;

create table EmailAddress (
	emailAddressId int8 not null primary key,
	companyId int8,
	userId int8,
	userName varchar(75),
	createDate datetime YEAR TO FRACTION,
	modifiedDate datetime YEAR TO FRACTION,
	classNameId int8,
	classPK int8,
	address varchar(75),
	typeId int,
	primary_ boolean
)
extent size 16 next size 16
lock mode row;

create table Group_ (
	groupId int8 not null primary key,
	companyId int8,
	creatorUserId int8,
	classNameId int8,
	classPK int8,
	parentGroupId int8,
	liveGroupId int8,
	name varchar(75),
	description lvarchar,
	type_ int,
	typeSettings lvarchar,
	friendlyURL varchar(100),
	active_ boolean
)
extent size 16 next size 16
lock mode row;

create table Groups_Orgs (
	groupId int8 not null,
	organizationId int8 not null,
	primary key (groupId, organizationId)
)
extent size 16 next size 16
lock mode row;

create table Groups_Permissions (
	groupId int8 not null,
	permissionId int8 not null,
	primary key (groupId, permissionId)
)
extent size 16 next size 16
lock mode row;

create table Groups_Roles (
	groupId int8 not null,
	roleId int8 not null,
	primary key (groupId, roleId)
)
extent size 16 next size 16
lock mode row;

create table Groups_UserGroups (
	groupId int8 not null,
	userGroupId int8 not null,
	primary key (groupId, userGroupId)
)
extent size 16 next size 16
lock mode row;

create table IGFolder (
	uuid_ varchar(75),
	folderId int8 not null primary key,
	groupId int8,
	companyId int8,
	userId int8,
	createDate datetime YEAR TO FRACTION,
	modifiedDate datetime YEAR TO FRACTION,
	parentFolderId int8,
	name varchar(75),
	description lvarchar
)
extent size 16 next size 16
lock mode row;

create table IGImage (
	uuid_ varchar(75),
	imageId int8 not null primary key,
	companyId int8,
	userId int8,
	createDate datetime YEAR TO FRACTION,
	modifiedDate datetime YEAR TO FRACTION,
	folderId int8,
	description lvarchar,
	smallImageId int8,
	largeImageId int8
)
extent size 16 next size 16
lock mode row;

create table Image (
	imageId int8 not null primary key,
	modifiedDate datetime YEAR TO FRACTION,
	text_ text,
	type_ varchar(75),
	height int,
	width int,
	size_ int
)
extent size 16 next size 16
lock mode row;

create table JournalArticle (
	uuid_ varchar(75),
	id_ int8 not null primary key,
	resourcePrimKey int8,
	groupId int8,
	companyId int8,
	userId int8,
	userName varchar(75),
	createDate datetime YEAR TO FRACTION,
	modifiedDate datetime YEAR TO FRACTION,
	articleId varchar(75),
	version float,
	title varchar(100),
	description lvarchar,
	content text,
	type_ varchar(75),
	structureId varchar(75),
	templateId varchar(75),
	displayDate datetime YEAR TO FRACTION,
	approved boolean,
	approvedByUserId int8,
	approvedByUserName varchar(75),
	approvedDate datetime YEAR TO FRACTION,
	expired boolean,
	expirationDate datetime YEAR TO FRACTION,
	reviewDate datetime YEAR TO FRACTION,
	indexable boolean,
	smallImage boolean,
	smallImageId int8,
	smallImageURL varchar(75)
)
extent size 16 next size 16
lock mode row;

create table JournalArticleImage (
	articleImageId int8 not null primary key,
	groupId int8,
	articleId varchar(75),
	version float,
	elName varchar(75),
	languageId varchar(75),
	tempImage boolean
)
extent size 16 next size 16
lock mode row;

create table JournalArticleResource (
	resourcePrimKey int8 not null primary key,
	groupId int8,
	articleId varchar(75)
)
extent size 16 next size 16
lock mode row;

create table JournalContentSearch (
	contentSearchId int8 not null primary key,
	groupId int8,
	companyId int8,
	privateLayout boolean,
	layoutId int8,
	portletId varchar(200),
	articleId varchar(75)
)
extent size 16 next size 16
lock mode row;

create table JournalFeed (
	uuid_ varchar(75),
	id_ int8 not null primary key,
	groupId int8,
	companyId int8,
	userId int8,
	userName varchar(75),
	createDate datetime YEAR TO FRACTION,
	modifiedDate datetime YEAR TO FRACTION,
	feedId varchar(75),
	name varchar(75),
	description lvarchar,
	type_ varchar(75),
	structureId varchar(75),
	templateId varchar(75),
	rendererTemplateId varchar(75),
	delta int,
	orderByCol varchar(75),
	orderByType varchar(75),
	targetLayoutFriendlyUrl varchar(75),
	targetPortletId varchar(75),
	contentField varchar(75),
	feedType varchar(75),
	feedVersion float
)
extent size 16 next size 16
lock mode row;

create table JournalStructure (
	uuid_ varchar(75),
	id_ int8 not null primary key,
	groupId int8,
	companyId int8,
	userId int8,
	userName varchar(75),
	createDate datetime YEAR TO FRACTION,
	modifiedDate datetime YEAR TO FRACTION,
	structureId varchar(75),
	name varchar(75),
	description lvarchar,
	xsd text
)
extent size 16 next size 16
lock mode row;

create table JournalTemplate (
	uuid_ varchar(75),
	id_ int8 not null primary key,
	groupId int8,
	companyId int8,
	userId int8,
	userName varchar(75),
	createDate datetime YEAR TO FRACTION,
	modifiedDate datetime YEAR TO FRACTION,
	templateId varchar(75),
	structureId varchar(75),
	name varchar(75),
	description lvarchar,
	xsl text,
	langType varchar(75),
	cacheable boolean,
	smallImage boolean,
	smallImageId int8,
	smallImageURL varchar(75)
)
extent size 16 next size 16
lock mode row;

create table Layout (
	plid int8 not null primary key,
	groupId int8,
	companyId int8,
	privateLayout boolean,
	layoutId int8,
	parentLayoutId int8,
	name lvarchar,
	title lvarchar,
	description lvarchar,
	type_ varchar(75),
	typeSettings lvarchar(4096),
	hidden_ boolean,
	friendlyURL varchar(100),
	iconImage boolean,
	iconImageId int8,
	themeId varchar(75),
	colorSchemeId varchar(75),
	wapThemeId varchar(75),
	wapColorSchemeId varchar(75),
	css lvarchar,
	priority int,
	dlFolderId int8
)
extent size 16 next size 16
lock mode row;

create table LayoutSet (
	layoutSetId int8 not null primary key,
	groupId int8,
	companyId int8,
	privateLayout boolean,
	logo boolean,
	logoId int8,
	themeId varchar(75),
	colorSchemeId varchar(75),
	wapThemeId varchar(75),
	wapColorSchemeId varchar(75),
	css varchar(75),
	pageCount int,
	virtualHost varchar(75)
)
extent size 16 next size 16
lock mode row;

create table ListType (
	listTypeId int not null primary key,
	name varchar(75),
	type_ varchar(75)
)
extent size 16 next size 16
lock mode row;

create table MBBan (
	banId int8 not null primary key,
	groupId int8,
	companyId int8,
	userId int8,
	userName varchar(75),
	createDate datetime YEAR TO FRACTION,
	modifiedDate datetime YEAR TO FRACTION,
	banUserId int8
)
extent size 16 next size 16
lock mode row;

create table MBCategory (
	uuid_ varchar(75),
	categoryId int8 not null primary key,
	groupId int8,
	companyId int8,
	userId int8,
	userName varchar(75),
	createDate datetime YEAR TO FRACTION,
	modifiedDate datetime YEAR TO FRACTION,
	parentCategoryId int8,
	name varchar(75),
	description lvarchar,
	lastPostDate datetime YEAR TO FRACTION
)
extent size 16 next size 16
lock mode row;

create table MBDiscussion (
	discussionId int8 not null primary key,
	classNameId int8,
	classPK int8,
	threadId int8
)
extent size 16 next size 16
lock mode row;

create table MBMessage (
	uuid_ varchar(75),
	messageId int8 not null primary key,
	companyId int8,
	userId int8,
	userName varchar(75),
	createDate datetime YEAR TO FRACTION,
	modifiedDate datetime YEAR TO FRACTION,
	categoryId int8,
	threadId int8,
	parentMessageId int8,
	subject varchar(75),
	body text,
	attachments boolean,
	anonymous boolean
)
extent size 16 next size 16
lock mode row;

create table MBMessageFlag (
	messageFlagId int8 not null primary key,
	userId int8,
	messageId int8,
	flag int
)
extent size 16 next size 16
lock mode row;

create table MBStatsUser (
	statsUserId int8 not null primary key,
	groupId int8,
	userId int8,
	messageCount int,
	lastPostDate datetime YEAR TO FRACTION
)
extent size 16 next size 16
lock mode row;

create table MBThread (
	threadId int8 not null primary key,
	categoryId int8,
	rootMessageId int8,
	messageCount int,
	viewCount int,
	lastPostByUserId int8,
	lastPostDate datetime YEAR TO FRACTION,
	priority float
)
extent size 16 next size 16
lock mode row;

create table MembershipRequest (
	membershipRequestId int8 not null primary key,
	companyId int8,
	userId int8,
	createDate datetime YEAR TO FRACTION,
	groupId int8,
	comments lvarchar,
	replyComments lvarchar,
	replyDate datetime YEAR TO FRACTION,
	replierUserId int8,
	statusId int
)
extent size 16 next size 16
lock mode row;

create table Organization_ (
	organizationId int8 not null primary key,
	companyId int8,
	parentOrganizationId int8,
	name varchar(100),
	location boolean,
	recursable boolean,
	regionId int8,
	countryId int8,
	statusId int,
	comments lvarchar
)
extent size 16 next size 16
lock mode row;

create table OrgGroupPermission (
	organizationId int8 not null,
	groupId int8 not null,
	permissionId int8 not null,
	primary key (organizationId, groupId, permissionId)
)
extent size 16 next size 16
lock mode row;

create table OrgGroupRole (
	organizationId int8 not null,
	groupId int8 not null,
	roleId int8 not null,
	primary key (organizationId, groupId, roleId)
)
extent size 16 next size 16
lock mode row;

create table OrgLabor (
	orgLaborId int8 not null primary key,
	organizationId int8,
	typeId int,
	sunOpen int,
	sunClose int,
	monOpen int,
	monClose int,
	tueOpen int,
	tueClose int,
	wedOpen int,
	wedClose int,
	thuOpen int,
	thuClose int,
	friOpen int,
	friClose int,
	satOpen int,
	satClose int
)
extent size 16 next size 16
lock mode row;

create table PasswordPolicy (
	passwordPolicyId int8 not null primary key,
	companyId int8,
	userId int8,
	userName varchar(75),
	createDate datetime YEAR TO FRACTION,
	modifiedDate datetime YEAR TO FRACTION,
	defaultPolicy boolean,
	name varchar(75),
	description lvarchar,
	changeable boolean,
	changeRequired boolean,
	minAge int8,
	checkSyntax boolean,
	allowDictionaryWords boolean,
	minLength int,
	history boolean,
	historyCount int,
	expireable boolean,
	maxAge int8,
	warningTime int8,
	graceLimit int,
	lockout boolean,
	maxFailure int,
	lockoutDuration int8,
	requireUnlock boolean,
	resetFailureCount int8
)
extent size 16 next size 16
lock mode row;

create table PasswordPolicyRel (
	passwordPolicyRelId int8 not null primary key,
	passwordPolicyId int8,
	classNameId int8,
	classPK int8
)
extent size 16 next size 16
lock mode row;

create table PasswordTracker (
	passwordTrackerId int8 not null primary key,
	userId int8,
	createDate datetime YEAR TO FRACTION,
	password_ varchar(75)
)
extent size 16 next size 16
lock mode row;

create table Permission_ (
	permissionId int8 not null primary key,
	companyId int8,
	actionId varchar(75),
	resourceId int8
)
extent size 16 next size 16
lock mode row;

create table Phone (
	phoneId int8 not null primary key,
	companyId int8,
	userId int8,
	userName varchar(75),
	createDate datetime YEAR TO FRACTION,
	modifiedDate datetime YEAR TO FRACTION,
	classNameId int8,
	classPK int8,
	number_ varchar(75),
	extension varchar(75),
	typeId int,
	primary_ boolean
)
extent size 16 next size 16
lock mode row;

create table PluginSetting (
	pluginSettingId int8 not null primary key,
	companyId int8,
	pluginId varchar(75),
	pluginType varchar(75),
	roles lvarchar,
	active_ boolean
)
extent size 16 next size 16
lock mode row;

create table PollsChoice (
	uuid_ varchar(75),
	choiceId int8 not null primary key,
	questionId int8,
	name varchar(75),
	description lvarchar(1000)
)
extent size 16 next size 16
lock mode row;

create table PollsQuestion (
	uuid_ varchar(75),
	questionId int8 not null primary key,
	groupId int8,
	companyId int8,
	userId int8,
	userName varchar(75),
	createDate datetime YEAR TO FRACTION,
	modifiedDate datetime YEAR TO FRACTION,
	title lvarchar(500),
	description lvarchar,
	expirationDate datetime YEAR TO FRACTION,
	lastVoteDate datetime YEAR TO FRACTION
)
extent size 16 next size 16
lock mode row;

create table PollsVote (
	voteId int8 not null primary key,
	userId int8,
	questionId int8,
	choiceId int8,
	voteDate datetime YEAR TO FRACTION
)
extent size 16 next size 16
lock mode row;

create table Portlet (
	id_ int8 not null primary key,
	companyId int8,
	portletId varchar(200),
	roles lvarchar,
	active_ boolean
)
extent size 16 next size 16
lock mode row;

create table PortletPreferences (
	portletPreferencesId int8 not null primary key,
	ownerId int8,
	ownerType int,
	plid int8,
	portletId varchar(200),
	preferences text
)
extent size 16 next size 16
lock mode row;

create table RatingsEntry (
	entryId int8 not null primary key,
	companyId int8,
	userId int8,
	userName varchar(75),
	createDate datetime YEAR TO FRACTION,
	modifiedDate datetime YEAR TO FRACTION,
	classNameId int8,
	classPK int8,
	score float
)
extent size 16 next size 16
lock mode row;

create table RatingsStats (
	statsId int8 not null primary key,
	classNameId int8,
	classPK int8,
	totalEntries int,
	totalScore float,
	averageScore float
)
extent size 16 next size 16
lock mode row;

create table Region (
	regionId int8 not null primary key,
	countryId int8,
	regionCode varchar(75),
	name varchar(75),
	active_ boolean
)
extent size 16 next size 16
lock mode row;

create table Release_ (
	releaseId int8 not null primary key,
	createDate datetime YEAR TO FRACTION,
	modifiedDate datetime YEAR TO FRACTION,
	buildNumber int,
	buildDate datetime YEAR TO FRACTION,
	verified boolean
)
extent size 16 next size 16
lock mode row;

create table Resource_ (
	resourceId int8 not null primary key,
	codeId int8,
	primKey lvarchar(300)
)
extent size 16 next size 16
lock mode row;

create table ResourceCode (
	codeId int8 not null primary key,
	companyId int8,
	name lvarchar(300),
	scope int
)
extent size 16 next size 16
lock mode row;

create table Role_ (
	roleId int8 not null primary key,
	companyId int8,
	classNameId int8,
	classPK int8,
	name varchar(75),
	description lvarchar,
	type_ int
)
extent size 16 next size 16
lock mode row;

create table Roles_Permissions (
	roleId int8 not null,
	permissionId int8 not null,
	primary key (roleId, permissionId)
)
extent size 16 next size 16
lock mode row;

create table SCFrameworkVersi_SCProductVers (
	productVersionId int8 not null,
	frameworkVersionId int8 not null,
	primary key (productVersionId, frameworkVersionId)
)
extent size 16 next size 16
lock mode row;

create table SCFrameworkVersion (
	frameworkVersionId int8 not null primary key,
	groupId int8,
	companyId int8,
	userId int8,
	userName varchar(75),
	createDate datetime YEAR TO FRACTION,
	modifiedDate datetime YEAR TO FRACTION,
	name varchar(75),
	url lvarchar,
	active_ boolean,
	priority int
)
extent size 16 next size 16
lock mode row;

create table SCLicense (
	licenseId int8 not null primary key,
	name varchar(75),
	url lvarchar,
	openSource boolean,
	active_ boolean,
	recommended boolean
)
extent size 16 next size 16
lock mode row;

create table SCLicenses_SCProductEntries (
	productEntryId int8 not null,
	licenseId int8 not null,
	primary key (productEntryId, licenseId)
)
extent size 16 next size 16
lock mode row;

create table SCProductEntry (
	productEntryId int8 not null primary key,
	groupId int8,
	companyId int8,
	userId int8,
	userName varchar(75),
	createDate datetime YEAR TO FRACTION,
	modifiedDate datetime YEAR TO FRACTION,
	name varchar(75),
	type_ varchar(75),
	tags lvarchar(300),
	shortDescription lvarchar,
	longDescription lvarchar,
	pageURL lvarchar,
	author varchar(75),
	repoGroupId varchar(75),
	repoArtifactId varchar(75)
)
extent size 16 next size 16
lock mode row;

create table SCProductScreenshot (
	productScreenshotId int8 not null primary key,
	companyId int8,
	groupId int8,
	productEntryId int8,
	thumbnailId int8,
	fullImageId int8,
	priority int
)
extent size 16 next size 16
lock mode row;

create table SCProductVersion (
	productVersionId int8 not null primary key,
	companyId int8,
	userId int8,
	userName varchar(75),
	createDate datetime YEAR TO FRACTION,
	modifiedDate datetime YEAR TO FRACTION,
	productEntryId int8,
	version varchar(75),
	changeLog lvarchar,
	downloadPageURL lvarchar,
	directDownloadURL varchar(2000),
	repoStoreArtifact boolean
)
extent size 16 next size 16
lock mode row;

create table ServiceComponent (
	serviceComponentId int8 not null primary key,
	buildNamespace varchar(75),
	buildNumber int8,
	buildDate int8,
	data_ text
)
extent size 16 next size 16
lock mode row;

create table ShoppingCart (
	cartId int8 not null primary key,
	groupId int8,
	companyId int8,
	userId int8,
	userName varchar(75),
	createDate datetime YEAR TO FRACTION,
	modifiedDate datetime YEAR TO FRACTION,
	itemIds lvarchar,
	couponCodes varchar(75),
	altShipping int,
	insure boolean
)
extent size 16 next size 16
lock mode row;

create table ShoppingCategory (
	categoryId int8 not null primary key,
	groupId int8,
	companyId int8,
	userId int8,
	userName varchar(75),
	createDate datetime YEAR TO FRACTION,
	modifiedDate datetime YEAR TO FRACTION,
	parentCategoryId int8,
	name varchar(75),
	description lvarchar
)
extent size 16 next size 16
lock mode row;

create table ShoppingCoupon (
	couponId int8 not null primary key,
	groupId int8,
	companyId int8,
	userId int8,
	userName varchar(75),
	createDate datetime YEAR TO FRACTION,
	modifiedDate datetime YEAR TO FRACTION,
	code_ varchar(75),
	name varchar(75),
	description lvarchar,
	startDate datetime YEAR TO FRACTION,
	endDate datetime YEAR TO FRACTION,
	active_ boolean,
	limitCategories lvarchar,
	limitSkus lvarchar,
	minOrder float,
	discount float,
	discountType varchar(75)
)
extent size 16 next size 16
lock mode row;

create table ShoppingItem (
	itemId int8 not null primary key,
	companyId int8,
	userId int8,
	userName varchar(75),
	createDate datetime YEAR TO FRACTION,
	modifiedDate datetime YEAR TO FRACTION,
	categoryId int8,
	sku varchar(75),
	name varchar(200),
	description lvarchar,
	properties lvarchar,
	fields_ boolean,
	fieldsQuantities lvarchar,
	minQuantity int,
	maxQuantity int,
	price float,
	discount float,
	taxable boolean,
	shipping float,
	useShippingFormula boolean,
	requiresShipping boolean,
	stockQuantity int,
	featured_ boolean,
	sale_ boolean,
	smallImage boolean,
	smallImageId int8,
	smallImageURL varchar(75),
	mediumImage boolean,
	mediumImageId int8,
	mediumImageURL varchar(75),
	largeImage boolean,
	largeImageId int8,
	largeImageURL varchar(75)
)
extent size 16 next size 16
lock mode row;

create table ShoppingItemField (
	itemFieldId int8 not null primary key,
	itemId int8,
	name varchar(75),
	values_ lvarchar,
	description lvarchar
)
extent size 16 next size 16
lock mode row;

create table ShoppingItemPrice (
	itemPriceId int8 not null primary key,
	itemId int8,
	minQuantity int,
	maxQuantity int,
	price float,
	discount float,
	taxable boolean,
	shipping float,
	useShippingFormula boolean,
	status int
)
extent size 16 next size 16
lock mode row;

create table ShoppingOrder (
	orderId int8 not null primary key,
	groupId int8,
	companyId int8,
	userId int8,
	userName varchar(75),
	createDate datetime YEAR TO FRACTION,
	modifiedDate datetime YEAR TO FRACTION,
	number_ varchar(75),
	tax float,
	shipping float,
	altShipping varchar(75),
	requiresShipping boolean,
	insure boolean,
	insurance float,
	couponCodes varchar(75),
	couponDiscount float,
	billingFirstName varchar(75),
	billingLastName varchar(75),
	billingEmailAddress varchar(75),
	billingCompany varchar(75),
	billingStreet varchar(75),
	billingCity varchar(75),
	billingState varchar(75),
	billingZip varchar(75),
	billingCountry varchar(75),
	billingPhone varchar(75),
	shipToBilling boolean,
	shippingFirstName varchar(75),
	shippingLastName varchar(75),
	shippingEmailAddress varchar(75),
	shippingCompany varchar(75),
	shippingStreet varchar(75),
	shippingCity varchar(75),
	shippingState varchar(75),
	shippingZip varchar(75),
	shippingCountry varchar(75),
	shippingPhone varchar(75),
	ccName varchar(75),
	ccType varchar(75),
	ccNumber varchar(75),
	ccExpMonth int,
	ccExpYear int,
	ccVerNumber varchar(75),
	comments lvarchar,
	ppTxnId varchar(75),
	ppPaymentStatus varchar(75),
	ppPaymentGross float,
	ppReceiverEmail varchar(75),
	ppPayerEmail varchar(75),
	sendOrderEmail boolean,
	sendShippingEmail boolean
)
extent size 16 next size 16
lock mode row;

create table ShoppingOrderItem (
	orderItemId int8 not null primary key,
	orderId int8,
	itemId varchar(75),
	sku varchar(75),
	name varchar(200),
	description lvarchar,
	properties lvarchar,
	price float,
	quantity int,
	shippedDate datetime YEAR TO FRACTION
)
extent size 16 next size 16
lock mode row;

create table Subscription (
	subscriptionId int8 not null primary key,
	companyId int8,
	userId int8,
	userName varchar(75),
	createDate datetime YEAR TO FRACTION,
	modifiedDate datetime YEAR TO FRACTION,
	classNameId int8,
	classPK int8,
	frequency varchar(75)
)
extent size 16 next size 16
lock mode row;

create table TagsAsset (
	assetId int8 not null primary key,
	groupId int8,
	companyId int8,
	userId int8,
	userName varchar(75),
	createDate datetime YEAR TO FRACTION,
	modifiedDate datetime YEAR TO FRACTION,
	classNameId int8,
	classPK int8,
	startDate datetime YEAR TO FRACTION,
	endDate datetime YEAR TO FRACTION,
	publishDate datetime YEAR TO FRACTION,
	expirationDate datetime YEAR TO FRACTION,
	mimeType varchar(75),
	title lvarchar(300),
	description lvarchar,
	summary lvarchar,
	url lvarchar,
	height int,
	width int,
	priority float,
	viewCount int
)
extent size 16 next size 16
lock mode row;

create table TagsAssets_TagsEntries (
	assetId int8 not null,
	entryId int8 not null,
	primary key (assetId, entryId)
)
extent size 16 next size 16
lock mode row;

create table TagsEntry (
	entryId int8 not null primary key,
	companyId int8,
	userId int8,
	userName varchar(75),
	createDate datetime YEAR TO FRACTION,
	modifiedDate datetime YEAR TO FRACTION,
	name varchar(75)
)
extent size 16 next size 16
lock mode row;

create table TagsProperty (
	propertyId int8 not null primary key,
	companyId int8,
	userId int8,
	userName varchar(75),
	createDate datetime YEAR TO FRACTION,
	modifiedDate datetime YEAR TO FRACTION,
	entryId int8,
	key_ varchar(75),
	value lvarchar(300)
)
extent size 16 next size 16
lock mode row;

create table TagsSource (
	sourceId int8 not null primary key,
	parentSourceId int8,
	name varchar(75),
	acronym varchar(75)
)
extent size 16 next size 16
lock mode row;

create table User_ (
	uuid_ varchar(75),
	userId int8 not null primary key,
	companyId int8,
	createDate datetime YEAR TO FRACTION,
	modifiedDate datetime YEAR TO FRACTION,
	defaultUser boolean,
	contactId int8,
	password_ varchar(75),
	passwordEncrypted boolean,
	passwordReset boolean,
	passwordModifiedDate datetime YEAR TO FRACTION,
	graceLoginCount int,
	screenName varchar(75),
	emailAddress varchar(75),
	portraitId int8,
	languageId varchar(75),
	timeZoneId varchar(75),
	greeting varchar(75),
	comments lvarchar,
	loginDate datetime YEAR TO FRACTION,
	loginIP varchar(75),
	lastLoginDate datetime YEAR TO FRACTION,
	lastLoginIP varchar(75),
	lastFailedLoginDate datetime YEAR TO FRACTION,
	failedLoginAttempts int,
	lockout boolean,
	lockoutDate datetime YEAR TO FRACTION,
	agreedToTermsOfUse boolean,
	active_ boolean
)
extent size 16 next size 16
lock mode row;

create table UserGroup (
	userGroupId int8 not null primary key,
	companyId int8,
	parentUserGroupId int8,
	name varchar(75),
	description lvarchar
)
extent size 16 next size 16
lock mode row;

create table UserGroupRole (
	userId int8 not null,
	groupId int8 not null,
	roleId int8 not null,
	primary key (userId, groupId, roleId)
)
extent size 16 next size 16
lock mode row;

create table UserIdMapper (
	userIdMapperId int8 not null primary key,
	userId int8,
	type_ varchar(75),
	description varchar(75),
	externalUserId varchar(75)
)
extent size 16 next size 16
lock mode row;

create table Users_Groups (
	userId int8 not null,
	groupId int8 not null,
	primary key (userId, groupId)
)
extent size 16 next size 16
lock mode row;

create table Users_Orgs (
	userId int8 not null,
	organizationId int8 not null,
	primary key (userId, organizationId)
)
extent size 16 next size 16
lock mode row;

create table Users_Permissions (
	userId int8 not null,
	permissionId int8 not null,
	primary key (userId, permissionId)
)
extent size 16 next size 16
lock mode row;

create table Users_Roles (
	userId int8 not null,
	roleId int8 not null,
	primary key (userId, roleId)
)
extent size 16 next size 16
lock mode row;

create table Users_UserGroups (
	userId int8 not null,
	userGroupId int8 not null,
	primary key (userId, userGroupId)
)
extent size 16 next size 16
lock mode row;

create table UserTracker (
	userTrackerId int8 not null primary key,
	companyId int8,
	userId int8,
	modifiedDate datetime YEAR TO FRACTION,
	sessionId varchar(200),
	remoteAddr varchar(75),
	remoteHost varchar(75),
	userAgent varchar(200)
)
extent size 16 next size 16
lock mode row;

create table UserTrackerPath (
	userTrackerPathId int8 not null primary key,
	userTrackerId int8,
	path_ lvarchar,
	pathDate datetime YEAR TO FRACTION
)
extent size 16 next size 16
lock mode row;

create table WebDAVProps (
	webDavPropsId int8 not null primary key,
	companyId int8,
	createDate datetime YEAR TO FRACTION,
	modifiedDate datetime YEAR TO FRACTION,
	classNameId int8,
	classPK int8,
	props text
)
extent size 16 next size 16
lock mode row;

create table Website (
	websiteId int8 not null primary key,
	companyId int8,
	userId int8,
	userName varchar(75),
	createDate datetime YEAR TO FRACTION,
	modifiedDate datetime YEAR TO FRACTION,
	classNameId int8,
	classPK int8,
	url lvarchar,
	typeId int,
	primary_ boolean
)
extent size 16 next size 16
lock mode row;

create table WikiNode (
	uuid_ varchar(75),
	nodeId int8 not null primary key,
	groupId int8,
	companyId int8,
	userId int8,
	userName varchar(75),
	createDate datetime YEAR TO FRACTION,
	modifiedDate datetime YEAR TO FRACTION,
	name varchar(75),
	description lvarchar,
	lastPostDate datetime YEAR TO FRACTION
)
extent size 16 next size 16
lock mode row;

create table WikiPage (
	uuid_ varchar(75),
	pageId int8 not null primary key,
	resourcePrimKey int8,
	companyId int8,
	userId int8,
	userName varchar(75),
	createDate datetime YEAR TO FRACTION,
	nodeId int8,
	title varchar(75),
	version float,
	content text,
	format varchar(75),
	head boolean
)
extent size 16 next size 16
lock mode row;

create table WikiPageResource (
	resourcePrimKey int8 not null primary key,
	nodeId int8,
	title varchar(75)
)
extent size 16 next size 16
lock mode row;



insert into Country (countryId, name, a2, a3, number_, idd_, active_) values (1, 'Canada', 'CA', 'CAN', '124', '001', 'T');
insert into Country (countryId, name, a2, a3, number_, idd_, active_) values (2, 'China', 'CN', 'CHN', '156', '086', 'T');
insert into Country (countryId, name, a2, a3, number_, idd_, active_) values (3, 'France', 'FR', 'FRA', '250', '033', 'T');
insert into Country (countryId, name, a2, a3, number_, idd_, active_) values (4, 'Germany', 'DE', 'DEU', '276', '049', 'T');
insert into Country (countryId, name, a2, a3, number_, idd_, active_) values (5, 'Hong Kong', 'HK', 'HKG', '344', '852', 'T');
insert into Country (countryId, name, a2, a3, number_, idd_, active_) values (6, 'Hungary', 'HU', 'HUN', '348', '036', 'T');
insert into Country (countryId, name, a2, a3, number_, idd_, active_) values (7, 'Israel', 'IL', 'ISR', '376', '972', 'T');
insert into Country (countryId, name, a2, a3, number_, idd_, active_) values (8, 'Italy', 'IT', 'ITA', '380', '039', 'T');
insert into Country (countryId, name, a2, a3, number_, idd_, active_) values (9, 'Japan', 'JP', 'JPN', '392', '081', 'T');
insert into Country (countryId, name, a2, a3, number_, idd_, active_) values (10, 'South Korea', 'KP', 'KOR', '410', '082', 'T');
insert into Country (countryId, name, a2, a3, number_, idd_, active_) values (11, 'Netherlands', 'NL', 'NLD', '528', '031', 'T');
insert into Country (countryId, name, a2, a3, number_, idd_, active_) values (12, 'Portugal', 'PT', 'PRT', '620', '351', 'T');
insert into Country (countryId, name, a2, a3, number_, idd_, active_) values (13, 'Russia', 'RU', 'RUS', '643', '007', 'T');
insert into Country (countryId, name, a2, a3, number_, idd_, active_) values (14, 'Singapore', 'SG', 'SGP', '702', '065', 'T');
insert into Country (countryId, name, a2, a3, number_, idd_, active_) values (15, 'Spain', 'ES', 'ESP', '724', '034', 'T');
insert into Country (countryId, name, a2, a3, number_, idd_, active_) values (16, 'Turkey', 'TR', 'TUR', '792', '090', 'T');
insert into Country (countryId, name, a2, a3, number_, idd_, active_) values (17, 'Vietnam', 'VM', 'VNM', '704', '084', 'T');
insert into Country (countryId, name, a2, a3, number_, idd_, active_) values (18, 'United Kingdom', 'GB', 'GBR', '826', '044', 'T');
insert into Country (countryId, name, a2, a3, number_, idd_, active_) values (19, 'United States', 'US', 'USA', '840', '001', 'T');
insert into Country (countryId, name, a2, a3, number_, idd_, active_) values (20, 'Afghanistan', 'AF', 'AFG', '4', '093', 'T');
insert into Country (countryId, name, a2, a3, number_, idd_, active_) values (21, 'Albania', 'AL', 'ALB', '8', '355', 'T');
insert into Country (countryId, name, a2, a3, number_, idd_, active_) values (22, 'Algeria', 'DZ', 'DZA', '12', '213', 'T');
insert into Country (countryId, name, a2, a3, number_, idd_, active_) values (23, 'American Samoa', 'AS', 'ASM', '16', '684', 'T');
insert into Country (countryId, name, a2, a3, number_, idd_, active_) values (24, 'Andorra', 'AD', 'AND', '20', '376', 'T');
insert into Country (countryId, name, a2, a3, number_, idd_, active_) values (25, 'Angola', 'AO', 'AGO', '24', '244', 'T');
insert into Country (countryId, name, a2, a3, number_, idd_, active_) values (26, 'Anguilla', 'AI', 'AIA', '660', '264', 'T');
insert into Country (countryId, name, a2, a3, number_, idd_, active_) values (27, 'Antarctica', 'AQ', 'ATA', '10', '672', 'T');
insert into Country (countryId, name, a2, a3, number_, idd_, active_) values (28, 'Antigua', 'AG', 'ATG', '28', '268', 'T');
insert into Country (countryId, name, a2, a3, number_, idd_, active_) values (29, 'Argentina', 'AR', 'ARG', '32', '054', 'T');
insert into Country (countryId, name, a2, a3, number_, idd_, active_) values (30, 'Armenia', 'AM', 'ARM', '51', '374', 'T');
insert into Country (countryId, name, a2, a3, number_, idd_, active_) values (31, 'Aruba', 'AW', 'ABW', '533', '297', 'T');
insert into Country (countryId, name, a2, a3, number_, idd_, active_) values (32, 'Australia', 'AU', 'AUS', '36', '061', 'T');
insert into Country (countryId, name, a2, a3, number_, idd_, active_) values (33, 'Austria', 'AT', 'AUT', '40', '043', 'T');
insert into Country (countryId, name, a2, a3, number_, idd_, active_) values (34, 'Azerbaijan', 'AZ', 'AZE', '31', '994', 'T');
insert into Country (countryId, name, a2, a3, number_, idd_, active_) values (35, 'Bahamas', 'BS', 'BHS', '44', '242', 'T');
insert into Country (countryId, name, a2, a3, number_, idd_, active_) values (36, 'Bahrain', 'BH', 'BHR', '48', '973', 'T');
insert into Country (countryId, name, a2, a3, number_, idd_, active_) values (37, 'Bangladesh', 'BD', 'BGD', '50', '880', 'T');
insert into Country (countryId, name, a2, a3, number_, idd_, active_) values (38, 'Barbados', 'BB', 'BRB', '52', '246', 'T');
insert into Country (countryId, name, a2, a3, number_, idd_, active_) values (39, 'Belarus', 'BY', 'BLR', '112', '375', 'T');
insert into Country (countryId, name, a2, a3, number_, idd_, active_) values (40, 'Belgium', 'BE', 'BEL', '56', '032', 'T');
insert into Country (countryId, name, a2, a3, number_, idd_, active_) values (41, 'Belize', 'BZ', 'BLZ', '84', '501', 'T');
insert into Country (countryId, name, a2, a3, number_, idd_, active_) values (42, 'Benin', 'BJ', 'BEN', '204', '229', 'T');
insert into Country (countryId, name, a2, a3, number_, idd_, active_) values (43, 'Bermuda', 'BM', 'BMU', '60', '441', 'T');
insert into Country (countryId, name, a2, a3, number_, idd_, active_) values (44, 'Bhutan', 'BT', 'BTN', '64', '975', 'T');
insert into Country (countryId, name, a2, a3, number_, idd_, active_) values (45, 'Bolivia', 'BO', 'BOL', '68', '591', 'T');
insert into Country (countryId, name, a2, a3, number_, idd_, active_) values (46, 'Bosnia-Herzegovina', 'BA', 'BIH', '70', '387', 'T');
insert into Country (countryId, name, a2, a3, number_, idd_, active_) values (47, 'Botswana', 'BW', 'BWA', '72', '267', 'T');
insert into Country (countryId, name, a2, a3, number_, idd_, active_) values (48, 'Brazil', 'BR', 'BRA', '76', '055', 'T');
insert into Country (countryId, name, a2, a3, number_, idd_, active_) values (49, 'British Virgin Islands', 'VG', 'VGB', '92', '284', 'T');
insert into Country (countryId, name, a2, a3, number_, idd_, active_) values (50, 'Brunei', 'BN', 'BRN', '96', '673', 'T');
insert into Country (countryId, name, a2, a3, number_, idd_, active_) values (51, 'Bulgaria', 'BG', 'BGR', '100', '359', 'T');
insert into Country (countryId, name, a2, a3, number_, idd_, active_) values (52, 'Burkina Faso', 'BF', 'BFA', '854', '226', 'T');
insert into Country (countryId, name, a2, a3, number_, idd_, active_) values (53, 'Burma (Myanmar)', 'MM', 'MMR', '104', '095', 'T');
insert into Country (countryId, name, a2, a3, number_, idd_, active_) values (54, 'Burundi', 'BI', 'BDI', '108', '257', 'T');
insert into Country (countryId, name, a2, a3, number_, idd_, active_) values (55, 'Cambodia', 'KH', 'KHM', '116', '855', 'T');
insert into Country (countryId, name, a2, a3, number_, idd_, active_) values (56, 'Cameroon', 'CM', 'CMR', '120', '237', 'T');
insert into Country (countryId, name, a2, a3, number_, idd_, active_) values (57, 'Cape Verde Island', 'CV', 'CPV', '132', '238', 'T');
insert into Country (countryId, name, a2, a3, number_, idd_, active_) values (58, 'Cayman Islands', 'KY', 'CYM', '136', '345', 'T');
insert into Country (countryId, name, a2, a3, number_, idd_, active_) values (59, 'Central African Republic', 'CF', 'CAF', '140', '236', 'T');
insert into Country (countryId, name, a2, a3, number_, idd_, active_) values (60, 'Chad', 'TD', 'TCD', '148', '235', 'T');
insert into Country (countryId, name, a2, a3, number_, idd_, active_) values (61, 'Chile', 'CL', 'CHL', '152', '056', 'T');
insert into Country (countryId, name, a2, a3, number_, idd_, active_) values (62, 'Christmas Island', 'CX', 'CXR', '162', '061', 'T');
insert into Country (countryId, name, a2, a3, number_, idd_, active_) values (63, 'Cocos Islands', 'CC', 'CCK', '166', '061', 'T');
insert into Country (countryId, name, a2, a3, number_, idd_, active_) values (64, 'Colombia', 'CO', 'COL', '170', '057', 'T');
insert into Country (countryId, name, a2, a3, number_, idd_, active_) values (65, 'Comoros', 'KM', 'COM', '174', '269', 'T');
insert into Country (countryId, name, a2, a3, number_, idd_, active_) values (66, 'Republic of Congo', 'CD', 'COD', '180', '242', 'T');
insert into Country (countryId, name, a2, a3, number_, idd_, active_) values (67, 'Democratic Republic of Congo', 'CG', 'COG', '178', '243', 'T');
insert into Country (countryId, name, a2, a3, number_, idd_, active_) values (68, 'Cook Islands', 'CK', 'COK', '184', '682', 'T');
insert into Country (countryId, name, a2, a3, number_, idd_, active_) values (69, 'Costa Rica', 'CI', 'CRI', '188', '506', 'T');
insert into Country (countryId, name, a2, a3, number_, idd_, active_) values (70, 'Croatia', 'HR', 'HRV', '191', '385', 'T');
insert into Country (countryId, name, a2, a3, number_, idd_, active_) values (71, 'Cuba', 'CU', 'CUB', '192', '053', 'T');
insert into Country (countryId, name, a2, a3, number_, idd_, active_) values (72, 'Cyprus', 'CY', 'CYP', '196', '357', 'T');
insert into Country (countryId, name, a2, a3, number_, idd_, active_) values (73, 'Czech Republic', 'CZ', 'CZE', '203', '420', 'T');
insert into Country (countryId, name, a2, a3, number_, idd_, active_) values (74, 'Denmark', 'DK', 'DNK', '208', '045', 'T');
insert into Country (countryId, name, a2, a3, number_, idd_, active_) values (75, 'Djibouti', 'DJ', 'DJI', '262', '253', 'T');
insert into Country (countryId, name, a2, a3, number_, idd_, active_) values (76, 'Dominica', 'DM', 'DMA', '212', '767', 'T');
insert into Country (countryId, name, a2, a3, number_, idd_, active_) values (77, 'Dominican Republic', 'DO', 'DOM', '214', '809', 'T');
insert into Country (countryId, name, a2, a3, number_, idd_, active_) values (78, 'Ecuador', 'EC', 'ECU', '218', '593', 'T');
insert into Country (countryId, name, a2, a3, number_, idd_, active_) values (79, 'Egypt', 'EG', 'EGY', '818', '020', 'T');
insert into Country (countryId, name, a2, a3, number_, idd_, active_) values (80, 'El Salvador', 'SV', 'SLV', '222', '503', 'T');
insert into Country (countryId, name, a2, a3, number_, idd_, active_) values (81, 'Equatorial Guinea', 'GQ', 'GNQ', '226', '240', 'T');
insert into Country (countryId, name, a2, a3, number_, idd_, active_) values (82, 'Eritrea', 'ER', 'ERI', '232', '291', 'T');
insert into Country (countryId, name, a2, a3, number_, idd_, active_) values (83, 'Estonia', 'EE', 'EST', '233', '372', 'T');
insert into Country (countryId, name, a2, a3, number_, idd_, active_) values (84, 'Ethiopia', 'ET', 'ETH', '231', '251', 'T');
insert into Country (countryId, name, a2, a3, number_, idd_, active_) values (85, 'Faeroe Islands', 'FO', 'FRO', '234', '298', 'T');
insert into Country (countryId, name, a2, a3, number_, idd_, active_) values (86, 'Falkland Islands', 'FK', 'FLK', '238', '500', 'T');
insert into Country (countryId, name, a2, a3, number_, idd_, active_) values (87, 'Fiji Islands', 'FJ', 'FJI', '242', '679', 'T');
insert into Country (countryId, name, a2, a3, number_, idd_, active_) values (88, 'Finland', 'FI', 'FIN', '246', '358', 'T');
insert into Country (countryId, name, a2, a3, number_, idd_, active_) values (89, 'French Guiana', 'GF', 'GUF', '254', '594', 'T');
insert into Country (countryId, name, a2, a3, number_, idd_, active_) values (90, 'French Polynesia', 'PF', 'PYF', '258', '689', 'T');
insert into Country (countryId, name, a2, a3, number_, idd_, active_) values (91, 'Gabon', 'GA', 'GAB', '266', '241', 'T');
insert into Country (countryId, name, a2, a3, number_, idd_, active_) values (92, 'Gambia', 'GM', 'GMB', '270', '220', 'T');
insert into Country (countryId, name, a2, a3, number_, idd_, active_) values (93, 'Georgia', 'GE', 'GEO', '268', '995', 'T');
insert into Country (countryId, name, a2, a3, number_, idd_, active_) values (94, 'Ghana', 'GH', 'GHA', '288', '233', 'T');
insert into Country (countryId, name, a2, a3, number_, idd_, active_) values (95, 'Gibraltar', 'GI', 'GIB', '292', '350', 'T');
insert into Country (countryId, name, a2, a3, number_, idd_, active_) values (96, 'Greece', 'GR', 'GRC', '300', '030', 'T');
insert into Country (countryId, name, a2, a3, number_, idd_, active_) values (97, 'Greenland', 'GL', 'GRL', '304', '299', 'T');
insert into Country (countryId, name, a2, a3, number_, idd_, active_) values (98, 'Grenada', 'GD', 'GRD', '308', '473', 'T');
insert into Country (countryId, name, a2, a3, number_, idd_, active_) values (99, 'Guadeloupe', 'GP', 'GLP', '312', '590', 'T');
insert into Country (countryId, name, a2, a3, number_, idd_, active_) values (100, 'Guam', 'GU', 'GUM', '316', '671', 'T');
insert into Country (countryId, name, a2, a3, number_, idd_, active_) values (101, 'Guatemala', 'GT', 'GTM', '320', '502', 'T');
insert into Country (countryId, name, a2, a3, number_, idd_, active_) values (102, 'Guinea', 'GN', 'GIN', '324', '224', 'T');
insert into Country (countryId, name, a2, a3, number_, idd_, active_) values (103, 'Guinea-Bissau', 'GW', 'GNB', '624', '245', 'T');
insert into Country (countryId, name, a2, a3, number_, idd_, active_) values (104, 'Guyana', 'GY', 'GUY', '328', '592', 'T');
insert into Country (countryId, name, a2, a3, number_, idd_, active_) values (105, 'Haiti', 'HT', 'HTI', '332', '509', 'T');
insert into Country (countryId, name, a2, a3, number_, idd_, active_) values (106, 'Honduras', 'HN', 'HND', '340', '504', 'T');
insert into Country (countryId, name, a2, a3, number_, idd_, active_) values (107, 'Iceland', 'IS', 'ISL', '352', '354', 'T');
insert into Country (countryId, name, a2, a3, number_, idd_, active_) values (108, 'India', 'IN', 'IND', '356', '091', 'T');
insert into Country (countryId, name, a2, a3, number_, idd_, active_) values (109, 'Indonesia', 'ID', 'IDN', '360', '062', 'T');
insert into Country (countryId, name, a2, a3, number_, idd_, active_) values (110, 'Iran', 'IR', 'IRN', '364', '098', 'T');
insert into Country (countryId, name, a2, a3, number_, idd_, active_) values (111, 'Iraq', 'IQ', 'IRQ', '368', '964', 'T');
insert into Country (countryId, name, a2, a3, number_, idd_, active_) values (112, 'Ireland', 'IE', 'IRL', '372', '353', 'T');
insert into Country (countryId, name, a2, a3, number_, idd_, active_) values (113, 'Ivory Coast', 'CI', 'CIV', '384', '225', 'T');
insert into Country (countryId, name, a2, a3, number_, idd_, active_) values (114, 'Jamaica', 'JM', 'JAM', '388', '876', 'T');
insert into Country (countryId, name, a2, a3, number_, idd_, active_) values (115, 'Jordan', 'JO', 'JOR', '400', '962', 'T');
insert into Country (countryId, name, a2, a3, number_, idd_, active_) values (116, 'Kazakhstan', 'KZ', 'KAZ', '398', '007', 'T');
insert into Country (countryId, name, a2, a3, number_, idd_, active_) values (117, 'Kenya', 'KE', 'KEN', '404', '254', 'T');
insert into Country (countryId, name, a2, a3, number_, idd_, active_) values (118, 'Kiribati', 'KI', 'KIR', '408', '686', 'T');
insert into Country (countryId, name, a2, a3, number_, idd_, active_) values (119, 'Kuwait', 'KW', 'KWT', '414', '965', 'T');
insert into Country (countryId, name, a2, a3, number_, idd_, active_) values (120, 'North Korea', 'KP', 'PRK', '408', '850', 'T');
insert into Country (countryId, name, a2, a3, number_, idd_, active_) values (121, 'Kyrgyzstan', 'KG', 'KGZ', '471', '996', 'T');
insert into Country (countryId, name, a2, a3, number_, idd_, active_) values (122, 'Laos', 'LA', 'LAO', '418', '856', 'T');
insert into Country (countryId, name, a2, a3, number_, idd_, active_) values (123, 'Latvia', 'LV', 'LVA', '428', '371', 'T');
insert into Country (countryId, name, a2, a3, number_, idd_, active_) values (124, 'Lebanon', 'LB', 'LBN', '422', '961', 'T');
insert into Country (countryId, name, a2, a3, number_, idd_, active_) values (125, 'Lesotho', 'LS', 'LSO', '426', '266', 'T');
insert into Country (countryId, name, a2, a3, number_, idd_, active_) values (126, 'Liberia', 'LR', 'LBR', '430', '231', 'T');
insert into Country (countryId, name, a2, a3, number_, idd_, active_) values (127, 'Libya', 'LY', 'LBY', '434', '218', 'T');
insert into Country (countryId, name, a2, a3, number_, idd_, active_) values (128, 'Liechtenstein', 'LI', 'LIE', '438', '423', 'T');
insert into Country (countryId, name, a2, a3, number_, idd_, active_) values (129, 'Lithuania', 'LT', 'LTU', '440', '370', 'T');
insert into Country (countryId, name, a2, a3, number_, idd_, active_) values (130, 'Luxembourg', 'LU', 'LUX', '442', '352', 'T');
insert into Country (countryId, name, a2, a3, number_, idd_, active_) values (131, 'Macau', 'MO', 'MAC', '446', '853', 'T');
insert into Country (countryId, name, a2, a3, number_, idd_, active_) values (132, 'Macedonia', 'MK', 'MKD', '807', '389', 'T');
insert into Country (countryId, name, a2, a3, number_, idd_, active_) values (133, 'Madagascar', 'MG', 'MDG', '450', '261', 'T');
insert into Country (countryId, name, a2, a3, number_, idd_, active_) values (134, 'Malawi', 'MW', 'MWI', '454', '265', 'T');
insert into Country (countryId, name, a2, a3, number_, idd_, active_) values (135, 'Malaysia', 'MY', 'MYS', '458', '060', 'T');
insert into Country (countryId, name, a2, a3, number_, idd_, active_) values (136, 'Maldives', 'MV', 'MDV', '462', '960', 'T');
insert into Country (countryId, name, a2, a3, number_, idd_, active_) values (137, 'Mali', 'ML', 'MLI', '466', '223', 'T');
insert into Country (countryId, name, a2, a3, number_, idd_, active_) values (138, 'Malta', 'MT', 'MLT', '470', '356', 'T');
insert into Country (countryId, name, a2, a3, number_, idd_, active_) values (139, 'Marshall Islands', 'MH', 'MHL', '584', '692', 'T');
insert into Country (countryId, name, a2, a3, number_, idd_, active_) values (140, 'Martinique', 'MQ', 'MTQ', '474', '596', 'T');
insert into Country (countryId, name, a2, a3, number_, idd_, active_) values (141, 'Mauritania', 'MR', 'MRT', '478', '222', 'T');
insert into Country (countryId, name, a2, a3, number_, idd_, active_) values (142, 'Mauritius', 'MU', 'MUS', '480', '230', 'T');
insert into Country (countryId, name, a2, a3, number_, idd_, active_) values (143, 'Mayotte Island', 'YT', 'MYT', '175', '269', 'T');
insert into Country (countryId, name, a2, a3, number_, idd_, active_) values (144, 'Mexico', 'MX', 'MEX', '484', '052', 'T');
insert into Country (countryId, name, a2, a3, number_, idd_, active_) values (145, 'Micronesia', 'FM', 'FSM', '583', '691', 'T');
insert into Country (countryId, name, a2, a3, number_, idd_, active_) values (146, 'Moldova', 'MD', 'MDA', '498', '373', 'T');
insert into Country (countryId, name, a2, a3, number_, idd_, active_) values (147, 'Monaco', 'MC', 'MCO', '492', '377', 'T');
insert into Country (countryId, name, a2, a3, number_, idd_, active_) values (148, 'Mongolia', 'MN', 'MNG', '496', '976', 'T');
insert into Country (countryId, name, a2, a3, number_, idd_, active_) values (149, 'Montserrat', 'MS', 'MSR', '500', '664', 'T');
insert into Country (countryId, name, a2, a3, number_, idd_, active_) values (150, 'Morocco', 'MA', 'MAR', '504', '212', 'T');
insert into Country (countryId, name, a2, a3, number_, idd_, active_) values (151, 'Mozambique', 'MZ', 'MOZ', '508', '258', 'T');
insert into Country (countryId, name, a2, a3, number_, idd_, active_) values (152, 'Myanmar (Burma)', 'MM', 'MMR', '104', '095', 'T');
insert into Country (countryId, name, a2, a3, number_, idd_, active_) values (153, 'Namibia', 'NA', 'NAM', '516', '264', 'T');
insert into Country (countryId, name, a2, a3, number_, idd_, active_) values (154, 'Nauru', 'NR', 'NRU', '520', '674', 'T');
insert into Country (countryId, name, a2, a3, number_, idd_, active_) values (155, 'Nepal', 'NP', 'NPL', '524', '977', 'T');
insert into Country (countryId, name, a2, a3, number_, idd_, active_) values (156, 'Netherlands Antilles', 'AN', 'ANT', '530', '599', 'T');
insert into Country (countryId, name, a2, a3, number_, idd_, active_) values (157, 'New Caledonia', 'NC', 'NCL', '540', '687', 'T');
insert into Country (countryId, name, a2, a3, number_, idd_, active_) values (158, 'New Zealand', 'NZ', 'NZL', '554', '064', 'T');
insert into Country (countryId, name, a2, a3, number_, idd_, active_) values (159, 'Nicaragua', 'NE', 'NER', '558', '505', 'T');
insert into Country (countryId, name, a2, a3, number_, idd_, active_) values (160, 'Niger', 'NE', 'NER', '562', '227', 'T');
insert into Country (countryId, name, a2, a3, number_, idd_, active_) values (161, 'Nigeria', 'NG', 'NGA', '566', '234', 'T');
insert into Country (countryId, name, a2, a3, number_, idd_, active_) values (162, 'Niue', 'NU', 'NIU', '570', '683', 'T');
insert into Country (countryId, name, a2, a3, number_, idd_, active_) values (163, 'Norfolk Island', 'NF', 'NFK', '574', '672', 'T');
insert into Country (countryId, name, a2, a3, number_, idd_, active_) values (164, 'Norway', 'NO', 'NOR', '578', '047', 'T');
insert into Country (countryId, name, a2, a3, number_, idd_, active_) values (165, 'Oman', 'OM', 'OMN', '512', '968', 'T');
insert into Country (countryId, name, a2, a3, number_, idd_, active_) values (166, 'Pakistan', 'PK', 'PAK', '586', '092', 'T');
insert into Country (countryId, name, a2, a3, number_, idd_, active_) values (167, 'Palau', 'PW', 'PLW', '585', '680', 'T');
insert into Country (countryId, name, a2, a3, number_, idd_, active_) values (168, 'Palestine', 'PS', 'PSE', '275', '970', 'T');
insert into Country (countryId, name, a2, a3, number_, idd_, active_) values (169, 'Panama', 'PA', 'PAN', '591', '507', 'T');
insert into Country (countryId, name, a2, a3, number_, idd_, active_) values (170, 'Papua New Guinea', 'PG', 'PNG', '598', '675', 'T');
insert into Country (countryId, name, a2, a3, number_, idd_, active_) values (171, 'Paraguay', 'PY', 'PRY', '600', '595', 'T');
insert into Country (countryId, name, a2, a3, number_, idd_, active_) values (172, 'Peru', 'PE', 'PER', '604', '051', 'T');
insert into Country (countryId, name, a2, a3, number_, idd_, active_) values (173, 'Philippines', 'PH', 'PHL', '608', '063', 'T');
insert into Country (countryId, name, a2, a3, number_, idd_, active_) values (174, 'Poland', 'PL', 'POL', '616', '048', 'T');
insert into Country (countryId, name, a2, a3, number_, idd_, active_) values (175, 'Puerto Rico', 'PR', 'PRI', '630', '787', 'T');
insert into Country (countryId, name, a2, a3, number_, idd_, active_) values (176, 'Qatar', 'QA', 'QAT', '634', '974', 'T');
insert into Country (countryId, name, a2, a3, number_, idd_, active_) values (177, 'Reunion Island', 'RE', 'REU', '638', '262', 'T');
insert into Country (countryId, name, a2, a3, number_, idd_, active_) values (178, 'Romania', 'RO', 'ROU', '642', '040', 'T');
insert into Country (countryId, name, a2, a3, number_, idd_, active_) values (179, 'Rwanda', 'RW', 'RWA', '646', '250', 'T');
insert into Country (countryId, name, a2, a3, number_, idd_, active_) values (180, 'St. Helena', 'SH', 'SHN', '654', '290', 'T');
insert into Country (countryId, name, a2, a3, number_, idd_, active_) values (181, 'St. Kitts', 'KN', 'KNA', '659', '869', 'T');
insert into Country (countryId, name, a2, a3, number_, idd_, active_) values (182, 'St. Lucia', 'LC', 'LCA', '662', '758', 'T');
insert into Country (countryId, name, a2, a3, number_, idd_, active_) values (183, 'St. Pierre & Miquelon', 'PM', 'SPM', '666', '508', 'T');
insert into Country (countryId, name, a2, a3, number_, idd_, active_) values (184, 'St. Vincent', 'VC', 'VCT', '670', '784', 'T');
insert into Country (countryId, name, a2, a3, number_, idd_, active_) values (185, 'San Marino', 'SM', 'SMR', '674', '378', 'T');
insert into Country (countryId, name, a2, a3, number_, idd_, active_) values (186, 'Sao Tome & Principe', 'ST', 'STP', '678', '239', 'T');
insert into Country (countryId, name, a2, a3, number_, idd_, active_) values (187, 'Saudi Arabia', 'SA', 'SAU', '682', '966', 'T');
insert into Country (countryId, name, a2, a3, number_, idd_, active_) values (188, 'Senegal', 'SN', 'SEN', '686', '221', 'T');
insert into Country (countryId, name, a2, a3, number_, idd_, active_) values (189, 'Serbia', 'CS', 'SCG', '891', '381', 'T');
insert into Country (countryId, name, a2, a3, number_, idd_, active_) values (190, 'Seychelles', 'SC', 'SYC', '690', '248', 'T');
insert into Country (countryId, name, a2, a3, number_, idd_, active_) values (191, 'Sierra Leone', 'SL', 'SLE', '694', '249', 'T');
insert into Country (countryId, name, a2, a3, number_, idd_, active_) values (192, 'Slovakia', 'SK', 'SVK', '703', '421', 'T');
insert into Country (countryId, name, a2, a3, number_, idd_, active_) values (193, 'Slovenia', 'SI', 'SVN', '705', '386', 'T');
insert into Country (countryId, name, a2, a3, number_, idd_, active_) values (194, 'Solomon Islands', 'SB', 'SLB', '90', '677', 'T');
insert into Country (countryId, name, a2, a3, number_, idd_, active_) values (195, 'Somalia', 'SO', 'SOM', '706', '252', 'T');
insert into Country (countryId, name, a2, a3, number_, idd_, active_) values (196, 'South Africa', 'ZA', 'ZAF', '710', '027', 'T');
insert into Country (countryId, name, a2, a3, number_, idd_, active_) values (197, 'Sri Lanka', 'LK', 'LKA', '144', '094', 'T');
insert into Country (countryId, name, a2, a3, number_, idd_, active_) values (198, 'Sudan', 'SD', 'SDN', '736', '095', 'T');
insert into Country (countryId, name, a2, a3, number_, idd_, active_) values (199, 'Suriname', 'SR', 'SUR', '740', '597', 'T');
insert into Country (countryId, name, a2, a3, number_, idd_, active_) values (200, 'Swaziland', 'SZ', 'SWZ', '748', '268', 'T');
insert into Country (countryId, name, a2, a3, number_, idd_, active_) values (201, 'Sweden', 'SE', 'SWE', '752', '046', 'T');
insert into Country (countryId, name, a2, a3, number_, idd_, active_) values (202, 'Switzerland', 'CH', 'CHE', '756', '041', 'T');
insert into Country (countryId, name, a2, a3, number_, idd_, active_) values (203, 'Syria', 'SY', 'SYR', '760', '963', 'T');
insert into Country (countryId, name, a2, a3, number_, idd_, active_) values (204, 'Taiwan', 'TW', 'TWN', '158', '886', 'T');
insert into Country (countryId, name, a2, a3, number_, idd_, active_) values (205, 'Tajikistan', 'TJ', 'TJK', '762', '992', 'T');
insert into Country (countryId, name, a2, a3, number_, idd_, active_) values (206, 'Tanzania', 'TZ', 'TZA', '834', '255', 'T');
insert into Country (countryId, name, a2, a3, number_, idd_, active_) values (207, 'Thailand', 'TH', 'THA', '764', '066', 'T');
insert into Country (countryId, name, a2, a3, number_, idd_, active_) values (208, 'Togo', 'TG', 'TGO', '768', '228', 'T');
insert into Country (countryId, name, a2, a3, number_, idd_, active_) values (209, 'Tonga', 'TO', 'TON', '776', '676', 'T');
insert into Country (countryId, name, a2, a3, number_, idd_, active_) values (210, 'Trinidad & Tobago', 'TT', 'TTO', '780', '868', 'T');
insert into Country (countryId, name, a2, a3, number_, idd_, active_) values (211, 'Tunisia', 'TN', 'TUN', '788', '216', 'T');
insert into Country (countryId, name, a2, a3, number_, idd_, active_) values (212, 'Turkmenistan', 'TM', 'TKM', '795', '993', 'T');
insert into Country (countryId, name, a2, a3, number_, idd_, active_) values (213, 'Turks & Caicos', 'TC', 'TCA', '796', '649', 'T');
insert into Country (countryId, name, a2, a3, number_, idd_, active_) values (214, 'Tuvalu', 'TV', 'TUV', '798', '688', 'T');
insert into Country (countryId, name, a2, a3, number_, idd_, active_) values (215, 'Uganda', 'UG', 'UGA', '800', '256', 'T');
insert into Country (countryId, name, a2, a3, number_, idd_, active_) values (216, 'Ukraine', 'UA', 'UKR', '804', '380', 'T');
insert into Country (countryId, name, a2, a3, number_, idd_, active_) values (217, 'United Arab Emirates', 'AE', 'ARE', '784', '971', 'T');
insert into Country (countryId, name, a2, a3, number_, idd_, active_) values (218, 'Uruguay', 'UY', 'URY', '858', '598', 'T');
insert into Country (countryId, name, a2, a3, number_, idd_, active_) values (219, 'Uzbekistan', 'UZ', 'UZB', '860', '998', 'T');
insert into Country (countryId, name, a2, a3, number_, idd_, active_) values (220, 'Vanuatu', 'VU', 'VUT', '548', '678', 'T');
insert into Country (countryId, name, a2, a3, number_, idd_, active_) values (221, 'Vatican City', 'VA', 'VAT', '336', '039', 'T');
insert into Country (countryId, name, a2, a3, number_, idd_, active_) values (222, 'Venezuela', 'VE', 'VEN', '862', '058', 'T');
insert into Country (countryId, name, a2, a3, number_, idd_, active_) values (223, 'Wallis & Futuna', 'WF', 'WLF', '876', '681', 'T');
insert into Country (countryId, name, a2, a3, number_, idd_, active_) values (224, 'Western Samoa', 'EH', 'ESH', '732', '685', 'T');
insert into Country (countryId, name, a2, a3, number_, idd_, active_) values (225, 'Yemen', 'YE', 'YEM', '887', '967', 'T');
insert into Country (countryId, name, a2, a3, number_, idd_, active_) values (226, 'Yugoslavia', 'MK', 'MKD', '446', '381', 'T');
insert into Country (countryId, name, a2, a3, number_, idd_, active_) values (227, 'Zambia', 'ZM', 'ZMB', '894', '260', 'T');
insert into Country (countryId, name, a2, a3, number_, idd_, active_) values (228, 'Zimbabwe', 'ZW', 'ZWE', '716', '263', 'T');

insert into Region (regionId, countryId, regionCode, name, active_) values (1, 19, 'AL', 'Alabama', 'T');
insert into Region (regionId, countryId, regionCode, name, active_) values (2, 19, 'AK', 'Alaska', 'T');
insert into Region (regionId, countryId, regionCode, name, active_) values (3, 19, 'AZ', 'Arizona', 'T');
insert into Region (regionId, countryId, regionCode, name, active_) values (4, 19, 'AR', 'Arkansas', 'T');
insert into Region (regionId, countryId, regionCode, name, active_) values (5, 19, 'CA', 'California', 'T');
insert into Region (regionId, countryId, regionCode, name, active_) values (6, 19, 'CO', 'Colorado', 'T');
insert into Region (regionId, countryId, regionCode, name, active_) values (7, 19, 'CT', 'Connecticut', 'T');
insert into Region (regionId, countryId, regionCode, name, active_) values (8, 19, 'DC', 'District of Columbia', 'T');
insert into Region (regionId, countryId, regionCode, name, active_) values (9, 19, 'DE', 'Delaware', 'T');
insert into Region (regionId, countryId, regionCode, name, active_) values (10, 19, 'FL', 'Florida', 'T');
insert into Region (regionId, countryId, regionCode, name, active_) values (11, 19, 'GA', 'Georgia', 'T');
insert into Region (regionId, countryId, regionCode, name, active_) values (12, 19, 'HI', 'Hawaii', 'T');
insert into Region (regionId, countryId, regionCode, name, active_) values (13, 19, 'ID', 'Idaho', 'T');
insert into Region (regionId, countryId, regionCode, name, active_) values (14, 19, 'IL', 'Illinois', 'T');
insert into Region (regionId, countryId, regionCode, name, active_) values (15, 19, 'IN', 'Indiana', 'T');
insert into Region (regionId, countryId, regionCode, name, active_) values (16, 19, 'IA', 'Iowa', 'T');
insert into Region (regionId, countryId, regionCode, name, active_) values (17, 19, 'KS', 'Kansas', 'T');
insert into Region (regionId, countryId, regionCode, name, active_) values (18, 19, 'KY', 'Kentucky ', 'T');
insert into Region (regionId, countryId, regionCode, name, active_) values (19, 19, 'LA', 'Louisiana ', 'T');
insert into Region (regionId, countryId, regionCode, name, active_) values (20, 19, 'ME', 'Maine', 'T');
insert into Region (regionId, countryId, regionCode, name, active_) values (21, 19, 'MD', 'Maryland', 'T');
insert into Region (regionId, countryId, regionCode, name, active_) values (22, 19, 'MA', 'Massachusetts', 'T');
insert into Region (regionId, countryId, regionCode, name, active_) values (23, 19, 'MI', 'Michigan', 'T');
insert into Region (regionId, countryId, regionCode, name, active_) values (24, 19, 'MN', 'Minnesota', 'T');
insert into Region (regionId, countryId, regionCode, name, active_) values (25, 19, 'MS', 'Mississippi', 'T');
insert into Region (regionId, countryId, regionCode, name, active_) values (26, 19, 'MO', 'Missouri', 'T');
insert into Region (regionId, countryId, regionCode, name, active_) values (27, 19, 'MT', 'Montana', 'T');
insert into Region (regionId, countryId, regionCode, name, active_) values (28, 19, 'NE', 'Nebraska', 'T');
insert into Region (regionId, countryId, regionCode, name, active_) values (29, 19, 'NV', 'Nevada', 'T');
insert into Region (regionId, countryId, regionCode, name, active_) values (30, 19, 'NH', 'New Hampshire', 'T');
insert into Region (regionId, countryId, regionCode, name, active_) values (31, 19, 'NJ', 'New Jersey', 'T');
insert into Region (regionId, countryId, regionCode, name, active_) values (32, 19, 'NM', 'New Mexico', 'T');
insert into Region (regionId, countryId, regionCode, name, active_) values (33, 19, 'NY', 'New York', 'T');
insert into Region (regionId, countryId, regionCode, name, active_) values (34, 19, 'NC', 'North Carolina', 'T');
insert into Region (regionId, countryId, regionCode, name, active_) values (35, 19, 'ND', 'North Dakota', 'T');
insert into Region (regionId, countryId, regionCode, name, active_) values (36, 19, 'OH', 'Ohio', 'T');
insert into Region (regionId, countryId, regionCode, name, active_) values (37, 19, 'OK', 'Oklahoma ', 'T');
insert into Region (regionId, countryId, regionCode, name, active_) values (38, 19, 'OR', 'Oregon', 'T');
insert into Region (regionId, countryId, regionCode, name, active_) values (39, 19, 'PA', 'Pennsylvania', 'T');
insert into Region (regionId, countryId, regionCode, name, active_) values (40, 19, 'PR', 'Puerto Rico', 'T');
insert into Region (regionId, countryId, regionCode, name, active_) values (41, 19, 'RI', 'Rhode Island', 'T');
insert into Region (regionId, countryId, regionCode, name, active_) values (42, 19, 'SC', 'South Carolina', 'T');
insert into Region (regionId, countryId, regionCode, name, active_) values (43, 19, 'SD', 'South Dakota', 'T');
insert into Region (regionId, countryId, regionCode, name, active_) values (44, 19, 'TN', 'Tennessee', 'T');
insert into Region (regionId, countryId, regionCode, name, active_) values (45, 19, 'TX', 'Texas', 'T');
insert into Region (regionId, countryId, regionCode, name, active_) values (46, 19, 'UT', 'Utah', 'T');
insert into Region (regionId, countryId, regionCode, name, active_) values (47, 19, 'VT', 'Vermont', 'T');
insert into Region (regionId, countryId, regionCode, name, active_) values (48, 19, 'VA', 'Virginia', 'T');
insert into Region (regionId, countryId, regionCode, name, active_) values (49, 19, 'WA', 'Washington', 'T');
insert into Region (regionId, countryId, regionCode, name, active_) values (50, 19, 'WV', 'West Virginia', 'T');
insert into Region (regionId, countryId, regionCode, name, active_) values (51, 19, 'WI', 'Wisconsin', 'T');
insert into Region (regionId, countryId, regionCode, name, active_) values (52, 19, 'WY', 'Wyoming', 'T');
insert into Region (regionId, countryId, regionCode, name, active_) values (53, 1, 'AL', 'Alberta', 'T');
insert into Region (regionId, countryId, regionCode, name, active_) values (54, 1, 'BC', 'British Columbia', 'T');
insert into Region (regionId, countryId, regionCode, name, active_) values (55, 1, 'MB', 'Manitoba', 'T');
insert into Region (regionId, countryId, regionCode, name, active_) values (56, 1, 'NB', 'New Brunswick', 'T');
insert into Region (regionId, countryId, regionCode, name, active_) values (57, 1, 'NL', 'Newfoundland and Labrador', 'T');
insert into Region (regionId, countryId, regionCode, name, active_) values (58, 1, 'NT', 'Northwest Territories', 'T');
insert into Region (regionId, countryId, regionCode, name, active_) values (59, 1, 'NS', 'Nova Scotia', 'T');
insert into Region (regionId, countryId, regionCode, name, active_) values (60, 1, 'NU', 'Nunavut', 'T');
insert into Region (regionId, countryId, regionCode, name, active_) values (61, 1, 'ON', 'Ontario', 'T');
insert into Region (regionId, countryId, regionCode, name, active_) values (62, 1, 'PE', 'Prince Edward Island', 'T');
insert into Region (regionId, countryId, regionCode, name, active_) values (63, 1, 'QC', 'Quebec', 'T');
insert into Region (regionId, countryId, regionCode, name, active_) values (64, 1, 'SK', 'Saskatchewan', 'T');
insert into Region (regionId, countryId, regionCode, name, active_) values (65, 1, 'YT', 'Yukon', 'T');
insert into Region (regionId, countryId, regionCode, name, active_) values (66, 15, 'AN', 'Andalusia', 'T');
insert into Region (regionId, countryId, regionCode, name, active_) values (67, 15, 'AR', 'Aragon', 'T');
insert into Region (regionId, countryId, regionCode, name, active_) values (68, 15, 'AS', 'Asturias', 'T');
insert into Region (regionId, countryId, regionCode, name, active_) values (69, 15, 'IB', 'Balearic Islands', 'T');
insert into Region (regionId, countryId, regionCode, name, active_) values (70, 15, 'PV', 'Basque Country', 'T');
insert into Region (regionId, countryId, regionCode, name, active_) values (71, 15, 'CN', 'Canary Islands', 'T');
insert into Region (regionId, countryId, regionCode, name, active_) values (72, 15, 'CB', 'Cantabria', 'T');
insert into Region (regionId, countryId, regionCode, name, active_) values (73, 15, 'CL', 'Castile and Leon', 'T');
insert into Region (regionId, countryId, regionCode, name, active_) values (74, 15, 'CM', 'Castile-La Mancha', 'T');
insert into Region (regionId, countryId, regionCode, name, active_) values (75, 15, 'CT', 'Catalonia', 'T');
insert into Region (regionId, countryId, regionCode, name, active_) values (76, 15, 'CE', 'Ceuta', 'T');
insert into Region (regionId, countryId, regionCode, name, active_) values (77, 15, 'EX', 'Extremadura', 'T');
insert into Region (regionId, countryId, regionCode, name, active_) values (78, 15, 'GA', 'Galicia', 'T');
insert into Region (regionId, countryId, regionCode, name, active_) values (79, 15, 'LO', 'La Rioja', 'T');
insert into Region (regionId, countryId, regionCode, name, active_) values (80, 15, 'M', 'Madrid', 'T');
insert into Region (regionId, countryId, regionCode, name, active_) values (81, 15, 'ML', 'Melilla', 'T');
insert into Region (regionId, countryId, regionCode, name, active_) values (82, 15, 'MU', 'Murcia', 'T');
insert into Region (regionId, countryId, regionCode, name, active_) values (83, 15, 'NA', 'Navarra', 'T');
insert into Region (regionId, countryId, regionCode, name, active_) values (84, 15, 'VC', 'Valencia', 'T');

--
-- List types for accounts
--

insert into ListType (listTypeId, name, type_) values (10000, 'Billing', 'com.liferay.portal.model.Account.address');
insert into ListType (listTypeId, name, type_) values (10001, 'Other', 'com.liferay.portal.model.Account.address');
insert into ListType (listTypeId, name, type_) values (10002, 'P.O. Box', 'com.liferay.portal.model.Account.address');
insert into ListType (listTypeId, name, type_) values (10003, 'Shipping', 'com.liferay.portal.model.Account.address');

insert into ListType (listTypeId, name, type_) values (10004, 'E-mail', 'com.liferay.portal.model.Account.emailAddress');
insert into ListType (listTypeId, name, type_) values (10005, 'E-mail 2', 'com.liferay.portal.model.Account.emailAddress');
insert into ListType (listTypeId, name, type_) values (10006, 'E-mail 3', 'com.liferay.portal.model.Account.emailAddress');

insert into ListType (listTypeId, name, type_) values (10007, 'Fax', 'com.liferay.portal.model.Account.phone');
insert into ListType (listTypeId, name, type_) values (10008, 'Local', 'com.liferay.portal.model.Account.phone');
insert into ListType (listTypeId, name, type_) values (10009, 'Other', 'com.liferay.portal.model.Account.phone');
insert into ListType (listTypeId, name, type_) values (10010, 'Toll-Free', 'com.liferay.portal.model.Account.phone');
insert into ListType (listTypeId, name, type_) values (10011, 'TTY', 'com.liferay.portal.model.Account.phone');

insert into ListType (listTypeId, name, type_) values (10012, 'Intranet', 'com.liferay.portal.model.Account.website');
insert into ListType (listTypeId, name, type_) values (10013, 'Public', 'com.liferay.portal.model.Account.website');

--
-- List types for contacts
--

insert into ListType (listTypeId, name, type_) values (11000, 'Business', 'com.liferay.portal.model.Contact.address');
insert into ListType (listTypeId, name, type_) values (11001, 'Other', 'com.liferay.portal.model.Contact.address');
insert into ListType (listTypeId, name, type_) values (11002, 'Personal', 'com.liferay.portal.model.Contact.address');

insert into ListType (listTypeId, name, type_) values (11003, 'E-mail', 'com.liferay.portal.model.Contact.emailAddress');
insert into ListType (listTypeId, name, type_) values (11004, 'E-mail 2', 'com.liferay.portal.model.Contact.emailAddress');
insert into ListType (listTypeId, name, type_) values (11005, 'E-mail 3', 'com.liferay.portal.model.Contact.emailAddress');

insert into ListType (listTypeId, name, type_) values (11006, 'Business', 'com.liferay.portal.model.Contact.phone');
insert into ListType (listTypeId, name, type_) values (11007, 'Business Fax', 'com.liferay.portal.model.Contact.phone');
insert into ListType (listTypeId, name, type_) values (11008, 'Mobile', 'com.liferay.portal.model.Contact.phone');
insert into ListType (listTypeId, name, type_) values (11009, 'Other', 'com.liferay.portal.model.Contact.phone');
insert into ListType (listTypeId, name, type_) values (11010, 'Pager', 'com.liferay.portal.model.Contact.phone');
insert into ListType (listTypeId, name, type_) values (11011, 'Personal', 'com.liferay.portal.model.Contact.phone');
insert into ListType (listTypeId, name, type_) values (11012, 'Personal Fax', 'com.liferay.portal.model.Contact.phone');
insert into ListType (listTypeId, name, type_) values (11013, 'TTY', 'com.liferay.portal.model.Contact.phone');

insert into ListType (listTypeId, name, type_) values (11014, 'Dr.', 'com.liferay.portal.model.Contact.prefix');
insert into ListType (listTypeId, name, type_) values (11015, 'Mr.', 'com.liferay.portal.model.Contact.prefix');
insert into ListType (listTypeId, name, type_) values (11016, 'Mrs.', 'com.liferay.portal.model.Contact.prefix');
insert into ListType (listTypeId, name, type_) values (11017, 'Ms.', 'com.liferay.portal.model.Contact.prefix');

insert into ListType (listTypeId, name, type_) values (11020, 'II', 'com.liferay.portal.model.Contact.suffix');
insert into ListType (listTypeId, name, type_) values (11021, 'III', 'com.liferay.portal.model.Contact.suffix');
insert into ListType (listTypeId, name, type_) values (11022, 'IV', 'com.liferay.portal.model.Contact.suffix');
insert into ListType (listTypeId, name, type_) values (11023, 'Jr.', 'com.liferay.portal.model.Contact.suffix');
insert into ListType (listTypeId, name, type_) values (11024, 'PhD.', 'com.liferay.portal.model.Contact.suffix');
insert into ListType (listTypeId, name, type_) values (11025, 'Sr.', 'com.liferay.portal.model.Contact.suffix');

insert into ListType (listTypeId, name, type_) values (11026, 'Blog', 'com.liferay.portal.model.Contact.website');
insert into ListType (listTypeId, name, type_) values (11027, 'Business', 'com.liferay.portal.model.Contact.website');
insert into ListType (listTypeId, name, type_) values (11028, 'Other', 'com.liferay.portal.model.Contact.website');
insert into ListType (listTypeId, name, type_) values (11029, 'Personal', 'com.liferay.portal.model.Contact.website');

--
-- List types for organizations
--

insert into ListType (listTypeId, name, type_) values (12000, 'Billing', 'com.liferay.portal.model.Organization.address');
insert into ListType (listTypeId, name, type_) values (12001, 'Other', 'com.liferay.portal.model.Organization.address');
insert into ListType (listTypeId, name, type_) values (12002, 'P.O. Box', 'com.liferay.portal.model.Organization.address');
insert into ListType (listTypeId, name, type_) values (12003, 'Shipping', 'com.liferay.portal.model.Organization.address');

insert into ListType (listTypeId, name, type_) values (12004, 'E-mail', 'com.liferay.portal.model.Organization.emailAddress');
insert into ListType (listTypeId, name, type_) values (12005, 'E-mail 2', 'com.liferay.portal.model.Organization.emailAddress');
insert into ListType (listTypeId, name, type_) values (12006, 'E-mail 3', 'com.liferay.portal.model.Organization.emailAddress');

insert into ListType (listTypeId, name, type_) values (12007, 'Fax', 'com.liferay.portal.model.Organization.phone');
insert into ListType (listTypeId, name, type_) values (12008, 'Local', 'com.liferay.portal.model.Organization.phone');
insert into ListType (listTypeId, name, type_) values (12009, 'Other', 'com.liferay.portal.model.Organization.phone');
insert into ListType (listTypeId, name, type_) values (12010, 'Toll-Free', 'com.liferay.portal.model.Organization.phone');
insert into ListType (listTypeId, name, type_) values (12011, 'TTY', 'com.liferay.portal.model.Organization.phone');

insert into ListType (listTypeId, name, type_) values (12012, 'Administrative', 'com.liferay.portal.model.Organization.service');
insert into ListType (listTypeId, name, type_) values (12013, 'Contracts', 'com.liferay.portal.model.Organization.service');
insert into ListType (listTypeId, name, type_) values (12014, 'Donation', 'com.liferay.portal.model.Organization.service');
insert into ListType (listTypeId, name, type_) values (12015, 'Retail', 'com.liferay.portal.model.Organization.service');
insert into ListType (listTypeId, name, type_) values (12016, 'Training', 'com.liferay.portal.model.Organization.service');

insert into ListType (listTypeId, name, type_) values (12017, 'Full Member', 'com.liferay.portal.model.Organization.status');
insert into ListType (listTypeId, name, type_) values (12018, 'Provisional Member', 'com.liferay.portal.model.Organization.status');

insert into ListType (listTypeId, name, type_) values (12019, 'Intranet', 'com.liferay.portal.model.Organization.website');
insert into ListType (listTypeId, name, type_) values (12020, 'Public', 'com.liferay.portal.model.Organization.website');


insert into Counter values ('com.liferay.counter.model.Counter', 10000);


insert into Release_ (releaseId, createDate, modifiedDate, buildNumber, verified) values (1, CURRENT YEAR TO FRACTION, CURRENT YEAR TO FRACTION, 4401, 'F');



