--一卡通V3初始化数据
--作者：闻剑
--修改日期：20100720

delete from ykt_cur.T_SUBJECT;
commit;
insert into ykt_cur.T_SUBJECT (SUBJNO, SUBJNAME, SUBJTYPE, BALFLAG, FSUBJNO, SUBJLEVEL, ENDFLAG)
values ('1001', '库存现金', 1, 1, null, 1, 1);
insert into ykt_cur.T_SUBJECT (SUBJNO, SUBJNAME, SUBJTYPE, BALFLAG, FSUBJNO, SUBJLEVEL, ENDFLAG)
values ('1002', '银行存款', 1, 1, null, 1, 1);
--insert into ykt_cur.T_SUBJECT (SUBJNO, SUBJNAME, SUBJTYPE, BALFLAG, FSUBJNO, SUBJLEVEL, ENDFLAG)
--values ('1121', '应收票据', 1, 1, null, 1, 0);
--insert into ykt_cur.T_SUBJECT (SUBJNO, SUBJNAME, SUBJTYPE, BALFLAG, FSUBJNO, SUBJLEVEL, ENDFLAG)
--values ('112101', '支票', 1, 1, '1121', 2, 1);
--insert into ykt_cur.T_SUBJECT (SUBJNO, SUBJNAME, SUBJTYPE, BALFLAG, FSUBJNO, SUBJLEVEL, ENDFLAG)
--values ('112102', '经费本', 1, 1, '1121', 2, 1);
insert into ykt_cur.T_SUBJECT (SUBJNO, SUBJNAME, SUBJTYPE, BALFLAG, FSUBJNO, SUBJLEVEL, ENDFLAG)
values ('1122', '应收账款', 1, 1, null, 1, 0);
insert into ykt_cur.T_SUBJECT (SUBJNO, SUBJNAME, SUBJTYPE, BALFLAG, FSUBJNO, SUBJLEVEL, ENDFLAG)
values ('112201', '现金充值', 1, 1, '1122', 2, 1);
insert into ykt_cur.T_SUBJECT (SUBJNO, SUBJNAME, SUBJTYPE, BALFLAG, FSUBJNO, SUBJLEVEL, ENDFLAG)
values ('112202', '圈存充值', 1, 1, '1122', 2, 1);
insert into ykt_cur.T_SUBJECT (SUBJNO, SUBJNAME, SUBJTYPE, BALFLAG, FSUBJNO, SUBJLEVEL, ENDFLAG)
values ('112203', '补助充值', 1, 1, '1122', 2, 1);
insert into ykt_cur.T_SUBJECT (SUBJNO, SUBJNAME, SUBJTYPE, BALFLAG, FSUBJNO, SUBJLEVEL, ENDFLAG)
values ('112204', '卡管理费', 1, 1, '1122', 2, 1);
insert into ykt_cur.T_SUBJECT (SUBJNO, SUBJNAME, SUBJTYPE, BALFLAG, FSUBJNO, SUBJLEVEL, ENDFLAG)
values ('112205', '卡押金', 1, 1, '1122', 2, 1);
insert into ykt_cur.T_SUBJECT (SUBJNO, SUBJNAME, SUBJTYPE, BALFLAG, FSUBJNO, SUBJLEVEL, ENDFLAG)
values ('112299', '其他', 1, 1, '1122', 2, 1);
--会计科目负债类
insert into ykt_cur.T_SUBJECT (SUBJNO, SUBJNAME, SUBJTYPE, BALFLAG, FSUBJNO, SUBJLEVEL, ENDFLAG)
values ('2202', '应付账款', 2, 2, null, 1, 0);
insert into ykt_cur.T_SUBJECT (SUBJNO, SUBJNAME, SUBJTYPE, BALFLAG, FSUBJNO, SUBJLEVEL, ENDFLAG)
values ('220201', '卡户存款', 2, 2, '2202', 2, 1);
insert into ykt_cur.T_SUBJECT (SUBJNO, SUBJNAME, SUBJTYPE, BALFLAG, FSUBJNO, SUBJLEVEL, ENDFLAG)
values ('220202', '卡户押金', 2, 2, '2202', 2, 1);
insert into ykt_cur.T_SUBJECT (SUBJNO, SUBJNAME, SUBJTYPE, BALFLAG, FSUBJNO, SUBJLEVEL, ENDFLAG)
values ('220203', '卡户管理费', 2, 2,'2202', 2, 1);
insert into ykt_cur.T_SUBJECT (SUBJNO, SUBJNAME, SUBJTYPE, BALFLAG, FSUBJNO, SUBJLEVEL, ENDFLAG)
values ('220204', '退卡余额', 2, 2, '2202', 2, 1);
insert into ykt_cur.T_SUBJECT (SUBJNO, SUBJNAME, SUBJTYPE, BALFLAG, FSUBJNO, SUBJLEVEL, ENDFLAG)
values ('220205', '商户收入', 2, 2, '2202', 2, 1);
insert into ykt_cur.T_SUBJECT (SUBJNO, SUBJNAME, SUBJTYPE, BALFLAG, FSUBJNO, SUBJLEVEL, ENDFLAG)
values ('220206', '应付商户款', 2, 2, '2202', 2, 0);
insert into ykt_cur.T_SUBJECT (SUBJNO, SUBJNAME, SUBJTYPE, BALFLAG, FSUBJNO, SUBJLEVEL, ENDFLAG)
values ('22020601', '一卡通中心', 2, 2, '220206', 3, 1);
insert into ykt_cur.T_SUBJECT (SUBJNO, SUBJNAME, SUBJTYPE, BALFLAG, FSUBJNO, SUBJLEVEL, ENDFLAG)
values ('22020602', '后勤集团', 2, 2, '220206', 3, 1);
insert into ykt_cur.T_SUBJECT (SUBJNO, SUBJNAME, SUBJTYPE, BALFLAG, FSUBJNO, SUBJLEVEL, ENDFLAG)
values ('22020603', '海大医院', 2, 2, '220206', 3, 1);
insert into ykt_cur.T_SUBJECT (SUBJNO, SUBJNAME, SUBJTYPE, BALFLAG, FSUBJNO, SUBJLEVEL, ENDFLAG)
values ('22020604', 'GS收费', 2, 2, '220206', 3, 1);
insert into ykt_cur.T_SUBJECT (SUBJNO, SUBJNAME, SUBJTYPE, BALFLAG, FSUBJNO, SUBJLEVEL, ENDFLAG)
values ('22020605', '图书馆', 2, 2, '220206', 3, 1);
insert into ykt_cur.T_SUBJECT (SUBJNO, SUBJNAME, SUBJTYPE, BALFLAG, FSUBJNO, SUBJLEVEL, ENDFLAG)
values ('22020606', '救生馆', 2, 2, '220206', 3, 1);
insert into ykt_cur.T_SUBJECT (SUBJNO, SUBJNAME, SUBJTYPE, BALFLAG, FSUBJNO, SUBJLEVEL, ENDFLAG)
values ('22020699', '其他', 2, 2, '220206', 3, 1);
insert into ykt_cur.T_SUBJECT (SUBJNO, SUBJNAME, SUBJTYPE, BALFLAG, FSUBJNO, SUBJLEVEL, ENDFLAG)
values ('220299', '其他', 2, 2, '2202', 3, 1);
commit;
--账户表初始化数据
delete from ykt_cur.T_INNERACC;
commit;
insert into ykt_cur.T_INNERACC (ACCNO, ACCNAME, SUBJNO, YDAYBAL, BALANCE, BALFLAG, LASTTRANSDATE, LASTACCDATE)
values ('1001', '现金', '1001', 0, 0, 1, null, null);
insert into ykt_cur.T_INNERACC (ACCNO, ACCNAME, SUBJNO, YDAYBAL, BALANCE, BALFLAG, LASTTRANSDATE, LASTACCDATE)
values ('1002','银行存款', '1002', 0, 0, 1, null, null);
insert into ykt_cur.T_INNERACC (ACCNO, ACCNAME, SUBJNO, YDAYBAL, BALANCE, BALFLAG, LASTTRANSDATE, LASTACCDATE)
values ('112201', '现金充值', '112201', 0, 0, 1, null, null);
insert into ykt_cur.T_INNERACC (ACCNO, ACCNAME, SUBJNO, YDAYBAL, BALANCE, BALFLAG, LASTTRANSDATE, LASTACCDATE)
values ('112202', '圈存充值', '112202', 0, 0, 1, null, null);
insert into ykt_cur.T_INNERACC (ACCNO, ACCNAME, SUBJNO, YDAYBAL, BALANCE, BALFLAG, LASTTRANSDATE, LASTACCDATE)
values ('112203', '补助充值', '112203', 0, 0, 1, null, null);
insert into ykt_cur.T_INNERACC (ACCNO, ACCNAME, SUBJNO, YDAYBAL, BALANCE, BALFLAG, LASTTRANSDATE, LASTACCDATE)
values ('112204', '卡管理费', '112204', 0, 0, 1, null, null);
insert into ykt_cur.T_INNERACC (ACCNO, ACCNAME, SUBJNO, YDAYBAL, BALANCE, BALFLAG, LASTTRANSDATE, LASTACCDATE)
values ('112205', '卡押金', '112205', 0, 0, 1, null, null);
insert into ykt_cur.T_INNERACC (ACCNO, ACCNAME, SUBJNO, YDAYBAL, BALANCE, BALFLAG, LASTTRANSDATE, LASTACCDATE)
values ('112299', '其他', '112299', 0, 0, 1, null, null);
insert into ykt_cur.T_INNERACC (ACCNO, ACCNAME, SUBJNO, YDAYBAL, BALANCE, BALFLAG, LASTTRANSDATE, LASTACCDATE)
values ('220201', '卡户存款', '220201', 0, 0, 2, null, null);
insert into ykt_cur.T_INNERACC (ACCNO, ACCNAME, SUBJNO, YDAYBAL, BALANCE, BALFLAG, LASTTRANSDATE, LASTACCDATE)
values ('220202', '卡户押金',  '220202', 0, 0, 2, null, null);
insert into ykt_cur.T_INNERACC (ACCNO, ACCNAME, SUBJNO, YDAYBAL, BALANCE, BALFLAG, LASTTRANSDATE, LASTACCDATE)
values ('220203', '卡户管理费', '220203', 0, 0, 2, null, null);
insert into ykt_cur.T_INNERACC (ACCNO, ACCNAME, SUBJNO, YDAYBAL, BALANCE, BALFLAG, LASTTRANSDATE, LASTACCDATE)
values ('220204', '退卡余额',  '220204', 0, 0, 2, null, null);
insert into ykt_cur.T_INNERACC (ACCNO, ACCNAME, SUBJNO, YDAYBAL, BALANCE, BALFLAG, LASTTRANSDATE, LASTACCDATE)
values ('22020601', '一卡通中心', '22020601', 0, 0, 2, null, null);
insert into ykt_cur.T_INNERACC (ACCNO, ACCNAME, SUBJNO, YDAYBAL, BALANCE, BALFLAG, LASTTRANSDATE, LASTACCDATE)
values ('22020602', '后勤集团',  '22020602', 0, 0, 2, null, null);
insert into ykt_cur.T_INNERACC (ACCNO, ACCNAME, SUBJNO, YDAYBAL, BALANCE, BALFLAG, LASTTRANSDATE, LASTACCDATE)
values ('22020603', '海大医院', '22020603', 0, 0, 2, null, null);
insert into ykt_cur.T_INNERACC (ACCNO, ACCNAME, SUBJNO, YDAYBAL, BALANCE, BALFLAG, LASTTRANSDATE, LASTACCDATE)
values ('22020604', 'GS收费',  '22020604', 0, 0, 2, null, null);
insert into ykt_cur.T_INNERACC (ACCNO, ACCNAME, SUBJNO, YDAYBAL, BALANCE, BALFLAG, LASTTRANSDATE, LASTACCDATE)
values ('22020605', '图书馆',  '22020605', 0, 0, 2, null, null);
insert into ykt_cur.T_INNERACC (ACCNO, ACCNAME, SUBJNO, YDAYBAL, BALANCE, BALFLAG, LASTTRANSDATE, LASTACCDATE)
values ('22020606', '救生馆',  '22020606', 0, 0, 2, null, null);
insert into ykt_cur.T_INNERACC (ACCNO, ACCNAME, SUBJNO, YDAYBAL, BALANCE, BALFLAG, LASTTRANSDATE, LASTACCDATE)
values ('22020699', '其他',  '22020699', 0, 0, 2, null, null);
insert into ykt_cur.T_INNERACC (ACCNO, ACCNAME, SUBJNO, YDAYBAL, BALANCE, BALFLAG, LASTTRANSDATE, LASTACCDATE)
values ('220299', '其他',  '220299', 0, 0, 2, null, null);
commit;
delete from ykt_cur.T_CFGSPLIT;
commit;
insert into ykt_cur.T_CFGSPLIT (TRANSTYPE, FUNDTYPE, OFFLINEFLAG, USECARDFLAG, CALCCARDBAL, DRACCFLAG, DRSUBJNO, DRACCNO, CRACCFLAG, CRSUBJNO, CRACCNO, SUMMARY)
values (201, 1, 0, 1, 1, 'N', '112201', '112201', 'C', '220201', null, '现金充值');
insert into ykt_cur.T_CFGSPLIT (TRANSTYPE, FUNDTYPE, OFFLINEFLAG, USECARDFLAG, CALCCARDBAL, DRACCFLAG, DRSUBJNO, DRACCNO, CRACCFLAG, CRSUBJNO, CRACCNO, SUMMARY)
values (204, 1, 0, 0, 0, 'N', '112202', '112202', 'C', '220201', null, '圈存充值');
insert into ykt_cur.T_CFGSPLIT (TRANSTYPE, FUNDTYPE, OFFLINEFLAG, USECARDFLAG, CALCCARDBAL, DRACCFLAG, DRSUBJNO, DRACCNO, CRACCFLAG, CRSUBJNO, CRACCNO, SUMMARY)
values (203, 1, 0, 0, 0, 'N', '112203', '112203', 'C', '220201', null, '下发补助');
insert into ykt_cur.T_CFGSPLIT (TRANSTYPE, FUNDTYPE, OFFLINEFLAG, USECARDFLAG, CALCCARDBAL, DRACCFLAG, DRSUBJNO, DRACCNO, CRACCFLAG, CRSUBJNO, CRACCNO, SUMMARY)
values (231, 0, 0, 1, 1, 'C', '220201', null, 'N', '220204', '220204', '卡户取款');
insert into ykt_cur.T_CFGSPLIT (TRANSTYPE, FUNDTYPE, OFFLINEFLAG, USECARDFLAG, CALCCARDBAL, DRACCFLAG, DRSUBJNO, DRACCNO, CRACCFLAG, CRSUBJNO, CRACCNO, SUMMARY)
values (232, 0, 0, 1, 1, 'C', '220201', null, 'S', '220205', null, 'POS消费');
insert into ykt_cur.T_CFGSPLIT (TRANSTYPE, FUNDTYPE, OFFLINEFLAG, USECARDFLAG, CALCCARDBAL, DRACCFLAG, DRSUBJNO, DRACCNO, CRACCFLAG, CRSUBJNO, CRACCNO, SUMMARY)
values (233, 0, 0, 1, 1, 'C', '220201', null, 'S', '220205', null, '支付交易');
insert into ykt_cur.T_CFGSPLIT (TRANSTYPE, FUNDTYPE, OFFLINEFLAG, USECARDFLAG, CALCCARDBAL, DRACCFLAG, DRSUBJNO, DRACCNO, CRACCFLAG, CRSUBJNO, CRACCNO, SUMMARY)
values (234, 0, 0, 1, 1, 'C', '220201', null, 'N', '220204','220204', '销户退款');
insert into ykt_cur.T_CFGSPLIT (TRANSTYPE, FUNDTYPE, OFFLINEFLAG, USECARDFLAG, CALCCARDBAL, DRACCFLAG, DRSUBJNO, DRACCNO, CRACCFLAG, CRSUBJNO, CRACCNO, SUMMARY)
values (235, 0, 0, 1, 1, 'C', '220201', null, 'S', '220205', null, '水控转账');
insert into ykt_cur.T_CFGSPLIT (TRANSTYPE, FUNDTYPE, OFFLINEFLAG, USECARDFLAG, CALCCARDBAL, DRACCFLAG, DRSUBJNO, DRACCNO, CRACCFLAG, CRSUBJNO, CRACCNO, SUMMARY)
values (236, 0, 0, 1, 1, 'C', '220201', null, 'S', '220205', null, 'POS消费取消');
insert into ykt_cur.T_CFGSPLIT (TRANSTYPE, FUNDTYPE, OFFLINEFLAG, USECARDFLAG, CALCCARDBAL, DRACCFLAG, DRSUBJNO, DRACCNO, CRACCFLAG, CRSUBJNO, CRACCNO, SUMMARY)
values (237, 0, 0, 0, 0, 'I', '220201', null, 'I', '220201', null, '卡卡转账');
insert into ykt_cur.T_CFGSPLIT (TRANSTYPE, FUNDTYPE, OFFLINEFLAG, USECARDFLAG, CALCCARDBAL, DRACCFLAG, DRSUBJNO, DRACCNO, CRACCFLAG, CRSUBJNO, CRACCNO, SUMMARY)
values (281, 0, 0, 1, 1, 'C', '220201', null, 'S', '220205', null, '商户收搭伙费');
insert into ykt_cur.T_CFGSPLIT (TRANSTYPE, FUNDTYPE, OFFLINEFLAG, USECARDFLAG, CALCCARDBAL, DRACCFLAG, DRSUBJNO, DRACCNO, CRACCFLAG, CRSUBJNO, CRACCNO, SUMMARY)
values (601, 0, 0, 0, 0, 'N', '112205', '112205', 'N', '220202', '220202', '收押金');
insert into ykt_cur.T_CFGSPLIT (TRANSTYPE, FUNDTYPE, OFFLINEFLAG, USECARDFLAG, CALCCARDBAL, DRACCFLAG, DRSUBJNO, DRACCNO, CRACCFLAG, CRSUBJNO, CRACCNO, SUMMARY)
values (602, 0, 0, 0, 0, 'N', '112204', '112204', 'N', '220203', '220203', '收卡成本费');
insert into ykt_cur.T_CFGSPLIT (TRANSTYPE, FUNDTYPE, OFFLINEFLAG, USECARDFLAG, CALCCARDBAL, DRACCFLAG, DRSUBJNO, DRACCNO, CRACCFLAG, CRSUBJNO, CRACCNO, SUMMARY)
values (603, 0, 0, 0, 0, 'N', '112204', '112204', 'N', '220203', '220203', '收手续费');
insert into ykt_cur.T_CFGSPLIT (TRANSTYPE, FUNDTYPE, OFFLINEFLAG, USECARDFLAG, CALCCARDBAL, DRACCFLAG, DRSUBJNO, DRACCNO, CRACCFLAG, CRSUBJNO, CRACCNO, SUMMARY)
values (621, 0, 0, 0, 0, 'N', '220202', '220202', 'N', '220204', '220204', '退押金');
insert into ykt_cur.T_CFGSPLIT (TRANSTYPE, FUNDTYPE, OFFLINEFLAG, USECARDFLAG, CALCCARDBAL, DRACCFLAG, DRSUBJNO, DRACCNO, CRACCFLAG, CRSUBJNO, CRACCNO, SUMMARY)
values (631, 0, 0, 0, 0, 'N', '220202', '220202', 'N', '220299', '220299', '扣押金');
insert into ykt_cur.T_CFGSPLIT (TRANSTYPE, FUNDTYPE, OFFLINEFLAG, USECARDFLAG, CALCCARDBAL, DRACCFLAG, DRSUBJNO, DRACCNO, CRACCFLAG, CRSUBJNO, CRACCNO, SUMMARY)
values (641, 0, 0, 1, 1, 'C', '220201', null, 'N', '220299', '220299', '扣卡余额');
insert into ykt_cur.T_CFGSPLIT (TRANSTYPE, FUNDTYPE, OFFLINEFLAG, USECARDFLAG, CALCCARDBAL, DRACCFLAG, DRSUBJNO, DRACCNO, CRACCFLAG, CRSUBJNO, CRACCNO, SUMMARY)
values (642, 0, 0, 0, 0, 'C', '220201', null, 'N', '220299', '220299', '消费长款');
insert into ykt_cur.T_CFGSPLIT (TRANSTYPE, FUNDTYPE, OFFLINEFLAG, USECARDFLAG, CALCCARDBAL, DRACCFLAG, DRSUBJNO, DRACCNO, CRACCFLAG, CRSUBJNO, CRACCNO, SUMMARY)
values (644, 0, 0, 0, 0, 'C', '220201', null, 'N', '220299', '220299', '退卡长款');
insert into ykt_cur.T_CFGSPLIT (TRANSTYPE, FUNDTYPE, OFFLINEFLAG, USECARDFLAG, CALCCARDBAL, DRACCFLAG, DRSUBJNO, DRACCNO, CRACCFLAG, CRSUBJNO, CRACCNO, SUMMARY)
values (651, 0, 0, 0, 0, 'N', '220299', '220299', 'C', '220201', null, '补卡余额');
insert into ykt_cur.T_CFGSPLIT (TRANSTYPE, FUNDTYPE, OFFLINEFLAG, USECARDFLAG, CALCCARDBAL, DRACCFLAG, DRSUBJNO, DRACCNO, CRACCFLAG, CRSUBJNO, CRACCNO, SUMMARY)
values (652, 0, 0, 1, 0, 'N', '112299', '112299', 'N', '220299', '220299', '消费短款');
insert into ykt_cur.T_CFGSPLIT (TRANSTYPE, FUNDTYPE, OFFLINEFLAG, USECARDFLAG, CALCCARDBAL, DRACCFLAG, DRSUBJNO, DRACCNO, CRACCFLAG, CRSUBJNO, CRACCNO, SUMMARY)
values (653, 0, 0, 1, 0, 'N', '112299', '112299', 'N', '220299', '220299', '商户搭伙费短款');
commit;