
insert into T_CFGVER (CFGTYPE, CFGVERNO, OPERCODE, LASTSAVED)
values (1, 1, '1000', null);

insert into T_ACTPARA (PARAID, BOOKSETNO)
values (1, 1);

insert into T_AUTHTYPE (AUTHTYPE, AUTHTYPENAME, AUTHCLASS)
values (100, '凭证录入', null);
insert into T_AUTHTYPE (AUTHTYPE, AUTHTYPENAME, AUTHCLASS)
values (110, '凭证复核', null);
insert into T_AUTHTYPE (AUTHTYPE, AUTHTYPENAME, AUTHCLASS)
values (120, '凭证入账', null);

insert into T_VOUCHERTYPE (VOUCHERTYPE, VOUCHERTYPENAME, VOUCHERTYPEFULLNAME, VOUCHERCLASS, ENABLEFLAG)
values (11, '记', '记账凭证', 1, 1);
commit;
insert into T_CARDPHYTYPE (CARDPHYTYPE, CARDPHYTYPENAME, USEFLAG, CARDPHYTYPECODE)
values (10, 'CPU卡', 1, 0);
insert into T_CARDPHYTYPE (CARDPHYTYPE, CARDPHYTYPENAME, USEFLAG, CARDPHYTYPECODE)
values (20, 'MF1卡', 0, 0);
insert into T_CARDPHYTYPE (CARDPHYTYPE, CARDPHYTYPENAME, USEFLAG, CARDPHYTYPECODE)
values (30, 'RFID手机卡', 0, 0);
commit;
insert into T_SYSKEY (KEYCODE, KEYNAME, KEYVAL, MAXVAL, KEYTYPE)
values ('CARDID', 'CARDID', 30000, 999999999, null);
insert into T_SYSKEY (KEYCODE, KEYNAME, KEYVAL, MAXVAL, KEYTYPE)
values ('TERMID', '终端号', 100, 999999999, null);
insert into T_SYSKEY (KEYCODE, KEYNAME, KEYVAL, MAXVAL, KEYTYPE)
values ('MERCHID', 'MERCHID', 10, 999999999, null);
insert into T_SYSKEY (KEYCODE, KEYNAME, KEYVAL, MAXVAL, KEYTYPE)
values ('CUSTID', '客户号', 30000, 99999999, null);
insert into T_SYSKEY (KEYCODE, KEYNAME, KEYVAL, MAXVAL, KEYTYPE)
values ('POSID', 'POSID', 0, 999999999, null);
insert into T_SYSKEY (KEYCODE, KEYNAME, KEYVAL, MAXVAL, KEYTYPE)
values ('T_PKG', 'T_PKG', 0, 999999999, null);
insert into T_SYSKEY (KEYCODE, KEYNAME, KEYVAL, MAXVAL, KEYTYPE)
values ('T_PKGFILE', 'T_PKGFILE', 0, 999999999, null);
insert into T_SYSKEY (KEYCODE, KEYNAME, KEYVAL, MAXVAL, KEYTYPE)
values ('APPLYID', 'APPLYID', 0, 999999999, null);
commit;
insert into T_BOOKSET (BOOKSETNO, BOOKSETNAME, DEPTNAME, DEPTSHORTNAME, SUPERVISOR, PERIODYEAR, PERIODMONTH, VOUCHERCLASS, ENABLEDATE)
values (1, '东莞城市e卡通', '东莞城市e卡通', '东莞城市e卡通', 1100, 2011, 2, 1, 20110220);

insert into T_SETTLECTL (BOOKSETNO, PERIODYEAR, PERIODMONTH, ACCDATE, STATDATE, SETTLEDATE, AUTOSTATTIME, AUTOSETTLTIME, SETTLEFLAG, VOUCHERGENFLAG, VOUCHERPOSTTYPE, STATUS, UPDTIME, BATCHDATE)
values (1, 2011, 2, 20110220, 20110220, 20110220, 1, 0, 0, 0, 1, 0, '20110223015605', 20110220);
commit;

insert into T_CARDTYPE (CARDTYPE, CARDTYPENAME, CARDPHYTYPE, ANONYMFLAG, PRESTOREAMT, CARDCOSTFEE, REUSEABLE, RENEWABLE, RECYCLEABLE, FIXDAYFLAG, FIXDAYCNT, ENABLED, REMARK, MAXDPSAMT, MAXCARDBAL)
values (1, '新莞人金融服务卡', 10, 0, 1000, 0, 0, 0, 0, 0, 365, 1, '新莞局', 500000, 1000000);
insert into T_CARDTYPE (CARDTYPE, CARDTYPENAME, CARDPHYTYPE, ANONYMFLAG, PRESTOREAMT, CARDCOSTFEE, REUSEABLE, RENEWABLE, RECYCLEABLE, FIXDAYFLAG, FIXDAYCNT, ENABLED, REMARK, MAXDPSAMT, MAXCARDBAL)
values (2, '樟城百事通', 10, 1, 1000, 0, 0, 0, 0, 0, 365, 1, null, 500000, 1000000);
insert into T_CARDTYPE (CARDTYPE, CARDTYPENAME, CARDPHYTYPE, ANONYMFLAG, PRESTOREAMT, CARDCOSTFEE, REUSEABLE, RENEWABLE, RECYCLEABLE, FIXDAYFLAG, FIXDAYCNT, ENABLED, REMARK, MAXDPSAMT, MAXCARDBAL)
values (3, '手机通宝卡', 10, 1, 0, 0, 0, 0, 0, 0, 365, 1, null, 500000, 1000000);
commit;

insert into T_BRANCH (BRANCHID, AREACODE, TOWNCODE, BRANCHNO, BRANCHNAME, BRANCHTYPE, CONTACTMAN, TEL, MOBILE, FAX, ADDR, ZIPCODE, STATUS, OPENDATE, CLOSEDATE)
values (10, '1', 'DC', '000000000', '管理中心网点', '1', null, null, null, null, null, null, '1', 20101220, null);
commit;
insert into T_OPERATOR (OPERID, OPERCODE, OPERSEQNO, OPERTYPE, BRANCHID, CARDNO, OPERNAME, TEL, MOBILE, EMAIL, ADDR, ZIPCODE, OPERPWD, STATUS, MENUSET, FUNCSET, RIGHTFLAG, SITELIMIT, LOGINFLAG, LOGINSITENO, LASTTRANSDATE, LOGINTIME, LOGOUTTIME, FAILNUMBER, OPENDATE, CLOSEDATE)
values (1, 'system', 5, 0, 80, 0, '系统管理员', null, null, null, null, null, '24E5566019FFEDAD', 1, '11111111111111111111111111111111111111111111111111111111111111111111111111111111111111111111111111111111111111111111111111111111111111111111111111111111111111111111111111111111111111111111111111111111111111111111111111111111111111111111111111111111111111111111111111111111111111111111111111111111111111111111111111111111111111111111111111111111111111111111111111111111111111111111111111111111111111111111111111111111111111111111111111111111111111111111111111111111111111111111111111111111111111111111111111111111111111111111111111111111111111111111111111111111111111111111111111111111111111111111111111111111111111111111111111111111111111111111111111111111111111111111111111111111111111111111111111111111111111111111111111111111111111111111111111111111111111111111111111111111111111111111111111111111', '1111111111111111111111111111111111111111111111111111111111111111111111111111111111111111111111111111111111111111111111111111111111111111111111111111111', 0, 0, 0, 0, 0, '20110223144339', '20110223144741', 0, 0, 0);

insert into T_OPERATOR (OPERID, OPERCODE, OPERSEQNO, OPERTYPE, BRANCHID, CARDNO, OPERNAME, TEL, MOBILE, EMAIL, ADDR, ZIPCODE, OPERPWD, STATUS, MENUSET, FUNCSET, RIGHTFLAG, SITELIMIT, LOGINFLAG, LOGINSITENO, LASTTRANSDATE, LOGINTIME, LOGOUTTIME, FAILNUMBER, OPENDATE, CLOSEDATE)
values (5, '0001', 0, 2, 10, 0, '谢根镇', null, '13570524528', 'gen.2001@163.com', null, null, '03DEF051098BDC1B', 1, '00111011111111101101111000100111000110001111011111101001001111110000100001111000100100000000100001000000001101000011111111111111000111001110000000000000000000000000000000000000000000000000000000000000000000000000000000000000000000000000000000000000000000000000000000000000000000000000000000000000000000000000000000000000000000000000000000000000000000000000000000000000000000000000000000000000000000000000000000000000000000000000000000000000000000000000000000000000000000000000000000000000000000000000000000000000000000000000000000000000000000000000000000000000000000000000000000000000000000000000000000000000000000000000000000000000000000000000000000000000000000000000000000000000000000000000000000000000000000000000000000000000000000000000000000000000000000000000000000000000000000000000000000000000', '000000000000000000000000000000000000000000000000000000000000000000000000000000000000000000000000000000000000000000000000000000000000000000000000000000000000000000000000000000000000000000000000000000000000000000000000000000000000000000000000000000000000000000000000000000000000000000000000000000000000000000000000000000000000000000000000000000000000000000000000000000000000000000000000000000000000000000000000000000000000000000000000000000000000000000000000000000000000000000000000000000000000000000000000000000000000000000000000000000000000000000000000000000000000000000000000000000000000000000000000', 0, 0, 0, 0, 0, '20110223162343', '20110223161429', 0, 20110223, 0);
insert into T_OPERATOR (OPERID, OPERCODE, OPERSEQNO, OPERTYPE, BRANCHID, CARDNO, OPERNAME, TEL, MOBILE, EMAIL, ADDR, ZIPCODE, OPERPWD, STATUS, MENUSET, FUNCSET, RIGHTFLAG, SITELIMIT, LOGINFLAG, LOGINSITENO, LASTTRANSDATE, LOGINTIME, LOGOUTTIME, FAILNUMBER, OPENDATE, CLOSEDATE)
values (2, '1000', 0, 1, 10, 0, '闻剑', null, null, null, null, null, '03DEF051098BDC1B', 1, '00111011111111101111111000100111000110011111011111101001001111110010101001111000100100000000111001000000001111000011111111111111111111001110000000000000000000000000000000000000000000000000000000000000000000000000000000000000000000000000000000000000000000000000000000000000000000000000000000000000000000000000000000000000000000000000000000000000000000000000000000000000000000000000000000000000000000000000000000000000000000000000000000000000000000000000000000000000000000000000000000000000000000000000000000000000000000000000000000000000000000000000000000000000000000000000000000000000000000000000000000000000000000000000000000000000000000000000000000000000000000000000000000000000000000000000000000000000000000000000000000000000000000000000000000000000000000000000000000000000000000000000000000000000', '000000000000000000000000000000000000000000000000000000000000000000000000000000000000000000000000000000000000000000000000000000000000000000000000000000000000000000000000000000000000000000000000000000000000000000000000000000000000000000000000000000000000000000000000000000000000000000000000000000000000000000000000000000000000000000000000000000000000000000000000000000000000000000000000000000000000000000000000000000000000000000000000000000000000000000000000000000000000000000000000000000000000000000000000000000000000000000000000000000000000000000000000000000000000000000000000000000000000000000000000', 0, 0, 0, 0, 0, '20110226142716', '20110226162819', 0, 20101223, 0);
insert into T_OPERATOR (OPERID, OPERCODE, OPERSEQNO, OPERTYPE, BRANCHID, CARDNO, OPERNAME, TEL, MOBILE, EMAIL, ADDR, ZIPCODE, OPERPWD, STATUS, MENUSET, FUNCSET, RIGHTFLAG, SITELIMIT, LOGINFLAG, LOGINSITENO, LASTTRANSDATE, LOGINTIME, LOGOUTTIME, FAILNUMBER, OPENDATE, CLOSEDATE)
values (4, '1100', 0, 2, 10, 0, 'hjw2', null, null, null, null, null, '03DEF051098BDC1B', 1, '00111011111111101111111001110111000110011111011111101001001111110010111001111000100100000000111001000000001111000011111111111111111111001110000000000000000000000000000000000000000000000000000000000000000000000000000000000000000000000000000000000000000000000000000000000000000000000000000000000000000000000000000000000000000000000000000000000000000000000000000000000000000000000000000000000000000000000000000000000000000000000000000000000000000000000000000000000000000000000000000000000000000000000000000000000000000000000000000000000000000000000000000000000000000000000000000000000000000000000000000000000000000000000000000000000000000000000000000000000000000000000000000000000000000000000000000000000000000000000000000000000000000000000000000000000000000000000000000000000000000000000000000000000000', '000000000000000000000000000000000000000000000000000000000000000000000000000000000000000000000000000000000000000000000000000000000000000000000000000000000000000000000000000000000000000000000000000000000000000000000000000000000000000000000000000000000000000000000000000000000000000000000000000000000000000000000000000000000000000000000000000000000000000000000000000000000000000000000000000000000000000000000000000000000000000000000000000000000000000000000000000000000000000000000000000000000000000000000000000000000000000000000000000000000000000000000000000000000000000000000000000000000000000000000000', 0, 0, 1, 0, 0, '20110226165508', '20110226161147', 0, 20101223, 0);
insert into T_OPERATOR (OPERID, OPERCODE, OPERSEQNO, OPERTYPE, BRANCHID, CARDNO, OPERNAME, TEL, MOBILE, EMAIL, ADDR, ZIPCODE, OPERPWD, STATUS, MENUSET, FUNCSET, RIGHTFLAG, SITELIMIT, LOGINFLAG, LOGINSITENO, LASTTRANSDATE, LOGINTIME, LOGOUTTIME, FAILNUMBER, OPENDATE, CLOSEDATE)
values (3, '1111', 0, 2, 10, 0, '郭勇', '21341234', '12364293443', 'oliver@123.com123', '东莞', '213435', '03DEF051098BDC1B', 1, '00111011111111101111111001110111000110011111011111101001001111110010111001111000100100000000111001000000001111000011111111111111111111001110000000000000000000000000000000000000000000000000000000000000000000000000000000000000000000000000000000000000000000000000000000000000000000000000000000000000000000000000000000000000000000000000000000000000000000000000000000000000000000000000000000000000000000000000000000000000000000000000000000000000000000000000000000000000000000000000000000000000000000000000000000000000000000000000000000000000000000000000000000000000000000000000000000000000000000000000000000000000000000000000000000000000000000000000000000000000000000000000000000000000000000000000000000000000000000000000000000000000000000000000000000000000000000000000000000000000000000000000000000000000', '000000000000000000000000000000000000000000000000000000000000000000000000000000000000000000000000000000000000000000000000000000000000000000000000000000000000000000000000000000000000000000000000000000000000000000000000000000000000000000000000000000000000000000000000000000000000000000000000000000000000000000000000000000000000000000000000000000000000000000000000000000000000000000000000000000000000000000000000000000000000000000000000000000000000000000000000000000000000000000000000000000000000000000000000000000000000000000000000000000000000000000000000000000000000000000000000000000000000000000000000', 0, 0, 1, 0, 0, '20110226164109', '20110226164053', 0, 20101223, 0);
insert into T_OPERATOR (OPERID, OPERCODE, OPERSEQNO, OPERTYPE, BRANCHID, CARDNO, OPERNAME, TEL, MOBILE, EMAIL, ADDR, ZIPCODE, OPERPWD, STATUS, MENUSET, FUNCSET, RIGHTFLAG, SITELIMIT, LOGINFLAG, LOGINSITENO, LASTTRANSDATE, LOGINTIME, LOGOUTTIME, FAILNUMBER, OPENDATE, CLOSEDATE)
values (13, 'CP1131', 0, 2, 113, 0, 'B', null, null, null, null, null, '048F000F9A15E63D', 1, '00110001000000000000000000100000000110001100000110000001001000000000000000000000100000000000000000000000000000000000000000000000000000000000000000000000000000000000000000000000000000000000000000000000000000000000000000000000000000000000000000000000000000000000000000000000000000000000000000000000000000000000000000000000000000000000000000000000000000000000000000000000000000000000000000000000000000000000000000000000000000000000000000000000000000000000000000000000000000000000000000000000000000000000000000000000000000000000000000000000000000000000000000000000000000000000000000000000000000000000000000000000000000000000000000000000000000000000000000000000000000000000000000000000000000000000000000000000000000000000000000000000000000000000000000000000000000000000000000000000000000000000000000000000', '000000000000000000000000000000000000000000000000000000000000000000000000000000000000000000000000000000000000000000000000000000000000000000000000000000000000000000000000000000000000000000000000000000000000000000000000000000000000000000000000000000000000000000000000000000000000000000000000000000000000000000000000000000000000000000000000000000000000000000000000000000000000000000000000000000000000000000000000000000000000000000000000000000000000000000000000000000000000000000000000000000000000000000000000000000000000000000000000000000000000000000000000000000000000000000000000000000000000000000000000', 0, 0, 0, 0, 0, null, null, 0, 20110226, 0);
insert into T_OPERATOR (OPERID, OPERCODE, OPERSEQNO, OPERTYPE, BRANCHID, CARDNO, OPERNAME, TEL, MOBILE, EMAIL, ADDR, ZIPCODE, OPERPWD, STATUS, MENUSET, FUNCSET, RIGHTFLAG, SITELIMIT, LOGINFLAG, LOGINSITENO, LASTTRANSDATE, LOGINTIME, LOGOUTTIME, FAILNUMBER, OPENDATE, CLOSEDATE)
values (12, 'CP1191', 0, 2, 119, 0, 'A', null, null, null, null, null, '380689C390D220B3', 1, '00110001000000000000000000100000000110001100000110000001001000000000000000000000100000000000000000000000000000000000000000000000000000000000000000000000000000000000000000000000000000000000000000000000000000000000000000000000000000000000000000000000000000000000000000000000000000000000000000000000000000000000000000000000000000000000000000000000000000000000000000000000000000000000000000000000000000000000000000000000000000000000000000000000000000000000000000000000000000000000000000000000000000000000000000000000000000000000000000000000000000000000000000000000000000000000000000000000000000000000000000000000000000000000000000000000000000000000000000000000000000000000000000000000000000000000000000000000000000000000000000000000000000000000000000000000000000000000000000000000000000000000000000000000', '000000000000000000000000000000000000000000000000000000000000000000000000000000000000000000000000000000000000000000000000000000000000000000000000000000000000000000000000000000000000000000000000000000000000000000000000000000000000000000000000000000000000000000000000000000000000000000000000000000000000000000000000000000000000000000000000000000000000000000000000000000000000000000000000000000000000000000000000000000000000000000000000000000000000000000000000000000000000000000000000000000000000000000000000000000000000000000000000000000000000000000000000000000000000000000000000000000000000000000000000', 0, 0, 0, 0, 0, null, null, 0, 20110226, 0);
insert into T_OPERATOR (OPERID, OPERCODE, OPERSEQNO, OPERTYPE, BRANCHID, CARDNO, OPERNAME, TEL, MOBILE, EMAIL, ADDR, ZIPCODE, OPERPWD, STATUS, MENUSET, FUNCSET, RIGHTFLAG, SITELIMIT, LOGINFLAG, LOGINSITENO, LASTTRANSDATE, LOGINTIME, LOGOUTTIME, FAILNUMBER, OPENDATE, CLOSEDATE)
values (10, 'ZMT701', 0, 2, 70, 0, '邱振滔', null, '15015101699', '595989228@qq.com', null, null, '022A2F63B18D9493', 1, '00110001000000000000000000100000000110001100000110000001001000000000000000000000100000000000000000000000000000000000000000000000000000000000000000000000000000000000000000000000000000000000000000000000000000000000000000000000000000000000000000000000000000000000000000000000000000000000000000000000000000000000000000000000000000000000000000000000000000000000000000000000000000000000000000000000000000000000000000000000000000000000000000000000000000000000000000000000000000000000000000000000000000000000000000000000000000000000000000000000000000000000000000000000000000000000000000000000000000000000000000000000000000000000000000000000000000000000000000000000000000000000000000000000000000000000000000000000000000000000000000000000000000000000000000000000000000000000000000000000000000000000000000000000', '000000000000000000000000000000000000000000000000000000000000000000000000000000000000000000000000000000000000000000000000000000000000000000000000000000000000000000000000000000000000000000000000000000000000000000000000000000000000000000000000000000000000000000000000000000000000000000000000000000000000000000000000000000000000000000000000000000000000000000000000000000000000000000000000000000000000000000000000000000000000000000000000000000000000000000000000000000000000000000000000000000000000000000000000000000000000000000000000000000000000000000000000000000000000000000000000000000000000000000000000', 0, 0, 0, 0, 0, null, null, 0, 20110226, 0);
insert into T_OPERATOR (OPERID, OPERCODE, OPERSEQNO, OPERTYPE, BRANCHID, CARDNO, OPERNAME, TEL, MOBILE, EMAIL, ADDR, ZIPCODE, OPERPWD, STATUS, MENUSET, FUNCSET, RIGHTFLAG, SITELIMIT, LOGINFLAG, LOGINSITENO, LASTTRANSDATE, LOGINTIME, LOGOUTTIME, FAILNUMBER, OPENDATE, CLOSEDATE)
values (11, 'ZMT711', 0, 2, 71, 0, '郭小林', null, '13922991635', '13922991635@139.com', null, null, '022A2F63B18D9493', 1, '00110001000000000000000000100000000110001100000110000001001000000000000000000000100000000000000000000000000000000000000000000000000000000000000000000000000000000000000000000000000000000000000000000000000000000000000000000000000000000000000000000000000000000000000000000000000000000000000000000000000000000000000000000000000000000000000000000000000000000000000000000000000000000000000000000000000000000000000000000000000000000000000000000000000000000000000000000000000000000000000000000000000000000000000000000000000000000000000000000000000000000000000000000000000000000000000000000000000000000000000000000000000000000000000000000000000000000000000000000000000000000000000000000000000000000000000000000000000000000000000000000000000000000000000000000000000000000000000000000000000000000000000000000000', '000000000000000000000000000000000000000000000000000000000000000000000000000000000000000000000000000000000000000000000000000000000000000000000000000000000000000000000000000000000000000000000000000000000000000000000000000000000000000000000000000000000000000000000000000000000000000000000000000000000000000000000000000000000000000000000000000000000000000000000000000000000000000000000000000000000000000000000000000000000000000000000000000000000000000000000000000000000000000000000000000000000000000000000000000000000000000000000000000000000000000000000000000000000000000000000000000000000000000000000000', 0, 0, 0, 0, 0, null, null, 0, 20110226, 0);
commit;


insert into T_BRANCH (BRANCHID, AREACODE, TOWNCODE, BRANCHNO, BRANCHNAME, BRANCHTYPE, CONTACTMAN, TEL, MOBILE, FAX, ADDR, ZIPCODE, STATUS, OPENDATE, CLOSEDATE)
values (11, '6', 'CS', 'SCDG2C228', '茶山茶园路服营厅', '1', null, null, null, null, null, null, '1', 20101220, null);
insert into T_BRANCH (BRANCHID, AREACODE, TOWNCODE, BRANCHNO, BRANCHNAME, BRANCHTYPE, CONTACTMAN, TEL, MOBILE, FAX, ADDR, ZIPCODE, STATUS, OPENDATE, CLOSEDATE)
values (12, '6', 'CS', 'SCDG2C22H', '茶山南社服营厅', '1', null, null, null, null, null, null, '1', 20101220, null);
insert into T_BRANCH (BRANCHID, AREACODE, TOWNCODE, BRANCHNO, BRANCHNAME, BRANCHTYPE, CONTACTMAN, TEL, MOBILE, FAX, ADDR, ZIPCODE, STATUS, OPENDATE, CLOSEDATE)
values (13, '6', 'CS', 'SCDG2C22I', '茶山增堵边服营厅', '1', null, null, null, null, null, null, '1', 20101220, null);
insert into T_BRANCH (BRANCHID, AREACODE, TOWNCODE, BRANCHNO, BRANCHNAME, BRANCHTYPE, CONTACTMAN, TEL, MOBILE, FAX, ADDR, ZIPCODE, STATUS, OPENDATE, CLOSEDATE)
values (14, '6', 'HL', 'SCDG2C215', '横沥天桥路服营厅', '1', null, null, null, null, null, null, '1', 20101220, null);
insert into T_BRANCH (BRANCHID, AREACODE, TOWNCODE, BRANCHNO, BRANCHNAME, BRANCHTYPE, CONTACTMAN, TEL, MOBILE, FAX, ADDR, ZIPCODE, STATUS, OPENDATE, CLOSEDATE)
values (15, '6', 'HL', 'SCDG2C20B', '横沥中山路服营厅', '1', null, null, null, null, null, null, '1', 20101220, null);
insert into T_BRANCH (BRANCHID, AREACODE, TOWNCODE, BRANCHNO, BRANCHNAME, BRANCHTYPE, CONTACTMAN, TEL, MOBILE, FAX, ADDR, ZIPCODE, STATUS, OPENDATE, CLOSEDATE)
values (16, '6', 'LB', 'SCDG2C21B', '寮步横坑服营厅', '1', null, null, null, null, null, null, '1', 20101220, null);
insert into T_BRANCH (BRANCHID, AREACODE, TOWNCODE, BRANCHNO, BRANCHNAME, BRANCHTYPE, CONTACTMAN, TEL, MOBILE, FAX, ADDR, ZIPCODE, STATUS, OPENDATE, CLOSEDATE)
values (17, '6', 'LB', 'SCDG2C22F', '寮步红荔路服营厅', '1', null, null, null, null, null, null, '1', 20101220, null);
insert into T_BRANCH (BRANCHID, AREACODE, TOWNCODE, BRANCHNO, BRANCHNAME, BRANCHTYPE, CONTACTMAN, TEL, MOBILE, FAX, ADDR, ZIPCODE, STATUS, OPENDATE, CLOSEDATE)
values (18, '6', 'LB', 'SCDG2C20I', '寮步教育路服营厅', '1', null, null, null, null, null, null, '1', 20101220, null);
insert into T_BRANCH (BRANCHID, AREACODE, TOWNCODE, BRANCHNO, BRANCHNAME, BRANCHTYPE, CONTACTMAN, TEL, MOBILE, FAX, ADDR, ZIPCODE, STATUS, OPENDATE, CLOSEDATE)
values (19, '6', 'LB', 'SCDG2C21P', '寮步坑口服营厅', '1', null, null, null, null, null, null, '1', 20101220, null);
insert into T_BRANCH (BRANCHID, AREACODE, TOWNCODE, BRANCHNO, BRANCHNAME, BRANCHTYPE, CONTACTMAN, TEL, MOBILE, FAX, ADDR, ZIPCODE, STATUS, OPENDATE, CLOSEDATE)
values (20, '6', 'LB', 'SCDG2C234', '寮步蟠龙大道三正豪园服营厅', '1', null, null, null, null, null, null, '1', 20101220, null);
insert into T_BRANCH (BRANCHID, AREACODE, TOWNCODE, BRANCHNO, BRANCHNAME, BRANCHTYPE, CONTACTMAN, TEL, MOBILE, FAX, ADDR, ZIPCODE, STATUS, OPENDATE, CLOSEDATE)
values (21, '6', 'QS', 'SCDG2C223', '企石江滨路服营厅', '1', null, null, null, null, null, null, '1', 20101220, null);
insert into T_BRANCH (BRANCHID, AREACODE, TOWNCODE, BRANCHNO, BRANCHNAME, BRANCHTYPE, CONTACTMAN, TEL, MOBILE, FAX, ADDR, ZIPCODE, STATUS, OPENDATE, CLOSEDATE)
values (22, '6', 'QS', 'SCDG2C20N', '企石振安路服营厅', '1', null, null, null, null, null, null, '1', 20101220, null);
insert into T_BRANCH (BRANCHID, AREACODE, TOWNCODE, BRANCHNO, BRANCHNAME, BRANCHTYPE, CONTACTMAN, TEL, MOBILE, FAX, ADDR, ZIPCODE, STATUS, OPENDATE, CLOSEDATE)
values (23, '6', 'SJ', 'SCDG2C227', '石碣崇焕路服营厅', '1', null, null, null, null, null, null, '1', 20101220, null);
insert into T_BRANCH (BRANCHID, AREACODE, TOWNCODE, BRANCHNO, BRANCHNAME, BRANCHTYPE, CONTACTMAN, TEL, MOBILE, FAX, ADDR, ZIPCODE, STATUS, OPENDATE, CLOSEDATE)
values (25, '6', 'SJ', 'SCDG2C22W', '石碣东风路盈翠豪园服营厅', '1', null, null, null, null, null, null, '1', 20101220, null);
insert into T_BRANCH (BRANCHID, AREACODE, TOWNCODE, BRANCHNO, BRANCHNAME, BRANCHTYPE, CONTACTMAN, TEL, MOBILE, FAX, ADDR, ZIPCODE, STATUS, OPENDATE, CLOSEDATE)
values (26, '6', 'SJ', 'SCDG2C21I', '石碣桔洲服营厅', '1', null, null, null, null, null, null, '1', 20101220, null);
insert into T_BRANCH (BRANCHID, AREACODE, TOWNCODE, BRANCHNO, BRANCHNAME, BRANCHTYPE, CONTACTMAN, TEL, MOBILE, FAX, ADDR, ZIPCODE, STATUS, OPENDATE, CLOSEDATE)
values (27, '6', 'SJ', 'SCDG2C238', '石碣明珠中路服营厅', '1', null, null, null, null, null, null, '1', 20101220, null);
insert into T_BRANCH (BRANCHID, AREACODE, TOWNCODE, BRANCHNO, BRANCHNAME, BRANCHTYPE, CONTACTMAN, TEL, MOBILE, FAX, ADDR, ZIPCODE, STATUS, OPENDATE, CLOSEDATE)
values (28, '6', 'SJ', 'SCDG2C211', '石碣新风路服营厅', '1', '2123213', null, null, null, null, null, '1', 20101220, null);
insert into T_BRANCH (BRANCHID, AREACODE, TOWNCODE, BRANCHNO, BRANCHNAME, BRANCHTYPE, CONTACTMAN, TEL, MOBILE, FAX, ADDR, ZIPCODE, STATUS, OPENDATE, CLOSEDATE)
values (29, '6', 'SL', 'SCDG2C23K', '石龙聚豪名轩服营厅', '1', null, null, null, null, null, null, '1', 20101220, null);
insert into T_BRANCH (BRANCHID, AREACODE, TOWNCODE, BRANCHNO, BRANCHNAME, BRANCHTYPE, CONTACTMAN, TEL, MOBILE, FAX, ADDR, ZIPCODE, STATUS, OPENDATE, CLOSEDATE)
values (30, '6', 'SL', 'SCDG2C20F', '石龙聚龙湾服营厅', '1', null, null, null, null, null, null, '1', 20101220, null);
insert into T_BRANCH (BRANCHID, AREACODE, TOWNCODE, BRANCHNO, BRANCHNAME, BRANCHTYPE, CONTACTMAN, TEL, MOBILE, FAX, ADDR, ZIPCODE, STATUS, OPENDATE, CLOSEDATE)
values (31, '6', 'SL', 'SCDG2C224', '石龙西湖区服营厅', '1', null, null, null, null, null, null, '1', 20101220, null);
insert into T_BRANCH (BRANCHID, AREACODE, TOWNCODE, BRANCHNO, BRANCHNAME, BRANCHTYPE, CONTACTMAN, TEL, MOBILE, FAX, ADDR, ZIPCODE, STATUS, OPENDATE, CLOSEDATE)
values (32, '6', 'SP', 'SCDG2C225', '石排大道中服营厅', '1', null, null, null, null, null, null, '1', 20101220, null);
insert into T_BRANCH (BRANCHID, AREACODE, TOWNCODE, BRANCHNO, BRANCHNAME, BRANCHTYPE, CONTACTMAN, TEL, MOBILE, FAX, ADDR, ZIPCODE, STATUS, OPENDATE, CLOSEDATE)
values (33, '6', 'SP', 'SCDG2C22G', '石排石兴路服营厅', '1', null, null, null, null, null, null, '1', 20101220, null);
insert into T_BRANCH (BRANCHID, AREACODE, TOWNCODE, BRANCHNO, BRANCHNAME, BRANCHTYPE, CONTACTMAN, TEL, MOBILE, FAX, ADDR, ZIPCODE, STATUS, OPENDATE, CLOSEDATE)
values (34, '2', 'DC', 'SCDG2C22J', '东城大井头路服营厅', '1', null, null, null, null, null, null, '1', 20101220, null);
insert into T_BRANCH (BRANCHID, AREACODE, TOWNCODE, BRANCHNO, BRANCHNAME, BRANCHTYPE, CONTACTMAN, TEL, MOBILE, FAX, ADDR, ZIPCODE, STATUS, OPENDATE, CLOSEDATE)
values (35, '2', 'DC', 'SCDG2C20X', '东城东泰花园服营厅', '1', null, null, null, null, null, null, '1', 20101220, null);
insert into T_BRANCH (BRANCHID, AREACODE, TOWNCODE, BRANCHNO, BRANCHNAME, BRANCHTYPE, CONTACTMAN, TEL, MOBILE, FAX, ADDR, ZIPCODE, STATUS, OPENDATE, CLOSEDATE)
values (36, '2', 'DC', 'SCDG2C20W', '东城红荔路服营厅', '1', null, null, null, null, null, null, '1', 20101220, null);
insert into T_BRANCH (BRANCHID, AREACODE, TOWNCODE, BRANCHNO, BRANCHNAME, BRANCHTYPE, CONTACTMAN, TEL, MOBILE, FAX, ADDR, ZIPCODE, STATUS, OPENDATE, CLOSEDATE)
values (37, '2', 'DC', 'SCDG2C22K', '东城石井大道服营厅', '1', null, null, null, null, null, null, '1', 20101220, null);
insert into T_BRANCH (BRANCHID, AREACODE, TOWNCODE, BRANCHNO, BRANCHNAME, BRANCHTYPE, CONTACTMAN, TEL, MOBILE, FAX, ADDR, ZIPCODE, STATUS, OPENDATE, CLOSEDATE)
values (38, '2', 'DC', 'SCDG2C207', '东城移动广场服营厅', '1', null, null, null, null, null, null, '1', 20101220, null);
insert into T_BRANCH (BRANCHID, AREACODE, TOWNCODE, BRANCHNO, BRANCHNAME, BRANCHTYPE, CONTACTMAN, TEL, MOBILE, FAX, ADDR, ZIPCODE, STATUS, OPENDATE, CLOSEDATE)
values (40, '2', 'NC', 'SCDG2C23J', '南城鸿福东路汇成服营厅', '1', null, null, null, null, null, null, '1', 20101220, null);
insert into T_BRANCH (BRANCHID, AREACODE, TOWNCODE, BRANCHNO, BRANCHNAME, BRANCHTYPE, CONTACTMAN, TEL, MOBILE, FAX, ADDR, ZIPCODE, STATUS, OPENDATE, CLOSEDATE)
values (41, '2', 'NC', 'SCDG2C22E', '南城鸿福西路服营厅', '1', null, null, null, null, null, null, '1', 20101220, null);
insert into T_BRANCH (BRANCHID, AREACODE, TOWNCODE, BRANCHNO, BRANCHNAME, BRANCHTYPE, CONTACTMAN, TEL, MOBILE, FAX, ADDR, ZIPCODE, STATUS, OPENDATE, CLOSEDATE)
values (42, '2', 'NC', 'SCDG2C22X', '南城金丰路江南世家服营厅', '1', null, null, null, null, null, null, '1', 20101220, null);
insert into T_BRANCH (BRANCHID, AREACODE, TOWNCODE, BRANCHNO, BRANCHNAME, BRANCHTYPE, CONTACTMAN, TEL, MOBILE, FAX, ADDR, ZIPCODE, STATUS, OPENDATE, CLOSEDATE)
values (43, '2', 'NC', 'SCDG2C205', '南城石竹路服营厅', '1', null, null, null, null, null, null, '1', 20101220, null);
insert into T_BRANCH (BRANCHID, AREACODE, TOWNCODE, BRANCHNO, BRANCHNAME, BRANCHTYPE, CONTACTMAN, TEL, MOBILE, FAX, ADDR, ZIPCODE, STATUS, OPENDATE, CLOSEDATE)
values (44, '2', 'NC', 'SCDG2C232', '南城西平宏伟路服营厅', '1', null, null, null, null, null, null, '1', 20101220, null);
insert into T_BRANCH (BRANCHID, AREACODE, TOWNCODE, BRANCHNO, BRANCHNAME, BRANCHTYPE, CONTACTMAN, TEL, MOBILE, FAX, ADDR, ZIPCODE, STATUS, OPENDATE, CLOSEDATE)
values (45, '2', 'NC', 'SCDG2C210', '南城众利路服营厅', '1', null, null, null, null, null, null, '1', 20101220, null);
insert into T_BRANCH (BRANCHID, AREACODE, TOWNCODE, BRANCHNO, BRANCHNAME, BRANCHTYPE, CONTACTMAN, TEL, MOBILE, FAX, ADDR, ZIPCODE, STATUS, OPENDATE, CLOSEDATE)
values (46, '2', 'SSH', 'SCDG2C23O', '松山湖服营厅', '1', null, null, '2222', null, null, null, '1', 20101220, null);
insert into T_BRANCH (BRANCHID, AREACODE, TOWNCODE, BRANCHNO, BRANCHNAME, BRANCHTYPE, CONTACTMAN, TEL, MOBILE, FAX, ADDR, ZIPCODE, STATUS, OPENDATE, CLOSEDATE)
values (47, '2', 'SSH', 'SCDG2C229', '松山湖理工学院动感地带校园店', '1', null, null, null, null, null, null, '1', 20101220, null);
insert into T_BRANCH (BRANCHID, AREACODE, TOWNCODE, BRANCHNO, BRANCHNAME, BRANCHTYPE, CONTACTMAN, TEL, MOBILE, FAX, ADDR, ZIPCODE, STATUS, OPENDATE, CLOSEDATE)
values (48, '2', 'GC', 'SCDG2C20J', '城区运河服营厅', '1', null, null, null, null, null, null, '1', 20101220, null);
insert into T_BRANCH (BRANCHID, AREACODE, TOWNCODE, BRANCHNO, BRANCHNAME, BRANCHTYPE, CONTACTMAN, TEL, MOBILE, FAX, ADDR, ZIPCODE, STATUS, OPENDATE, CLOSEDATE)
values (49, '2', 'GC', 'SCDG2C21R', '莞城旗峰路服营厅', '1', null, null, null, null, null, null, '1', 20101220, null);
insert into T_BRANCH (BRANCHID, AREACODE, TOWNCODE, BRANCHNO, BRANCHNAME, BRANCHTYPE, CONTACTMAN, TEL, MOBILE, FAX, ADDR, ZIPCODE, STATUS, OPENDATE, CLOSEDATE)
values (50, '2', 'GC', 'SCDG2C22D', '莞城兴隆新村服营厅', '1', null, null, null, null, null, null, '1', 20101220, null);
insert into T_BRANCH (BRANCHID, AREACODE, TOWNCODE, BRANCHNO, BRANCHNAME, BRANCHTYPE, CONTACTMAN, TEL, MOBILE, FAX, ADDR, ZIPCODE, STATUS, OPENDATE, CLOSEDATE)
values (51, '2', 'WJ', 'SCDG2C213', '万江石美服营厅', '1', null, null, null, null, null, null, '1', 20101220, null);
insert into T_BRANCH (BRANCHID, AREACODE, TOWNCODE, BRANCHNO, BRANCHNAME, BRANCHTYPE, CONTACTMAN, TEL, MOBILE, FAX, ADDR, ZIPCODE, STATUS, OPENDATE, CLOSEDATE)
values (52, '2', 'WJ', 'SCDG2C221', '万江万福路服营厅', '1', null, null, null, null, null, null, '1', 20101220, null);
insert into T_BRANCH (BRANCHID, AREACODE, TOWNCODE, BRANCHNO, BRANCHNAME, BRANCHTYPE, CONTACTMAN, TEL, MOBILE, FAX, ADDR, ZIPCODE, STATUS, OPENDATE, CLOSEDATE)
values (53, '2', 'WJ', 'SCDG2C200', '万江万江大道服营厅', '1', null, null, null, null, null, null, '1', 20101220, null);
insert into T_BRANCH (BRANCHID, AREACODE, TOWNCODE, BRANCHNO, BRANCHNAME, BRANCHTYPE, CONTACTMAN, TEL, MOBILE, FAX, ADDR, ZIPCODE, STATUS, OPENDATE, CLOSEDATE)
values (54, '2', 'DC', 'SCDG2C23M', '东城东宝路蔚蓝星湖服营厅', '1', null, null, null, null, null, null, '1', 20101220, null);
insert into T_BRANCH (BRANCHID, AREACODE, TOWNCODE, BRANCHNO, BRANCHNAME, BRANCHTYPE, CONTACTMAN, TEL, MOBILE, FAX, ADDR, ZIPCODE, STATUS, OPENDATE, CLOSEDATE)
values (55, '3', 'FG', 'SCDG2C239', '凤岗凤园路服营厅', '1', null, null, null, null, null, null, '1', 20101220, null);
insert into T_BRANCH (BRANCHID, AREACODE, TOWNCODE, BRANCHNO, BRANCHNAME, BRANCHTYPE, CONTACTMAN, TEL, MOBILE, FAX, ADDR, ZIPCODE, STATUS, OPENDATE, CLOSEDATE)
values (56, '3', 'FG', 'SCDG2C218', '凤岗官井头服营厅', '1', null, null, null, null, null, null, '1', 20101220, null);
insert into T_BRANCH (BRANCHID, AREACODE, TOWNCODE, BRANCHNO, BRANCHNAME, BRANCHTYPE, CONTACTMAN, TEL, MOBILE, FAX, ADDR, ZIPCODE, STATUS, OPENDATE, CLOSEDATE)
values (57, '3', 'FG', 'SCDG2C20A', '凤岗金凤路服营厅', '1', null, null, null, null, null, null, '1', 20101220, null);
insert into T_BRANCH (BRANCHID, AREACODE, TOWNCODE, BRANCHNO, BRANCHNAME, BRANCHTYPE, CONTACTMAN, TEL, MOBILE, FAX, ADDR, ZIPCODE, STATUS, OPENDATE, CLOSEDATE)
values (58, '3', 'FG', 'SCDG2C219', '凤岗雁田服营厅', '1', null, null, null, null, null, null, '1', 20101220, null);
insert into T_BRANCH (BRANCHID, AREACODE, TOWNCODE, BRANCHNO, BRANCHNAME, BRANCHTYPE, CONTACTMAN, TEL, MOBILE, FAX, ADDR, ZIPCODE, STATUS, OPENDATE, CLOSEDATE)
values (59, '3', 'QX', 'SCDG2C202', '清溪大利服营厅', '1', null, null, null, null, null, null, '1', 20101220, null);
insert into T_BRANCH (BRANCHID, AREACODE, TOWNCODE, BRANCHNO, BRANCHNAME, BRANCHTYPE, CONTACTMAN, TEL, MOBILE, FAX, ADDR, ZIPCODE, STATUS, OPENDATE, CLOSEDATE)
values (60, '3', 'QX', 'SCDG2C22O', '清溪嘉信广场服营厅', '1', null, null, null, null, null, null, '1', 20101220, null);
insert into T_BRANCH (BRANCHID, AREACODE, TOWNCODE, BRANCHNO, BRANCHNAME, BRANCHTYPE, CONTACTMAN, TEL, MOBILE, FAX, ADDR, ZIPCODE, STATUS, OPENDATE, CLOSEDATE)
values (61, '3', 'QX', 'SCDG2C21F', '清溪聚富家园服营厅', '1', null, null, null, null, null, null, '1', 20101220, null);
insert into T_BRANCH (BRANCHID, AREACODE, TOWNCODE, BRANCHNO, BRANCHNAME, BRANCHTYPE, CONTACTMAN, TEL, MOBILE, FAX, ADDR, ZIPCODE, STATUS, OPENDATE, CLOSEDATE)
values (62, '3', 'QX', 'SCDG2C220', '清溪香芒西路服营厅', '1', null, null, null, null, null, null, '1', 20101220, null);
insert into T_BRANCH (BRANCHID, AREACODE, TOWNCODE, BRANCHNO, BRANCHNAME, BRANCHTYPE, CONTACTMAN, TEL, MOBILE, FAX, ADDR, ZIPCODE, STATUS, OPENDATE, CLOSEDATE)
values (63, '3', 'TS', 'SCDG2C20Q', '塘厦宏业服营厅', '1', null, null, null, null, null, null, '1', 20101220, null);
insert into T_BRANCH (BRANCHID, AREACODE, TOWNCODE, BRANCHNO, BRANCHNAME, BRANCHTYPE, CONTACTMAN, TEL, MOBILE, FAX, ADDR, ZIPCODE, STATUS, OPENDATE, CLOSEDATE)
values (64, '3', 'TS', 'SCDG2C22Z', '塘厦花园街服营厅', '1', null, null, null, null, null, null, '1', 20101220, null);
insert into T_BRANCH (BRANCHID, AREACODE, TOWNCODE, BRANCHNO, BRANCHNAME, BRANCHTYPE, CONTACTMAN, TEL, MOBILE, FAX, ADDR, ZIPCODE, STATUS, OPENDATE, CLOSEDATE)
values (65, '3', 'TS', 'SCDG2C21G', '塘厦江源大道服营厅', '1', null, null, null, null, null, null, '1', 20101220, null);
insert into T_BRANCH (BRANCHID, AREACODE, TOWNCODE, BRANCHNO, BRANCHNAME, BRANCHTYPE, CONTACTMAN, TEL, MOBILE, FAX, ADDR, ZIPCODE, STATUS, OPENDATE, CLOSEDATE)
values (66, '3', 'TS', 'SCDG2C20P', '塘厦三正服营厅', '1', null, null, null, null, null, null, '1', 20101220, null);
insert into T_BRANCH (BRANCHID, AREACODE, TOWNCODE, BRANCHNO, BRANCHNAME, BRANCHTYPE, CONTACTMAN, TEL, MOBILE, FAX, ADDR, ZIPCODE, STATUS, OPENDATE, CLOSEDATE)
values (67, '3', 'TS', 'SCDG2C22V', '塘厦石鼓服营厅', '1', null, null, null, null, null, null, '1', 20101220, null);
insert into T_BRANCH (BRANCHID, AREACODE, TOWNCODE, BRANCHNO, BRANCHNAME, BRANCHTYPE, CONTACTMAN, TEL, MOBILE, FAX, ADDR, ZIPCODE, STATUS, OPENDATE, CLOSEDATE)
values (68, '3', 'TS', 'SCDG2C21E', '塘厦塘龙路服营厅', '1', null, null, null, null, null, null, '1', 20101220, null);
insert into T_BRANCH (BRANCHID, AREACODE, TOWNCODE, BRANCHNO, BRANCHNAME, BRANCHTYPE, CONTACTMAN, TEL, MOBILE, FAX, ADDR, ZIPCODE, STATUS, OPENDATE, CLOSEDATE)
values (69, '3', 'XG', 'SCDG2C20Y', '谢岗谢常路服营厅', '1', null, null, null, null, null, null, '1', 20101220, null);
insert into T_BRANCH (BRANCHID, AREACODE, TOWNCODE, BRANCHNO, BRANCHNAME, BRANCHTYPE, CONTACTMAN, TEL, MOBILE, FAX, ADDR, ZIPCODE, STATUS, OPENDATE, CLOSEDATE)
values (70, '3', 'ZMT', 'SCDG2C22N', '樟木头帝雍园服营厅', '1', null, null, null, null, null, null, '1', 20101220, null);
insert into T_BRANCH (BRANCHID, AREACODE, TOWNCODE, BRANCHNO, BRANCHNAME, BRANCHTYPE, CONTACTMAN, TEL, MOBILE, FAX, ADDR, ZIPCODE, STATUS, OPENDATE, CLOSEDATE)
values (71, '3', 'ZMT', 'SCDG2C20E', '樟木头新兴街服营厅', '1', null, null, null, null, null, null, '1', 20101220, null);
insert into T_BRANCH (BRANCHID, AREACODE, TOWNCODE, BRANCHNO, BRANCHNAME, BRANCHTYPE, CONTACTMAN, TEL, MOBILE, FAX, ADDR, ZIPCODE, STATUS, OPENDATE, CLOSEDATE)
values (72, '3', 'QT', 'SCDG2C24R', '桥头长青路服营厅', '1', null, null, null, null, null, null, '1', 20101220, null);
insert into T_BRANCH (BRANCHID, AREACODE, TOWNCODE, BRANCHNO, BRANCHNAME, BRANCHTYPE, CONTACTMAN, TEL, MOBILE, FAX, ADDR, ZIPCODE, STATUS, OPENDATE, CLOSEDATE)
values (73, '3', 'QT', 'SCDG2C20K', '桥头桥光大道服营厅', '1', null, null, null, null, null, null, '1', 20101220, null);
insert into T_BRANCH (BRANCHID, AREACODE, TOWNCODE, BRANCHNO, BRANCHNAME, BRANCHTYPE, CONTACTMAN, TEL, MOBILE, FAX, ADDR, ZIPCODE, STATUS, OPENDATE, CLOSEDATE)
values (74, '5', 'CA', 'SCDG2C21O', '长安长盛西路服营厅', '1', null, null, null, null, null, null, '1', 20101220, null);
insert into T_BRANCH (BRANCHID, AREACODE, TOWNCODE, BRANCHNO, BRANCHNAME, BRANCHTYPE, CONTACTMAN, TEL, MOBILE, FAX, ADDR, ZIPCODE, STATUS, OPENDATE, CLOSEDATE)
values (75, '5', 'CA', 'SCDG2C21L', '长安街口服营厅', '1', null, null, null, null, null, null, '1', 20101220, null);
insert into T_BRANCH (BRANCHID, AREACODE, TOWNCODE, BRANCHNO, BRANCHNAME, BRANCHTYPE, CONTACTMAN, TEL, MOBILE, FAX, ADDR, ZIPCODE, STATUS, OPENDATE, CLOSEDATE)
values (76, '5', 'CA', 'SCDG2C22S', '长安锦江花园服营厅', '1', null, null, null, null, null, null, '1', 20101220, null);
insert into T_BRANCH (BRANCHID, AREACODE, TOWNCODE, BRANCHNO, BRANCHNAME, BRANCHTYPE, CONTACTMAN, TEL, MOBILE, FAX, ADDR, ZIPCODE, STATUS, OPENDATE, CLOSEDATE)
values (77, '5', 'CA', 'SCDG2C20D', '长安莲峰路（南）服营厅', '1', null, null, null, null, null, null, '1', 20101220, null);
insert into T_BRANCH (BRANCHID, AREACODE, TOWNCODE, BRANCHNO, BRANCHNAME, BRANCHTYPE, CONTACTMAN, TEL, MOBILE, FAX, ADDR, ZIPCODE, STATUS, OPENDATE, CLOSEDATE)
values (78, '5', 'CA', 'SCDG2C21M', '长安莲花广场服营厅', '1', null, null, null, null, null, null, '1', 20101220, null);
insert into T_BRANCH (BRANCHID, AREACODE, TOWNCODE, BRANCHNO, BRANCHNAME, BRANCHTYPE, CONTACTMAN, TEL, MOBILE, FAX, ADDR, ZIPCODE, STATUS, OPENDATE, CLOSEDATE)
values (79, '5', 'CA', 'SCDG2C22T', '长安上角上南路服营厅', '1', null, null, null, null, null, null, '1', 20101220, null);
insert into T_BRANCH (BRANCHID, AREACODE, TOWNCODE, BRANCHNO, BRANCHNAME, BRANCHTYPE, CONTACTMAN, TEL, MOBILE, FAX, ADDR, ZIPCODE, STATUS, OPENDATE, CLOSEDATE)
values (80, '5', 'CA', 'SCDG2C212', '长安上沙服营厅', '1', null, null, null, null, null, null, '1', 20101220, null);
insert into T_BRANCH (BRANCHID, AREACODE, TOWNCODE, BRANCHNO, BRANCHNAME, BRANCHTYPE, CONTACTMAN, TEL, MOBILE, FAX, ADDR, ZIPCODE, STATUS, OPENDATE, CLOSEDATE)
values (81, '5', 'CA', 'SCDG2C23E', '长安霄边大道中服营厅', '1', null, null, null, null, null, null, '1', 20101220, null);
insert into T_BRANCH (BRANCHID, AREACODE, TOWNCODE, BRANCHNO, BRANCHNAME, BRANCHTYPE, CONTACTMAN, TEL, MOBILE, FAX, ADDR, ZIPCODE, STATUS, OPENDATE, CLOSEDATE)
values (82, '5', 'CA', 'SCDG2C20V', '长安振安路服营厅', '1', null, null, null, null, null, null, '1', 20101220, null);
insert into T_BRANCH (BRANCHID, AREACODE, TOWNCODE, BRANCHNO, BRANCHNAME, BRANCHTYPE, CONTACTMAN, TEL, MOBILE, FAX, ADDR, ZIPCODE, STATUS, OPENDATE, CLOSEDATE)
values (83, '5', 'HUM', 'SCDG2C236', '虎门北栅服营厅', '1', null, null, null, null, null, null, '1', 20101220, null);
insert into T_BRANCH (BRANCHID, AREACODE, TOWNCODE, BRANCHNO, BRANCHNAME, BRANCHTYPE, CONTACTMAN, TEL, MOBILE, FAX, ADDR, ZIPCODE, STATUS, OPENDATE, CLOSEDATE)
values (91, '5', 'HUM', 'SCDG2C22M', '虎门大宁服营厅', '1', null, null, null, null, null, null, '1', 20110225, 0);
insert into T_BRANCH (BRANCHID, AREACODE, TOWNCODE, BRANCHNO, BRANCHNAME, BRANCHTYPE, CONTACTMAN, TEL, MOBILE, FAX, ADDR, ZIPCODE, STATUS, OPENDATE, CLOSEDATE)
values (92, '5', 'HUM', 'SCDG2C22U', '虎门南栅服营厅', '1', null, null, null, null, null, null, '1', 20110225, 0);
insert into T_BRANCH (BRANCHID, AREACODE, TOWNCODE, BRANCHNO, BRANCHNAME, BRANCHTYPE, CONTACTMAN, TEL, MOBILE, FAX, ADDR, ZIPCODE, STATUS, OPENDATE, CLOSEDATE)
values (93, '5', 'HUM', 'SCDG2C21T', '虎门沙太（南）路服营厅', '1', null, null, null, null, null, null, '1', 20110225, 0);
insert into T_BRANCH (BRANCHID, AREACODE, TOWNCODE, BRANCHNO, BRANCHNAME, BRANCHTYPE, CONTACTMAN, TEL, MOBILE, FAX, ADDR, ZIPCODE, STATUS, OPENDATE, CLOSEDATE)
values (94, '5', 'HUM', 'SCDG2C21N', '虎门威远大道服营厅', '1', null, null, null, null, null, null, '1', 20110225, 0);
insert into T_BRANCH (BRANCHID, AREACODE, TOWNCODE, BRANCHNO, BRANCHNAME, BRANCHTYPE, CONTACTMAN, TEL, MOBILE, FAX, ADDR, ZIPCODE, STATUS, OPENDATE, CLOSEDATE)
values (95, '5', 'HUM', 'SCDG2C22L', '虎门镇虎门大道服营厅', '1', null, null, null, null, null, null, '1', 20110225, 0);
insert into T_BRANCH (BRANCHID, AREACODE, TOWNCODE, BRANCHNO, BRANCHNAME, BRANCHTYPE, CONTACTMAN, TEL, MOBILE, FAX, ADDR, ZIPCODE, STATUS, OPENDATE, CLOSEDATE)
values (96, '5', 'HUM', 'SCDG2C237', '虎门镇口服营厅', '1', null, null, null, null, null, null, '1', 20110225, 0);
insert into T_BRANCH (BRANCHID, AREACODE, TOWNCODE, BRANCHNO, BRANCHNAME, BRANCHTYPE, CONTACTMAN, TEL, MOBILE, FAX, ADDR, ZIPCODE, STATUS, OPENDATE, CLOSEDATE)
values (97, '5', 'HUM', 'SCDG2C20C', '虎门中心服营厅', '1', null, null, null, null, null, null, '1', 20110225, 0);
insert into T_BRANCH (BRANCHID, AREACODE, TOWNCODE, BRANCHNO, BRANCHNAME, BRANCHTYPE, CONTACTMAN, TEL, MOBILE, FAX, ADDR, ZIPCODE, STATUS, OPENDATE, CLOSEDATE)
values (98, '5', 'HUM', 'SCDG2C23P', '虎门连升服营厅', '1', null, null, null, null, null, null, '1', 20110225, 0);
insert into T_BRANCH (BRANCHID, AREACODE, TOWNCODE, BRANCHNO, BRANCHNAME, BRANCHTYPE, CONTACTMAN, TEL, MOBILE, FAX, ADDR, ZIPCODE, STATUS, OPENDATE, CLOSEDATE)
values (99, '5', 'ST', 'SCDG2C23N', '沙田东港城服营厅', '1', null, null, null, null, null, null, '1', 20110225, 0);
insert into T_BRANCH (BRANCHID, AREACODE, TOWNCODE, BRANCHNO, BRANCHNAME, BRANCHTYPE, CONTACTMAN, TEL, MOBILE, FAX, ADDR, ZIPCODE, STATUS, OPENDATE, CLOSEDATE)
values (100, '4', 'DJ', 'SCDG2C217', '道蛘裥吮倍路服营厅', '1', null, null, null, null, null, null, '1', 20110225, 0);
insert into T_BRANCH (BRANCHID, AREACODE, TOWNCODE, BRANCHNO, BRANCHNAME, BRANCHTYPE, CONTACTMAN, TEL, MOBILE, FAX, ADDR, ZIPCODE, STATUS, OPENDATE, CLOSEDATE)
values (101, '4', 'GB', 'SCDG2C208', '高陡洞蟮婪营厅', '1', null, null, null, null, null, null, '1', 20110225, 0);
insert into T_BRANCH (BRANCHID, AREACODE, TOWNCODE, BRANCHNO, BRANCHNAME, BRANCHTYPE, CONTACTMAN, TEL, MOBILE, FAX, ADDR, ZIPCODE, STATUS, OPENDATE, CLOSEDATE)
values (102, '4', 'GB', 'SCDG2C226', '高墩裥四下贩营厅', '1', null, null, null, null, null, null, '1', 20110225, 0);
insert into T_BRANCH (BRANCHID, AREACODE, TOWNCODE, BRANCHNO, BRANCHNAME, BRANCHTYPE, CONTACTMAN, TEL, MOBILE, FAX, ADDR, ZIPCODE, STATUS, OPENDATE, CLOSEDATE)
values (103, '4', 'HMEI', 'SCDG2C21Z', '洪梅中心市场服营厅', '1', null, null, null, null, null, null, '1', 20110225, 0);
insert into T_BRANCH (BRANCHID, AREACODE, TOWNCODE, BRANCHNO, BRANCHNAME, BRANCHTYPE, CONTACTMAN, TEL, MOBILE, FAX, ADDR, ZIPCODE, STATUS, OPENDATE, CLOSEDATE)
values (104, '4', 'HOUJ', 'SCDG2C22Q', '厚街赤岭服营厅', '1', null, null, null, null, null, null, '1', 20110225, 0);
insert into T_BRANCH (BRANCHID, AREACODE, TOWNCODE, BRANCHNO, BRANCHNAME, BRANCHTYPE, CONTACTMAN, TEL, MOBILE, FAX, ADDR, ZIPCODE, STATUS, OPENDATE, CLOSEDATE)
values (105, '4', 'HOUJ', 'SCDG2C20H', '厚街东风路服营厅', '1', null, null, null, null, null, null, '1', 20110225, 0);
insert into T_BRANCH (BRANCHID, AREACODE, TOWNCODE, BRANCHNO, BRANCHNAME, BRANCHTYPE, CONTACTMAN, TEL, MOBILE, FAX, ADDR, ZIPCODE, STATUS, OPENDATE, CLOSEDATE)
values (106, '4', 'HOUJ', 'SCDG2C20T', '厚街康乐北路服营厅', '1', null, null, null, null, null, null, '1', 20110225, 0);
insert into T_BRANCH (BRANCHID, AREACODE, TOWNCODE, BRANCHNO, BRANCHNAME, BRANCHTYPE, CONTACTMAN, TEL, MOBILE, FAX, ADDR, ZIPCODE, STATUS, OPENDATE, CLOSEDATE)
values (107, '4', 'HOUJ', 'SCDG2C231', '厚街康乐南路服营厅', '1', null, null, null, null, null, null, '1', 20110225, 0);
insert into T_BRANCH (BRANCHID, AREACODE, TOWNCODE, BRANCHNO, BRANCHNAME, BRANCHTYPE, CONTACTMAN, TEL, MOBILE, FAX, ADDR, ZIPCODE, STATUS, OPENDATE, CLOSEDATE)
values (108, '4', 'HOUJ', 'SCDG2C21S', '厚街桥头服营厅', '1', null, null, null, null, null, null, '1', 20110225, 0);
insert into T_BRANCH (BRANCHID, AREACODE, TOWNCODE, BRANCHNO, BRANCHNAME, BRANCHTYPE, CONTACTMAN, TEL, MOBILE, FAX, ADDR, ZIPCODE, STATUS, OPENDATE, CLOSEDATE)
values (109, '4', 'HOUJ', 'SCDG2C233', '厚街体育路服营厅', '1', null, null, null, null, null, null, '1', 20110225, 0);
insert into T_BRANCH (BRANCHID, AREACODE, TOWNCODE, BRANCHNO, BRANCHNAME, BRANCHTYPE, CONTACTMAN, TEL, MOBILE, FAX, ADDR, ZIPCODE, STATUS, OPENDATE, CLOSEDATE)
values (110, '4', 'MY', 'SCDG2C222', '麻涌凯翠园服营厅', '1', null, null, null, null, null, null, '1', 20110225, 0);
insert into T_BRANCH (BRANCHID, AREACODE, TOWNCODE, BRANCHNO, BRANCHNAME, BRANCHTYPE, CONTACTMAN, TEL, MOBILE, FAX, ADDR, ZIPCODE, STATUS, OPENDATE, CLOSEDATE)
values (111, '4', 'WND', 'SCDG2C21V', '望牛墩镇中路（东）服营厅', '1', null, null, null, null, null, null, '1', 20110225, 0);
insert into T_BRANCH (BRANCHID, AREACODE, TOWNCODE, BRANCHNO, BRANCHNAME, BRANCHTYPE, CONTACTMAN, TEL, MOBILE, FAX, ADDR, ZIPCODE, STATUS, OPENDATE, CLOSEDATE)
values (112, '4', 'ZT', 'SCDG2C23D', '中堂觉华路服营厅', '1', null, null, null, null, null, null, '1', 20110225, 0);
insert into T_BRANCH (BRANCHID, AREACODE, TOWNCODE, BRANCHNO, BRANCHNAME, BRANCHTYPE, CONTACTMAN, TEL, MOBILE, FAX, ADDR, ZIPCODE, STATUS, OPENDATE, CLOSEDATE)
values (113, '7', 'CP', 'SCDG2C235', '常平常马路服营厅', '1', null, null, null, null, null, null, '1', 20110225, 0);
insert into T_BRANCH (BRANCHID, AREACODE, TOWNCODE, BRANCHNO, BRANCHNAME, BRANCHTYPE, CONTACTMAN, TEL, MOBILE, FAX, ADDR, ZIPCODE, STATUS, OPENDATE, CLOSEDATE)
values (114, '7', 'CP', 'SCDG2C20L', '常平大京九服营厅', '1', null, null, null, null, null, null, '1', 20110225, 0);
insert into T_BRANCH (BRANCHID, AREACODE, TOWNCODE, BRANCHNO, BRANCHNAME, BRANCHTYPE, CONTACTMAN, TEL, MOBILE, FAX, ADDR, ZIPCODE, STATUS, OPENDATE, CLOSEDATE)
values (115, '7', 'CP', 'SCDG2C206', '常平豪苑广场服营厅', '1', null, null, null, null, null, null, '1', 20110225, 0);
insert into T_BRANCH (BRANCHID, AREACODE, TOWNCODE, BRANCHNO, BRANCHNAME, BRANCHTYPE, CONTACTMAN, TEL, MOBILE, FAX, ADDR, ZIPCODE, STATUS, OPENDATE, CLOSEDATE)
values (116, '7', 'CP', 'SCDG2C23G', '全球通VIP俱乐部易登车贵宾厅', '1', null, null, null, null, null, null, '1', 20110225, 0);
insert into T_BRANCH (BRANCHID, AREACODE, TOWNCODE, BRANCHNO, BRANCHNAME, BRANCHTYPE, CONTACTMAN, TEL, MOBILE, FAX, ADDR, ZIPCODE, STATUS, OPENDATE, CLOSEDATE)
values (117, '7', 'CP', 'SCDG2C22R', '常平振兴路体育馆服营厅', '1', null, null, null, null, null, null, '1', 20110225, 0);
insert into T_BRANCH (BRANCHID, AREACODE, TOWNCODE, BRANCHNO, BRANCHNAME, BRANCHTYPE, CONTACTMAN, TEL, MOBILE, FAX, ADDR, ZIPCODE, STATUS, OPENDATE, CLOSEDATE)
values (118, '7', 'CP', 'SCDG2C21W', '常平振兴三街服营厅', '1', null, null, null, null, null, null, '1', 20110225, 0);
insert into T_BRANCH (BRANCHID, AREACODE, TOWNCODE, BRANCHNO, BRANCHNAME, BRANCHTYPE, CONTACTMAN, TEL, MOBILE, FAX, ADDR, ZIPCODE, STATUS, OPENDATE, CLOSEDATE)
values (119, '7', 'CP', 'SCDG2C23B', '常平镇常平大道服营厅', '1', null, null, null, null, null, null, '1', 20110225, 0);
insert into T_BRANCH (BRANCHID, AREACODE, TOWNCODE, BRANCHNO, BRANCHNAME, BRANCHTYPE, CONTACTMAN, TEL, MOBILE, FAX, ADDR, ZIPCODE, STATUS, OPENDATE, CLOSEDATE)
values (120, '7', 'DL', 'SCDG2C22Y', '大朗长塘花园服营厅', '1', null, null, null, null, null, null, '1', 20110225, 0);
insert into T_BRANCH (BRANCHID, AREACODE, TOWNCODE, BRANCHNO, BRANCHNAME, BRANCHTYPE, CONTACTMAN, TEL, MOBILE, FAX, ADDR, ZIPCODE, STATUS, OPENDATE, CLOSEDATE)
values (121, '7', 'DL', 'SCDG2C214', '大朗富华大道服营厅', '1', null, null, null, null, null, null, '1', 20110225, 0);
insert into T_BRANCH (BRANCHID, AREACODE, TOWNCODE, BRANCHNO, BRANCHNAME, BRANCHTYPE, CONTACTMAN, TEL, MOBILE, FAX, ADDR, ZIPCODE, STATUS, OPENDATE, CLOSEDATE)
values (122, '7', 'DL', 'SCDG2C21Y', '大朗金朗二路服营厅', '1', null, null, null, null, null, null, '1', 20110225, 0);
insert into T_BRANCH (BRANCHID, AREACODE, TOWNCODE, BRANCHNO, BRANCHNAME, BRANCHTYPE, CONTACTMAN, TEL, MOBILE, FAX, ADDR, ZIPCODE, STATUS, OPENDATE, CLOSEDATE)
values (123, '7', 'DL', 'SCDG2C21H', '大朗美景大道服营厅', '1', null, null, null, null, null, null, '1', 20110225, 0);
insert into T_BRANCH (BRANCHID, AREACODE, TOWNCODE, BRANCHNO, BRANCHNAME, BRANCHTYPE, CONTACTMAN, TEL, MOBILE, FAX, ADDR, ZIPCODE, STATUS, OPENDATE, CLOSEDATE)
values (124, '7', 'DLS', 'SCDG2C23C', '大岭山广场路服营厅', '1', null, null, null, null, null, null, '1', 20110225, 0);
insert into T_BRANCH (BRANCHID, AREACODE, TOWNCODE, BRANCHNO, BRANCHNAME, BRANCHTYPE, CONTACTMAN, TEL, MOBILE, FAX, ADDR, ZIPCODE, STATUS, OPENDATE, CLOSEDATE)
values (125, '7', 'DLS', 'SCDG2C22P', '大岭山中兴路服营厅', '1', null, null, null, null, null, null, '1', 20110225, 0);
insert into T_BRANCH (BRANCHID, AREACODE, TOWNCODE, BRANCHNO, BRANCHNAME, BRANCHTYPE, CONTACTMAN, TEL, MOBILE, FAX, ADDR, ZIPCODE, STATUS, OPENDATE, CLOSEDATE)
values (126, '7', 'HJ', 'SCDG2C209', '黄江富海大道服营厅', '1', null, null, null, null, null, null, '1', 20110225, 0);
insert into T_BRANCH (BRANCHID, AREACODE, TOWNCODE, BRANCHNO, BRANCHNAME, BRANCHTYPE, CONTACTMAN, TEL, MOBILE, FAX, ADDR, ZIPCODE, STATUS, OPENDATE, CLOSEDATE)
values (127, '7', 'HJ', 'SCDG2C20M', '黄江锦绣花园服营厅', '1', null, null, null, null, null, null, '1', 20110225, 0);
insert into T_BRANCH (BRANCHID, AREACODE, TOWNCODE, BRANCHNO, BRANCHNAME, BRANCHTYPE, CONTACTMAN, TEL, MOBILE, FAX, ADDR, ZIPCODE, STATUS, OPENDATE, CLOSEDATE)
values (128, '7', 'HJ', 'SCDG2C23A', '黄江镇黄江大道服营厅', '1', null, null, null, null, null, null, '1', 20110225, 0);
insert into T_BRANCH (BRANCHID, AREACODE, TOWNCODE, BRANCHNO, BRANCHNAME, BRANCHTYPE, CONTACTMAN, TEL, MOBILE, FAX, ADDR, ZIPCODE, STATUS, OPENDATE, CLOSEDATE)
values (129, '7', 'DK', 'SCDG2C21Q', '东坑东安路服营厅', '1', null, null, null, null, null, null, '1', 20110225, 0);
insert into T_BRANCH (BRANCHID, AREACODE, TOWNCODE, BRANCHNO, BRANCHNAME, BRANCHTYPE, CONTACTMAN, TEL, MOBILE, FAX, ADDR, ZIPCODE, STATUS, OPENDATE, CLOSEDATE)
values (130, '7', 'DK', 'SCDG2C24S', '东坑东兴服营厅', '1', null, null, null, null, null, null, '1', 20110225, 0);


insert into T_BOOKTYPE (BOOKTYPE, BOOKNAME)
values (1, '总分类账');
insert into T_BOOKTYPE (BOOKTYPE, BOOKNAME)
values (2, '日记账');
insert into T_BOOKTYPE (BOOKTYPE, BOOKNAME)
values (3, '三栏式明细账');
commit;
insert into T_SYSPARA (PARAID, PARAVAL, PARANAME, PARAUNIT, DISPLAYFLAG, REMARK, LASTSAVED)
values (105, '15', '挂失补办卡、挂失卡销', '天', '1', 'ches', null);
insert into T_SYSPARA (PARAID, PARAVAL, PARANAME, PARAUNIT, DISPLAYFLAG, REMARK, LASTSAVED)
values (102, '20110220000001', '最大卡名单版本号', null, '1', null, null);
insert into T_SYSPARA (PARAID, PARAVAL, PARANAME, PARAUNIT, DISPLAYFLAG, REMARK, LASTSAVED)
values (100, '东莞移动e卡通', '机构名', null, '1', null, null);
insert into T_SYSPARA (PARAID, PARAVAL, PARANAME, PARAUNIT, DISPLAYFLAG, REMARK, LASTSAVED)
values (104, '1000', '卡号单次生成最大数量', null, '1', null, null);
insert into T_SYSPARA (PARAID, PARAVAL, PARANAME, PARAUNIT, DISPLAYFLAG, REMARK, LASTSAVED)
values (101, '20110213000003', '最大黑名单版本号', null, '1', null, null);
insert into T_SYSPARA (PARAID, PARAVAL, PARANAME, PARAUNIT, DISPLAYFLAG, REMARK, LASTSAVED)
values (103, '/tmp', '上传文件路径', null, '1', null, null);
insert into T_SYSPARA (PARAID, PARAVAL, PARANAME, PARAUNIT, DISPLAYFLAG, REMARK, LASTSAVED)
values (110, '1', '阳江加密机平台状态', null, '1', '0-服务关闭1-服务正常,其他-故障', null);
insert into T_SYSPARA (PARAID, PARAVAL, PARANAME, PARAUNIT, DISPLAYFLAG, REMARK, LASTSAVED)
values (111, '1', '东信加密机平台状态', null, '1', '0-服务关闭1-服务正常,其他-故障', null);
insert into T_SYSPARA (PARAID, PARAVAL, PARANAME, PARAUNIT, DISPLAYFLAG, REMARK, LASTSAVED, ROWID)
values (120, '00000000000000', '商户信息最后同步时间', '', 1, '', '', '');
commit;


insert into T_SUBJECT (SUBJID, SUBJNO, SUBJNAME, SUBJFULLNAME, SUBJLEVEL, ENDFLAG, SUBJCLASS, PROPERTY, BOOKTYPE, HELPCODE, PERSONFLAG, COMPANYFLAG, DEPTLAG, ITEMFLAG, SYSFLAG, CASHFLAG, BANKFLAG, CLOSEFLAG, DRACCUMAMT, CRACCUMAMT, BALFLAG, BEGINBAL, YEARDRAMT, YEARCRAMT, MONTHDRAMT, MONTHCRAMT, DRBAL, CRBAL)
values (1101, 1001, '库存现金', '库存现金', 1, 1, 1, 1, 1, 'KCXJ', 0, 0, 0, 0, 1, 0, 0, 0, 0, 0, 1, 0, 0, 0, 0, 0, 0, 0);
insert into T_SUBJECT (SUBJID, SUBJNO, SUBJNAME, SUBJFULLNAME, SUBJLEVEL, ENDFLAG, SUBJCLASS, PROPERTY, BOOKTYPE, HELPCODE, PERSONFLAG, COMPANYFLAG, DEPTLAG, ITEMFLAG, SYSFLAG, CASHFLAG, BANKFLAG, CLOSEFLAG, DRACCUMAMT, CRACCUMAMT, BALFLAG, BEGINBAL, YEARDRAMT, YEARCRAMT, MONTHDRAMT, MONTHCRAMT, DRBAL, CRBAL)
values (1002, 1002, '银行存款', '银行存款', 1, 1, 1, 2, 1, 'YHCK', 0, 0, 0, 0, 1, 1, 0, 0, 0, 0, 1, 0, 0, 0, 0, 0, 0, 0);
insert into T_SUBJECT (SUBJID, SUBJNO, SUBJNAME, SUBJFULLNAME, SUBJLEVEL, ENDFLAG, SUBJCLASS, PROPERTY, BOOKTYPE, HELPCODE, PERSONFLAG, COMPANYFLAG, DEPTLAG, ITEMFLAG, SYSFLAG, CASHFLAG, BANKFLAG, CLOSEFLAG, DRACCUMAMT, CRACCUMAMT, BALFLAG, BEGINBAL, YEARDRAMT, YEARCRAMT, MONTHDRAMT, MONTHCRAMT, DRBAL, CRBAL)
values (1121, 1121, '应收票据', '应收票据', 1, 1, 1, 0, 1, 'YSPJ', 0, 0, 0, 0, 1, 1, 0, 0, 0, 0, 1, 0, 0, 0, 0, 0, 0, 0);
insert into T_SUBJECT (SUBJID, SUBJNO, SUBJNAME, SUBJFULLNAME, SUBJLEVEL, ENDFLAG, SUBJCLASS, PROPERTY, BOOKTYPE, HELPCODE, PERSONFLAG, COMPANYFLAG, DEPTLAG, ITEMFLAG, SYSFLAG, CASHFLAG, BANKFLAG, CLOSEFLAG, DRACCUMAMT, CRACCUMAMT, BALFLAG, BEGINBAL, YEARDRAMT, YEARCRAMT, MONTHDRAMT, MONTHCRAMT, DRBAL, CRBAL)
values (1122, 1122, '应收账款', '应收账款', 1, 0, 1, 0, 1, 'YSZK', 0, 0, 0, 0, 1, 0, 1, 0, 0, 0, 1, 0, 0, 0, 0, 0, 0, 0);
insert into T_SUBJECT (SUBJID, SUBJNO, SUBJNAME, SUBJFULLNAME, SUBJLEVEL, ENDFLAG, SUBJCLASS, PROPERTY, BOOKTYPE, HELPCODE, PERSONFLAG, COMPANYFLAG, DEPTLAG, ITEMFLAG, SYSFLAG, CASHFLAG, BANKFLAG, CLOSEFLAG, DRACCUMAMT, CRACCUMAMT, BALFLAG, BEGINBAL, YEARDRAMT, YEARCRAMT, MONTHDRAMT, MONTHCRAMT, DRBAL, CRBAL)
values (112201, 112201, '现金充值款', '应收账款/现金充值款', 2, 1, 1, 0, 3, 'XJCZ', 0, 0, 0, 0, 1, 1, 0, 0, 0, 0, 1, 0, 0, 0, 0, 0,0, 0);
insert into T_SUBJECT (SUBJID, SUBJNO, SUBJNAME, SUBJFULLNAME, SUBJLEVEL, ENDFLAG, SUBJCLASS, PROPERTY, BOOKTYPE, HELPCODE, PERSONFLAG, COMPANYFLAG, DEPTLAG, ITEMFLAG, SYSFLAG, CASHFLAG, BANKFLAG, CLOSEFLAG, DRACCUMAMT, CRACCUMAMT, BALFLAG, BEGINBAL, YEARDRAMT, YEARCRAMT, MONTHDRAMT, MONTHCRAMT, DRBAL, CRBAL)
values (112202, 112202, '银行充值款', '应收账款/银行充值款', 2, 1, 1, 0, 3, 'QCCZ', 0, 0, 0, 0, 1, 0, 0, 0, 0, 0, 1, 0, 0, 0, 0, 0, 0, 0);
insert into T_SUBJECT (SUBJID, SUBJNO, SUBJNAME, SUBJFULLNAME, SUBJLEVEL, ENDFLAG, SUBJCLASS, PROPERTY, BOOKTYPE, HELPCODE, PERSONFLAG, COMPANYFLAG, DEPTLAG, ITEMFLAG, SYSFLAG, CASHFLAG, BANKFLAG, CLOSEFLAG, DRACCUMAMT, CRACCUMAMT, BALFLAG, BEGINBAL, YEARDRAMT, YEARCRAMT, MONTHDRAMT, MONTHCRAMT, DRBAL, CRBAL)
values (112203, 112203, '支票充值款', '应收账款/支票充值款', 2, 1, 1, 0, 3, null, 0, 0, 0, 0, 1, 0, 0, 0, 0, 0, 1, 0, 0, 0, 0, 0, 0, 0);
insert into T_SUBJECT (SUBJID, SUBJNO, SUBJNAME, SUBJFULLNAME, SUBJLEVEL, ENDFLAG, SUBJCLASS, PROPERTY, BOOKTYPE, HELPCODE, PERSONFLAG, COMPANYFLAG, DEPTLAG, ITEMFLAG, SYSFLAG, CASHFLAG, BANKFLAG, CLOSEFLAG, DRACCUMAMT, CRACCUMAMT, BALFLAG, BEGINBAL, YEARDRAMT, YEARCRAMT, MONTHDRAMT, MONTHCRAMT, DRBAL, CRBAL)
values (112204, 112204, '圈存充值款', '应收账款/圈存充值款', 2, 1, 1, 0, 3, null, 0, 0, 0, 0, 1, 0, 0, 0, 0, 0, 1, 0, 0, 0, 0, 0, 0, 0);
insert into T_SUBJECT (SUBJID, SUBJNO, SUBJNAME, SUBJFULLNAME, SUBJLEVEL, ENDFLAG, SUBJCLASS, PROPERTY, BOOKTYPE, HELPCODE, PERSONFLAG, COMPANYFLAG, DEPTLAG, ITEMFLAG, SYSFLAG, CASHFLAG, BANKFLAG, CLOSEFLAG, DRACCUMAMT, CRACCUMAMT, BALFLAG, BEGINBAL, YEARDRAMT, YEARCRAMT, MONTHDRAMT, MONTHCRAMT, DRBAL, CRBAL)
values (112205, 112205, '手续费', '应收账款/手续费', 2, 1, 1, 0, 3, null, 0, 0, 0, 0, 1, 0, 0, 0, 0, 0, 1, 0, 0, 0, 0, 0, 0, 0);
insert into T_SUBJECT (SUBJID, SUBJNO, SUBJNAME, SUBJFULLNAME, SUBJLEVEL, ENDFLAG, SUBJCLASS, PROPERTY, BOOKTYPE, HELPCODE, PERSONFLAG, COMPANYFLAG, DEPTLAG, ITEMFLAG, SYSFLAG, CASHFLAG, BANKFLAG, CLOSEFLAG, DRACCUMAMT, CRACCUMAMT, BALFLAG, BEGINBAL, YEARDRAMT, YEARCRAMT, MONTHDRAMT, MONTHCRAMT, DRBAL, CRBAL)
values (112206, 112206, '商户佣金', '应收账款/商户佣金', 2, 1, 1, 0, 3, null, 0, 0, 0, 0, 1, 0, 0, 0, 0, 0, 2, 0, 0, 0, 0, 0, 0, 0);
insert into T_SUBJECT (SUBJID, SUBJNO, SUBJNAME, SUBJFULLNAME, SUBJLEVEL, ENDFLAG, SUBJCLASS, PROPERTY, BOOKTYPE, HELPCODE, PERSONFLAG, COMPANYFLAG, DEPTLAG, ITEMFLAG, SYSFLAG, CASHFLAG, BANKFLAG, CLOSEFLAG, DRACCUMAMT, CRACCUMAMT, BALFLAG, BEGINBAL, YEARDRAMT, YEARCRAMT, MONTHDRAMT, MONTHCRAMT, DRBAL, CRBAL)
values (112299, 112299, '其他', '应收账款/其他', 2, 1, 1, 0, 3, null, 0, 0, 0, 0, 1, 0, 0, 0, 0, 0, 1, 0, 0, 0, 0, 0, 0, 0);
insert into T_SUBJECT (SUBJID, SUBJNO, SUBJNAME, SUBJFULLNAME, SUBJLEVEL, ENDFLAG, SUBJCLASS, PROPERTY, BOOKTYPE, HELPCODE, PERSONFLAG, COMPANYFLAG, DEPTLAG, ITEMFLAG, SYSFLAG, CASHFLAG, BANKFLAG, CLOSEFLAG, DRACCUMAMT, CRACCUMAMT, BALFLAG, BEGINBAL, YEARDRAMT, YEARCRAMT, MONTHDRAMT, MONTHCRAMT, DRBAL, CRBAL)
values (2202, 2202, '应付账款', '应付账款', 1, 0, 2, 0, 1, null, 0, 0, 0, 0, 1, 0, 0, 0, 0, 0, 2, 0, 0, 0, 0, 0, 0, 0);
insert into T_SUBJECT (SUBJID, SUBJNO, SUBJNAME, SUBJFULLNAME, SUBJLEVEL, ENDFLAG, SUBJCLASS, PROPERTY, BOOKTYPE, HELPCODE, PERSONFLAG, COMPANYFLAG, DEPTLAG, ITEMFLAG, SYSFLAG, CASHFLAG, BANKFLAG, CLOSEFLAG, DRACCUMAMT, CRACCUMAMT, BALFLAG, BEGINBAL, YEARDRAMT, YEARCRAMT, MONTHDRAMT, MONTHCRAMT, DRBAL, CRBAL)
values (220201, 220201, '卡户存款', '应付账款/卡户存款', 2, 1, 2, 0, 3, null, 1, 0, 0, 0, 1, 0, 0, 0, 0, 0, 2, 0, 0, 0, 0, 0, 0, 0);
insert into T_SUBJECT (SUBJID, SUBJNO, SUBJNAME, SUBJFULLNAME, SUBJLEVEL, ENDFLAG, SUBJCLASS, PROPERTY, BOOKTYPE, HELPCODE, PERSONFLAG, COMPANYFLAG, DEPTLAG, ITEMFLAG, SYSFLAG, CASHFLAG, BANKFLAG, CLOSEFLAG, DRACCUMAMT, CRACCUMAMT, BALFLAG, BEGINBAL, YEARDRAMT, YEARCRAMT, MONTHDRAMT, MONTHCRAMT, DRBAL, CRBAL)
values (220202, 220202, '退卡余额', '应付账款/退卡余额', 2, 1, 2, 0, 3, null, 0, 0, 0, 0, 1, 1, 0, 0, 0, 0, 2, 0, 0, 0, 0, 0, 0, 0);
insert into T_SUBJECT (SUBJID, SUBJNO, SUBJNAME, SUBJFULLNAME, SUBJLEVEL, ENDFLAG, SUBJCLASS, PROPERTY, BOOKTYPE, HELPCODE, PERSONFLAG, COMPANYFLAG, DEPTLAG, ITEMFLAG, SYSFLAG, CASHFLAG, BANKFLAG, CLOSEFLAG, DRACCUMAMT, CRACCUMAMT, BALFLAG, BEGINBAL, YEARDRAMT, YEARCRAMT, MONTHDRAMT, MONTHCRAMT, DRBAL, CRBAL)
values (220203, 220203, '手续费', '应付账款/手续费', 2, 1, 2, 0, 3, null, 0, 0, 0, 0, 1, 0, 0, 0, 0, 0, 2, 0, 0, 0, 0, 0, 0, 0);
insert into T_SUBJECT (SUBJID, SUBJNO, SUBJNAME, SUBJFULLNAME, SUBJLEVEL, ENDFLAG, SUBJCLASS, PROPERTY, BOOKTYPE, HELPCODE, PERSONFLAG, COMPANYFLAG, DEPTLAG, ITEMFLAG, SYSFLAG, CASHFLAG, BANKFLAG, CLOSEFLAG, DRACCUMAMT, CRACCUMAMT, BALFLAG, BEGINBAL, YEARDRAMT, YEARCRAMT, MONTHDRAMT, MONTHCRAMT, DRBAL, CRBAL)
values (220205, 220205, '商户营业款', '应付账款/商户营业款', 2, 1, 2, 0, 3, null, 0, 0, 0, 0, 1, 0, 0, 0, 0, 0, 2, 0, 0, 0, 0, 0, 0, 0);
insert into T_SUBJECT (SUBJID, SUBJNO, SUBJNAME, SUBJFULLNAME, SUBJLEVEL, ENDFLAG, SUBJCLASS, PROPERTY, BOOKTYPE, HELPCODE, PERSONFLAG, COMPANYFLAG, DEPTLAG, ITEMFLAG, SYSFLAG, CASHFLAG, BANKFLAG, CLOSEFLAG, DRACCUMAMT, CRACCUMAMT, BALFLAG, BEGINBAL, YEARDRAMT, YEARCRAMT, MONTHDRAMT, MONTHCRAMT, DRBAL, CRBAL)
values (220206, 220206, '商户预存款', '应付账款/商户预存款', 2, 1, 2, 0, 3, null, 0, 0, 0, 0, 1, 0, 0, 0, 0, 0, 2, 0, 0, 0, 0, 0, 0, 0);
insert into T_SUBJECT (SUBJID, SUBJNO, SUBJNAME, SUBJFULLNAME, SUBJLEVEL, ENDFLAG, SUBJCLASS, PROPERTY, BOOKTYPE, HELPCODE, PERSONFLAG, COMPANYFLAG, DEPTLAG, ITEMFLAG, SYSFLAG, CASHFLAG, BANKFLAG, CLOSEFLAG, DRACCUMAMT, CRACCUMAMT, BALFLAG, BEGINBAL, YEARDRAMT, YEARCRAMT, MONTHDRAMT, MONTHCRAMT, DRBAL, CRBAL)
values (220299, 220299, '其他', '应付账款/其他', 2, 1, 2, 0, 3, null, 0, 0, 1, 0, 1, 0, 0, 0, 0, 0, 2, 0, 0, 0, 0, 0, 0, 0);
insert into T_SUBJECT (SUBJID, SUBJNO, SUBJNAME, SUBJFULLNAME, SUBJLEVEL, ENDFLAG, SUBJCLASS, PROPERTY, BOOKTYPE, HELPCODE, PERSONFLAG, COMPANYFLAG, DEPTLAG, ITEMFLAG, SYSFLAG, CASHFLAG, BANKFLAG, CLOSEFLAG, DRACCUMAMT, CRACCUMAMT, BALFLAG, BEGINBAL, YEARDRAMT, YEARCRAMT, MONTHDRAMT, MONTHCRAMT, DRBAL, CRBAL)
values (6021, 6021, '手续费及佣金收入', '手续费及佣金收入', 1, 0, 5, 0, 1, null, 0, 0, 0, 0, 1, 0, 0, 0, 0, 0, 2, 0, 0, 0, 0, 0, 0, 0);
insert into T_SUBJECT (SUBJID, SUBJNO, SUBJNAME, SUBJFULLNAME, SUBJLEVEL, ENDFLAG, SUBJCLASS, PROPERTY, BOOKTYPE, HELPCODE, PERSONFLAG, COMPANYFLAG, DEPTLAG, ITEMFLAG, SYSFLAG, CASHFLAG, BANKFLAG, CLOSEFLAG, DRACCUMAMT, CRACCUMAMT, BALFLAG, BEGINBAL, YEARDRAMT, YEARCRAMT, MONTHDRAMT, MONTHCRAMT, DRBAL, CRBAL)
values (602101, 602101, '手续费收入', '手续费及佣金收入/手续费收入', 2, 1, 5, 0, 3, null, 0, 0, 0, 0, 1, 0, 0, 0, 0, 0, 2, 0, 0, 0, 0, 0, 0, 0);
insert into T_SUBJECT (SUBJID, SUBJNO, SUBJNAME, SUBJFULLNAME, SUBJLEVEL, ENDFLAG, SUBJCLASS, PROPERTY, BOOKTYPE, HELPCODE, PERSONFLAG, COMPANYFLAG, DEPTLAG, ITEMFLAG, SYSFLAG, CASHFLAG, BANKFLAG, CLOSEFLAG, DRACCUMAMT, CRACCUMAMT, BALFLAG, BEGINBAL, YEARDRAMT, YEARCRAMT, MONTHDRAMT, MONTHCRAMT, DRBAL, CRBAL)
values (602102, 602102, '商户佣金收入', '手续费及佣金收入/商户佣金', 2, 1, 5, 0, 3, null, 0, 0, 0, 0, 1, 0, 0, 0, 0, 0, 2, 0, 0, 0, 0, 0, 0, 0);
insert into T_SUBJECT (SUBJID, SUBJNO, SUBJNAME, SUBJFULLNAME, SUBJLEVEL, ENDFLAG, SUBJCLASS, PROPERTY, BOOKTYPE, HELPCODE, PERSONFLAG, COMPANYFLAG, DEPTLAG, ITEMFLAG, SYSFLAG, CASHFLAG, BANKFLAG, CLOSEFLAG, DRACCUMAMT, CRACCUMAMT, BALFLAG, BEGINBAL, YEARDRAMT, YEARCRAMT, MONTHDRAMT, MONTHCRAMT, DRBAL, CRBAL)
values (6421, 6421, '手续费及佣金支出', '手续费及佣金支出', 1, 0, 5, 0, 1, null, 0, 0, 0, 0, 1, 0, 0, 0, 0, 0, 1, 0, 0, 0, 0, 0, 0, 0);
insert into T_SUBJECT (SUBJID, SUBJNO, SUBJNAME, SUBJFULLNAME, SUBJLEVEL, ENDFLAG, SUBJCLASS, PROPERTY, BOOKTYPE, HELPCODE, PERSONFLAG, COMPANYFLAG, DEPTLAG, ITEMFLAG, SYSFLAG, CASHFLAG, BANKFLAG, CLOSEFLAG, DRACCUMAMT, CRACCUMAMT, BALFLAG, BEGINBAL, YEARDRAMT, YEARCRAMT, MONTHDRAMT, MONTHCRAMT, DRBAL, CRBAL)
values (642101, 642101, '手续费支出', '手续费及佣金支出/手续费支出', 2, 1, 5, 0, 3, null, 0, 0, 0, 0, 1, 0, 0, 0, 0, 0, 1, 0, 0, 0, 0, 0, 0, 0);
insert into T_SUBJECT (SUBJID, SUBJNO, SUBJNAME, SUBJFULLNAME, SUBJLEVEL, ENDFLAG, SUBJCLASS, PROPERTY, BOOKTYPE, HELPCODE, PERSONFLAG, COMPANYFLAG, DEPTLAG, ITEMFLAG, SYSFLAG, CASHFLAG, BANKFLAG, CLOSEFLAG, DRACCUMAMT, CRACCUMAMT, BALFLAG, BEGINBAL, YEARDRAMT, YEARCRAMT, MONTHDRAMT, MONTHCRAMT, DRBAL, CRBAL)
values (642102, 642102, '佣金支出', '手续费及佣金支出/佣金支出', 2, 1, 5, 0, 3, null, 0, 0, 0, 0, 1, 0, 0, 0, 0, 0, 1, 0, 0, 0, 0, 0, 0, 0);

insert into T_TRANSCODE (TRANSCODE, TRANSNAME, LOGFLAG, LIMITFLAG, FEEFLAG, TRANSFLAG, DISABLEFLAG, CASHFLAG, BANKFLAG)
values (1000, '数据字典增加', null, null, null, null, null, null, null);
insert into T_TRANSCODE (TRANSCODE, TRANSNAME, LOGFLAG, LIMITFLAG, FEEFLAG, TRANSFLAG, DISABLEFLAG, CASHFLAG, BANKFLAG)
values (1010, '数据字典删除', null, null, null, null, null, null, null);
insert into T_TRANSCODE (TRANSCODE, TRANSNAME, LOGFLAG, LIMITFLAG, FEEFLAG, TRANSFLAG, DISABLEFLAG, CASHFLAG, BANKFLAG)
values (1020, '数据字典修改', null, null, null, null, null, null, null);
insert into T_TRANSCODE (TRANSCODE, TRANSNAME, LOGFLAG, LIMITFLAG, FEEFLAG, TRANSFLAG, DISABLEFLAG, CASHFLAG, BANKFLAG)
values (1030, '全局参数添加', null, null, null, null, null, null, null);
insert into T_TRANSCODE (TRANSCODE, TRANSNAME, LOGFLAG, LIMITFLAG, FEEFLAG, TRANSFLAG, DISABLEFLAG, CASHFLAG, BANKFLAG)
values (1040, '全局参数删除', null, null, null, null, null, null, null);
insert into T_TRANSCODE (TRANSCODE, TRANSNAME, LOGFLAG, LIMITFLAG, FEEFLAG, TRANSFLAG, DISABLEFLAG, CASHFLAG, BANKFLAG)
values (1050, '全局参数修改', null, null, null, null, null, null, null);
insert into T_TRANSCODE (TRANSCODE, TRANSNAME, LOGFLAG, LIMITFLAG, FEEFLAG, TRANSFLAG, DISABLEFLAG, CASHFLAG, BANKFLAG)
values (1090, '卡类别添加', null, null, null, null, null, null, null);
insert into T_TRANSCODE (TRANSCODE, TRANSNAME, LOGFLAG, LIMITFLAG, FEEFLAG, TRANSFLAG, DISABLEFLAG, CASHFLAG, BANKFLAG)
values (1100, '卡类别删除', null, null, null, null, null, null, null);
insert into T_TRANSCODE (TRANSCODE, TRANSNAME, LOGFLAG, LIMITFLAG, FEEFLAG, TRANSFLAG, DISABLEFLAG, CASHFLAG, BANKFLAG)
values (1110, '卡类别修改', null, null, null, null, null, null, null);
insert into T_TRANSCODE (TRANSCODE, TRANSNAME, LOGFLAG, LIMITFLAG, FEEFLAG, TRANSFLAG, DISABLEFLAG, CASHFLAG, BANKFLAG)
values (1120, '权限模板添加', null, null, null, null, null, null, null);
insert into T_TRANSCODE (TRANSCODE, TRANSNAME, LOGFLAG, LIMITFLAG, FEEFLAG, TRANSFLAG, DISABLEFLAG, CASHFLAG, BANKFLAG)
values (1130, '权限模板删除', null, null, null, null, null, null, null);
insert into T_TRANSCODE (TRANSCODE, TRANSNAME, LOGFLAG, LIMITFLAG, FEEFLAG, TRANSFLAG, DISABLEFLAG, CASHFLAG, BANKFLAG)
values (1140, '权限模板修改', null, null, null, null, null, null, null);
insert into T_TRANSCODE (TRANSCODE, TRANSNAME, LOGFLAG, LIMITFLAG, FEEFLAG, TRANSFLAG, DISABLEFLAG, CASHFLAG, BANKFLAG)
values (1150, '网点注册', null, null, null, null, null, null, null);
insert into T_TRANSCODE (TRANSCODE, TRANSNAME, LOGFLAG, LIMITFLAG, FEEFLAG, TRANSFLAG, DISABLEFLAG, CASHFLAG, BANKFLAG)
values (1160, '网点注销', null, null, null, null, null, null, null);
insert into T_TRANSCODE (TRANSCODE, TRANSNAME, LOGFLAG, LIMITFLAG, FEEFLAG, TRANSFLAG, DISABLEFLAG, CASHFLAG, BANKFLAG)
values (1170, '网点修改', null, null, null, null, null, null, null);
insert into T_TRANSCODE (TRANSCODE, TRANSNAME, LOGFLAG, LIMITFLAG, FEEFLAG, TRANSFLAG, DISABLEFLAG, CASHFLAG, BANKFLAG)
values (1180, '站点注册', null, null, null, null, null, null, null);
insert into T_TRANSCODE (TRANSCODE, TRANSNAME, LOGFLAG, LIMITFLAG, FEEFLAG, TRANSFLAG, DISABLEFLAG, CASHFLAG, BANKFLAG)
values (1190, '站点注销', null, null, null, null, null, null, null);
insert into T_TRANSCODE (TRANSCODE, TRANSNAME, LOGFLAG, LIMITFLAG, FEEFLAG, TRANSFLAG, DISABLEFLAG, CASHFLAG, BANKFLAG)
values (1200, '站点修改', null, null, null, null, null, null, null);
insert into T_TRANSCODE (TRANSCODE, TRANSNAME, LOGFLAG, LIMITFLAG, FEEFLAG, TRANSFLAG, DISABLEFLAG, CASHFLAG, BANKFLAG)
values (1210, '子系统注册', null, null, null, null, null, null, null);
insert into T_TRANSCODE (TRANSCODE, TRANSNAME, LOGFLAG, LIMITFLAG, FEEFLAG, TRANSFLAG, DISABLEFLAG, CASHFLAG, BANKFLAG)
values (1220, '子系统注销', null, null, null, null, null, null, null);
insert into T_TRANSCODE (TRANSCODE, TRANSNAME, LOGFLAG, LIMITFLAG, FEEFLAG, TRANSFLAG, DISABLEFLAG, CASHFLAG, BANKFLAG)
values (1230, '子系统修改', null, null, null, null, null, null, null);
insert into T_TRANSCODE (TRANSCODE, TRANSNAME, LOGFLAG, LIMITFLAG, FEEFLAG, TRANSFLAG, DISABLEFLAG, CASHFLAG, BANKFLAG)
values (1240, '设备添加', null, null, null, null, null, null, null);
insert into T_TRANSCODE (TRANSCODE, TRANSNAME, LOGFLAG, LIMITFLAG, FEEFLAG, TRANSFLAG, DISABLEFLAG, CASHFLAG, BANKFLAG)
values (1250, '设备删除', null, null, null, null, null, null, null);
insert into T_TRANSCODE (TRANSCODE, TRANSNAME, LOGFLAG, LIMITFLAG, FEEFLAG, TRANSFLAG, DISABLEFLAG, CASHFLAG, BANKFLAG)
values (1260, '设备修改', null, null, null, null, null, null, null);
insert into T_TRANSCODE (TRANSCODE, TRANSNAME, LOGFLAG, LIMITFLAG, FEEFLAG, TRANSFLAG, DISABLEFLAG, CASHFLAG, BANKFLAG)
values (1270, '设备维修', null, null, null, null, null, null, null);
insert into T_TRANSCODE (TRANSCODE, TRANSNAME, LOGFLAG, LIMITFLAG, FEEFLAG, TRANSFLAG, DISABLEFLAG, CASHFLAG, BANKFLAG)
values (1280, '设备报废', null, null, null, null, null, null, null);
insert into T_TRANSCODE (TRANSCODE, TRANSNAME, LOGFLAG, LIMITFLAG, FEEFLAG, TRANSFLAG, DISABLEFLAG, CASHFLAG, BANKFLAG)
values (1290, '设备重用', null, null, null, null, null, null, null);
insert into T_TRANSCODE (TRANSCODE, TRANSNAME, LOGFLAG, LIMITFLAG, FEEFLAG, TRANSFLAG, DISABLEFLAG, CASHFLAG, BANKFLAG)
values (1300, '操作员注册', null, null, null, null, null, null, null);
insert into T_TRANSCODE (TRANSCODE, TRANSNAME, LOGFLAG, LIMITFLAG, FEEFLAG, TRANSFLAG, DISABLEFLAG, CASHFLAG, BANKFLAG)
values (1310, '操作员注销', null, null, null, null, null, null, null);
insert into T_TRANSCODE (TRANSCODE, TRANSNAME, LOGFLAG, LIMITFLAG, FEEFLAG, TRANSFLAG, DISABLEFLAG, CASHFLAG, BANKFLAG)
values (1320, '操作员修改', null, null, null, null, null, null, null);
insert into T_TRANSCODE (TRANSCODE, TRANSNAME, LOGFLAG, LIMITFLAG, FEEFLAG, TRANSFLAG, DISABLEFLAG, CASHFLAG, BANKFLAG)
values (1330, '操作员密码修改', null, null, null, null, null, null, null);
insert into T_TRANSCODE (TRANSCODE, TRANSNAME, LOGFLAG, LIMITFLAG, FEEFLAG, TRANSFLAG, DISABLEFLAG, CASHFLAG, BANKFLAG)
values (1340, '操作员密码重置', null, null, null, null, null, null, null);
insert into T_TRANSCODE (TRANSCODE, TRANSNAME, LOGFLAG, LIMITFLAG, FEEFLAG, TRANSFLAG, DISABLEFLAG, CASHFLAG, BANKFLAG)
values (1350, '操作员站点添加', null, null, null, null, null, null, null);
insert into T_TRANSCODE (TRANSCODE, TRANSNAME, LOGFLAG, LIMITFLAG, FEEFLAG, TRANSFLAG, DISABLEFLAG, CASHFLAG, BANKFLAG)
values (1360, '操作员站点删除', null, null, null, null, null, null, null);
insert into T_TRANSCODE (TRANSCODE, TRANSNAME, LOGFLAG, LIMITFLAG, FEEFLAG, TRANSFLAG, DISABLEFLAG, CASHFLAG, BANKFLAG)
values (1370, '操作员站点修改', null, null, null, null, null, null, null);
insert into T_TRANSCODE (TRANSCODE, TRANSNAME, LOGFLAG, LIMITFLAG, FEEFLAG, TRANSFLAG, DISABLEFLAG, CASHFLAG, BANKFLAG)
values (1400, '凭证权限分配', null, null, null, null, null, null, null);
insert into T_TRANSCODE (TRANSCODE, TRANSNAME, LOGFLAG, LIMITFLAG, FEEFLAG, TRANSFLAG, DISABLEFLAG, CASHFLAG, BANKFLAG)
values (1410, '凭证权限删除', null, null, null, null, null, null, null);
insert into T_TRANSCODE (TRANSCODE, TRANSNAME, LOGFLAG, LIMITFLAG, FEEFLAG, TRANSFLAG, DISABLEFLAG, CASHFLAG, BANKFLAG)
values (2000, '新莞人信息录入', null, null, null, null, null, null, null);
insert into T_TRANSCODE (TRANSCODE, TRANSNAME, LOGFLAG, LIMITFLAG, FEEFLAG, TRANSFLAG, DISABLEFLAG, CASHFLAG, BANKFLAG)
values (2010, '新莞人信息删除', null, null, null, null, null, null, null);
insert into T_TRANSCODE (TRANSCODE, TRANSNAME, LOGFLAG, LIMITFLAG, FEEFLAG, TRANSFLAG, DISABLEFLAG, CASHFLAG, BANKFLAG)
values (2020, '新莞人信息修改', null, null, null, null, null, null, null);
insert into T_TRANSCODE (TRANSCODE, TRANSNAME, LOGFLAG, LIMITFLAG, FEEFLAG, TRANSFLAG, DISABLEFLAG, CASHFLAG, BANKFLAG)
values (2030, '非实名卡号生成', null, null, null, null, null, null, null);
insert into T_TRANSCODE (TRANSCODE, TRANSNAME, LOGFLAG, LIMITFLAG, FEEFLAG, TRANSFLAG, DISABLEFLAG, CASHFLAG, BANKFLAG)
values (2040, '制卡名单审核', null, null, null, null, null, null, null);
insert into T_TRANSCODE (TRANSCODE, TRANSNAME, LOGFLAG, LIMITFLAG, FEEFLAG, TRANSFLAG, DISABLEFLAG, CASHFLAG, BANKFLAG)
values (2050, '导入制卡数据', null, null, null, null, null, null, null);
insert into T_TRANSCODE (TRANSCODE, TRANSNAME, LOGFLAG, LIMITFLAG, FEEFLAG, TRANSFLAG, DISABLEFLAG, CASHFLAG, BANKFLAG)
values (2060, '东信制卡审核', null, null, null, null, null, null, null);
insert into T_TRANSCODE (TRANSCODE, TRANSNAME, LOGFLAG, LIMITFLAG, FEEFLAG, TRANSFLAG, DISABLEFLAG, CASHFLAG, BANKFLAG)
values (2100, '办卡申请', null, null, null, null, null, 1, null);
insert into T_TRANSCODE (TRANSCODE, TRANSNAME, LOGFLAG, LIMITFLAG, FEEFLAG, TRANSFLAG, DISABLEFLAG, CASHFLAG, BANKFLAG)
values (2110, '换卡申请', null, null, null, null, null, null, null);
insert into T_TRANSCODE (TRANSCODE, TRANSNAME, LOGFLAG, LIMITFLAG, FEEFLAG, TRANSFLAG, DISABLEFLAG, CASHFLAG, BANKFLAG)
values (2120, '补办申请', null, null, null, null, null, null, null);
insert into T_TRANSCODE (TRANSCODE, TRANSNAME, LOGFLAG, LIMITFLAG, FEEFLAG, TRANSFLAG, DISABLEFLAG, CASHFLAG, BANKFLAG)
values (2130, '销户申请', null, null, null, null, null, null, null);
insert into T_TRANSCODE (TRANSCODE, TRANSNAME, LOGFLAG, LIMITFLAG, FEEFLAG, TRANSFLAG, DISABLEFLAG, CASHFLAG, BANKFLAG)
values (2140, '申请撤销', null, null, null, null, null, null, null);
insert into T_TRANSCODE (TRANSCODE, TRANSNAME, LOGFLAG, LIMITFLAG, FEEFLAG, TRANSFLAG, DISABLEFLAG, CASHFLAG, BANKFLAG)
values (2200, '卡开户', null, null, null, null, null, null, null);
insert into T_TRANSCODE (TRANSCODE, TRANSNAME, LOGFLAG, LIMITFLAG, FEEFLAG, TRANSFLAG, DISABLEFLAG, CASHFLAG, BANKFLAG)
values (2210, '换卡', null, null, null, null, null, null, null);
insert into T_TRANSCODE (TRANSCODE, TRANSNAME, LOGFLAG, LIMITFLAG, FEEFLAG, TRANSFLAG, DISABLEFLAG, CASHFLAG, BANKFLAG)
values (2220, '补办', null, null, null, null, null, null, null);
insert into T_TRANSCODE (TRANSCODE, TRANSNAME, LOGFLAG, LIMITFLAG, FEEFLAG, TRANSFLAG, DISABLEFLAG, CASHFLAG, BANKFLAG)
values (2230, '销户', null, null, null, null, null, null, null);
insert into T_TRANSCODE (TRANSCODE, TRANSNAME, LOGFLAG, LIMITFLAG, FEEFLAG, TRANSFLAG, DISABLEFLAG, CASHFLAG, BANKFLAG)
values (2240, '卡挂失', null, null, null, null, null, null, null);
insert into T_TRANSCODE (TRANSCODE, TRANSNAME, LOGFLAG, LIMITFLAG, FEEFLAG, TRANSFLAG, DISABLEFLAG, CASHFLAG, BANKFLAG)
values (2250, '卡解挂', null, null, null, null, null, null, null);
insert into T_TRANSCODE (TRANSCODE, TRANSNAME, LOGFLAG, LIMITFLAG, FEEFLAG, TRANSFLAG, DISABLEFLAG, CASHFLAG, BANKFLAG)
values (2260, '卡冻结', null, null, null, null, null, null, null);
insert into T_TRANSCODE (TRANSCODE, TRANSNAME, LOGFLAG, LIMITFLAG, FEEFLAG, TRANSFLAG, DISABLEFLAG, CASHFLAG, BANKFLAG)
values (2270, '卡解冻', null, null, null, null, null, null, null);
insert into T_TRANSCODE (TRANSCODE, TRANSNAME, LOGFLAG, LIMITFLAG, FEEFLAG, TRANSFLAG, DISABLEFLAG, CASHFLAG, BANKFLAG)
values (2300, '卡密码修改', null, null, null, null, null, null, null);
insert into T_TRANSCODE (TRANSCODE, TRANSNAME, LOGFLAG, LIMITFLAG, FEEFLAG, TRANSFLAG, DISABLEFLAG, CASHFLAG, BANKFLAG)
values (2310, '卡密码重置', null, null, null, null, null, null, null);
insert into T_TRANSCODE (TRANSCODE, TRANSNAME, LOGFLAG, LIMITFLAG, FEEFLAG, TRANSFLAG, DISABLEFLAG, CASHFLAG, BANKFLAG)
values (2320, '卡余额调整', null, null, null, null, null, null, null);
insert into T_TRANSCODE (TRANSCODE, TRANSNAME, LOGFLAG, LIMITFLAG, FEEFLAG, TRANSFLAG, DISABLEFLAG, CASHFLAG, BANKFLAG)
values (2330, '卡余额修正', null, null, null, null, null, null, null);
insert into T_TRANSCODE (TRANSCODE, TRANSNAME, LOGFLAG, LIMITFLAG, FEEFLAG, TRANSFLAG, DISABLEFLAG, CASHFLAG, BANKFLAG)
values (3000, '发售非实名卡', null, null, null, null, null, null, null);
insert into T_TRANSCODE (TRANSCODE, TRANSNAME, LOGFLAG, LIMITFLAG, FEEFLAG, TRANSFLAG, DISABLEFLAG, CASHFLAG, BANKFLAG)
values (3010, '发放实名卡', null, null, null, null, null, null, null);
insert into T_TRANSCODE (TRANSCODE, TRANSNAME, LOGFLAG, LIMITFLAG, FEEFLAG, TRANSFLAG, DISABLEFLAG, CASHFLAG, BANKFLAG)
values (3020, '收卡成本费', null, null, null, null, null, null, null);
insert into T_TRANSCODE (TRANSCODE, TRANSNAME, LOGFLAG, LIMITFLAG, FEEFLAG, TRANSFLAG, DISABLEFLAG, CASHFLAG, BANKFLAG)
values (3030, '发卡充值', null, null, null, null, null, null, null);
insert into T_TRANSCODE (TRANSCODE, TRANSNAME, LOGFLAG, LIMITFLAG, FEEFLAG, TRANSFLAG, DISABLEFLAG, CASHFLAG, BANKFLAG)
values (3100, '现金充值', null, null, null, null, null, 1, null);
insert into T_TRANSCODE (TRANSCODE, TRANSNAME, LOGFLAG, LIMITFLAG, FEEFLAG, TRANSFLAG, DISABLEFLAG, CASHFLAG, BANKFLAG)
values (3110, '银行卡充值', null, null, null, null, null, 1, null);
insert into T_TRANSCODE (TRANSCODE, TRANSNAME, LOGFLAG, LIMITFLAG, FEEFLAG, TRANSFLAG, DISABLEFLAG, CASHFLAG, BANKFLAG)
values (3120, '支票充值', null, null, null, null, null, 1, null);
insert into T_TRANSCODE (TRANSCODE, TRANSNAME, LOGFLAG, LIMITFLAG, FEEFLAG, TRANSFLAG, DISABLEFLAG, CASHFLAG, BANKFLAG)
values (3200, '圈存转账', null, null, null, null, null, null, null);
insert into T_TRANSCODE (TRANSCODE, TRANSNAME, LOGFLAG, LIMITFLAG, FEEFLAG, TRANSFLAG, DISABLEFLAG, CASHFLAG, BANKFLAG)
values (3300, '支付', null, null, null, null, null, null, null);
insert into T_TRANSCODE (TRANSCODE, TRANSNAME, LOGFLAG, LIMITFLAG, FEEFLAG, TRANSFLAG, DISABLEFLAG, CASHFLAG, BANKFLAG)
values (3400, 'POS消费', null, null, null, null, null, null, null);
insert into T_TRANSCODE (TRANSCODE, TRANSNAME, LOGFLAG, LIMITFLAG, FEEFLAG, TRANSFLAG, DISABLEFLAG, CASHFLAG, BANKFLAG)
values (3500, '挂失消费', null, null, null, null, null, null, null);
insert into T_TRANSCODE (TRANSCODE, TRANSNAME, LOGFLAG, LIMITFLAG, FEEFLAG, TRANSFLAG, DISABLEFLAG, CASHFLAG, BANKFLAG)
values (3510, '注销消费', null, null, null, null, null, null, null);
insert into T_TRANSCODE (TRANSCODE, TRANSNAME, LOGFLAG, LIMITFLAG, FEEFLAG, TRANSFLAG, DISABLEFLAG, CASHFLAG, BANKFLAG)
values (3520, '重复消费', null, null, null, null, null, null, null);
insert into T_TRANSCODE (TRANSCODE, TRANSNAME, LOGFLAG, LIMITFLAG, FEEFLAG, TRANSFLAG, DISABLEFLAG, CASHFLAG, BANKFLAG)
values (3600, 'POS锁卡', null, null, null, null, null, null, null);
insert into T_TRANSCODE (TRANSCODE, TRANSNAME, LOGFLAG, LIMITFLAG, FEEFLAG, TRANSFLAG, DISABLEFLAG, CASHFLAG, BANKFLAG)
values (3700, '消费失败', null, null, null, null, null, null, null);
insert into T_TRANSCODE (TRANSCODE, TRANSNAME, LOGFLAG, LIMITFLAG, FEEFLAG, TRANSFLAG, DISABLEFLAG, CASHFLAG, BANKFLAG)
values (3800, '余额转移', null, null, null, null, null, null, null);
insert into T_TRANSCODE (TRANSCODE, TRANSNAME, LOGFLAG, LIMITFLAG, FEEFLAG, TRANSFLAG, DISABLEFLAG, CASHFLAG, BANKFLAG)
values (3900, '交易冲正', null, null, null, null, null, null, null);
insert into T_TRANSCODE (TRANSCODE, TRANSNAME, LOGFLAG, LIMITFLAG, FEEFLAG, TRANSFLAG, DISABLEFLAG, CASHFLAG, BANKFLAG)
values (4000, '商户开户', null, null, null, null, null, null, null);
insert into T_TRANSCODE (TRANSCODE, TRANSNAME, LOGFLAG, LIMITFLAG, FEEFLAG, TRANSFLAG, DISABLEFLAG, CASHFLAG, BANKFLAG)
values (4010, '商户销户', null, null, null, null, null, null, null);
insert into T_TRANSCODE (TRANSCODE, TRANSNAME, LOGFLAG, LIMITFLAG, FEEFLAG, TRANSFLAG, DISABLEFLAG, CASHFLAG, BANKFLAG)
values (4020, '商户信息修改', null, null, null, null, null, null, null);
insert into T_TRANSCODE (TRANSCODE, TRANSNAME, LOGFLAG, LIMITFLAG, FEEFLAG, TRANSFLAG, DISABLEFLAG, CASHFLAG, BANKFLAG)
values (4100, '商户设备添加', null, null, null, null, null, null, null);
insert into T_TRANSCODE (TRANSCODE, TRANSNAME, LOGFLAG, LIMITFLAG, FEEFLAG, TRANSFLAG, DISABLEFLAG, CASHFLAG, BANKFLAG)
values (4120, '商户设备修改', null, null, null, null, null, null, null);
insert into T_TRANSCODE (TRANSCODE, TRANSNAME, LOGFLAG, LIMITFLAG, FEEFLAG, TRANSFLAG, DISABLEFLAG, CASHFLAG, BANKFLAG)
values (4130, '商户设备删除', null, null, null, null, null, null, null);
insert into T_TRANSCODE (TRANSCODE, TRANSNAME, LOGFLAG, LIMITFLAG, FEEFLAG, TRANSFLAG, DISABLEFLAG, CASHFLAG, BANKFLAG)
values (4200, '商户存款', null, null, null, null, null, null, null);
insert into T_TRANSCODE (TRANSCODE, TRANSNAME, LOGFLAG, LIMITFLAG, FEEFLAG, TRANSFLAG, DISABLEFLAG, CASHFLAG, BANKFLAG)
values (4210, '商户代充值', null, null, null, null, null, null, null);
insert into T_TRANSCODE (TRANSCODE, TRANSNAME, LOGFLAG, LIMITFLAG, FEEFLAG, TRANSFLAG, DISABLEFLAG, CASHFLAG, BANKFLAG)
values (4310, '删除包裹单', null, null, null, null, null, null, null);
insert into T_TRANSCODE (TRANSCODE, TRANSNAME, LOGFLAG, LIMITFLAG, FEEFLAG, TRANSFLAG, DISABLEFLAG, CASHFLAG, BANKFLAG)
values (4320, '修改包裹单', null, null, null, null, null, null, null);
insert into T_TRANSCODE (TRANSCODE, TRANSNAME, LOGFLAG, LIMITFLAG, FEEFLAG, TRANSFLAG, DISABLEFLAG, CASHFLAG, BANKFLAG)
values (4410, '删除包裹文件', null, null, null, null, null, null, null);
insert into T_TRANSCODE (TRANSCODE, TRANSNAME, LOGFLAG, LIMITFLAG, FEEFLAG, TRANSFLAG, DISABLEFLAG, CASHFLAG, BANKFLAG)
values (4420, '修改包裹文件', null, null, null, null, null, null, null);
insert into T_TRANSCODE (TRANSCODE, TRANSNAME, LOGFLAG, LIMITFLAG, FEEFLAG, TRANSFLAG, DISABLEFLAG, CASHFLAG, BANKFLAG)
values (5000, '科目添加', null, null, null, null, null, null, null);
insert into T_TRANSCODE (TRANSCODE, TRANSNAME, LOGFLAG, LIMITFLAG, FEEFLAG, TRANSFLAG, DISABLEFLAG, CASHFLAG, BANKFLAG)
values (5010, '科目删除', null, null, null, null, null, null, null);
insert into T_TRANSCODE (TRANSCODE, TRANSNAME, LOGFLAG, LIMITFLAG, FEEFLAG, TRANSFLAG, DISABLEFLAG, CASHFLAG, BANKFLAG)
values (5020, '科目修改', null, null, null, null, null, null, null);
insert into T_TRANSCODE (TRANSCODE, TRANSNAME, LOGFLAG, LIMITFLAG, FEEFLAG, TRANSFLAG, DISABLEFLAG, CASHFLAG, BANKFLAG)
values (6000, '凭证录入', null, null, null, null, null, null, null);
insert into T_TRANSCODE (TRANSCODE, TRANSNAME, LOGFLAG, LIMITFLAG, FEEFLAG, TRANSFLAG, DISABLEFLAG, CASHFLAG, BANKFLAG)
values (6010, '凭证修改', null, null, null, null, null, null, null);
insert into T_TRANSCODE (TRANSCODE, TRANSNAME, LOGFLAG, LIMITFLAG, FEEFLAG, TRANSFLAG, DISABLEFLAG, CASHFLAG, BANKFLAG)
values (6020, '凭证删除', null, null, null, null, null, null, null);
insert into T_TRANSCODE (TRANSCODE, TRANSNAME, LOGFLAG, LIMITFLAG, FEEFLAG, TRANSFLAG, DISABLEFLAG, CASHFLAG, BANKFLAG)
values (6030, '凭证签字', null, null, null, null, null, null, null);
insert into T_TRANSCODE (TRANSCODE, TRANSNAME, LOGFLAG, LIMITFLAG, FEEFLAG, TRANSFLAG, DISABLEFLAG, CASHFLAG, BANKFLAG)
values (6040, '凭证复核', null, null, null, null, null, null, null);
insert into T_TRANSCODE (TRANSCODE, TRANSNAME, LOGFLAG, LIMITFLAG, FEEFLAG, TRANSFLAG, DISABLEFLAG, CASHFLAG, BANKFLAG)
values (6050, '凭证复核取消', null, null, null, null, null, null, null);
insert into T_TRANSCODE (TRANSCODE, TRANSNAME, LOGFLAG, LIMITFLAG, FEEFLAG, TRANSFLAG, DISABLEFLAG, CASHFLAG, BANKFLAG)
values (6060, '凭证入账', null, null, null, null, null, null, null);
insert into T_TRANSCODE (TRANSCODE, TRANSNAME, LOGFLAG, LIMITFLAG, FEEFLAG, TRANSFLAG, DISABLEFLAG, CASHFLAG, BANKFLAG)
values (6070, '凭证冲销', null, null, null, null, null, null, null);
insert into T_TRANSCODE (TRANSCODE, TRANSNAME, LOGFLAG, LIMITFLAG, FEEFLAG, TRANSFLAG, DISABLEFLAG, CASHFLAG, BANKFLAG)
values (7000, '日终结算', null, null, null, null, null, null, null);
insert into T_TRANSCODE (TRANSCODE, TRANSNAME, LOGFLAG, LIMITFLAG, FEEFLAG, TRANSFLAG, DISABLEFLAG, CASHFLAG, BANKFLAG)
values (7010, '期末结转', null, null, null, null, null, null, null);
commit;
insert into T_CFGSPLIT (TRANSCODE, TRANSTYPE, DRSUBJNO, CRSUBJNO, DRFLAG, CRFLAG, DRDESC, CRDESC)
values (2230, 0, 220201, 220203, 0, 0, '销户退款', null);
insert into T_CFGSPLIT (TRANSCODE, TRANSTYPE, DRSUBJNO, CRSUBJNO, DRFLAG, CRFLAG, DRDESC, CRDESC)
values (2100, 0, 112201, 220201, 0, 0, '预存充值款', null);
insert into T_CFGSPLIT (TRANSCODE, TRANSTYPE, DRSUBJNO, CRSUBJNO, DRFLAG, CRFLAG, DRDESC, CRDESC)
values (3030, 0, 112201, 220201, 0, 0, '发卡充值', null);
insert into T_CFGSPLIT (TRANSCODE, TRANSTYPE, DRSUBJNO, CRSUBJNO, DRFLAG, CRFLAG, DRDESC, CRDESC)
values (3100, 0, 112201, 220201, 0, 0, '现金充值', null);
insert into T_CFGSPLIT (TRANSCODE, TRANSTYPE, DRSUBJNO, CRSUBJNO, DRFLAG, CRFLAG, DRDESC, CRDESC)
values (3110, 0, 112202, 220201, 0, 0, '银行卡充值', null);
insert into T_CFGSPLIT (TRANSCODE, TRANSTYPE, DRSUBJNO, CRSUBJNO, DRFLAG, CRFLAG, DRDESC, CRDESC)
values (3120, 0, 112203, 220201, 0, 0, '支票充值', null);
insert into T_CFGSPLIT (TRANSCODE, TRANSTYPE, DRSUBJNO, CRSUBJNO, DRFLAG, CRFLAG, DRDESC, CRDESC)
values (3200, 0, 112204, 220201, 0, 0, '圈存充值', null);
insert into T_CFGSPLIT (TRANSCODE, TRANSTYPE, DRSUBJNO, CRSUBJNO, DRFLAG, CRFLAG, DRDESC, CRDESC)
values (3300, 0, 220201, 220205, 0, 0, '支付', null);
insert into T_CFGSPLIT (TRANSCODE, TRANSTYPE, DRSUBJNO, CRSUBJNO, DRFLAG, CRFLAG, DRDESC, CRDESC)
values (3400, 0, 220201, 220205, 0, 0, '消费', null);
insert into T_CFGSPLIT (TRANSCODE, TRANSTYPE, DRSUBJNO, CRSUBJNO, DRFLAG, CRFLAG, DRDESC, CRDESC)
values (3410, 0, 220201, 220205, 0, 0, '消费', null);
--insert into T_CFGSPLIT (TRANSCODE, TRANSTYPE, DRSUBJNO, CRSUBJNO, DRFLAG, CRFLAG, DRDESC, CRDESC)
--values (3500, 0, 220201, 220205, 0, 0, '消费', null);
insert into T_CFGSPLIT (TRANSCODE, TRANSTYPE, DRSUBJNO, CRSUBJNO, DRFLAG, CRFLAG, DRDESC, CRDESC)
values (4200, 0, 112201, 220206, 0, 0, '商户存款', null);
insert into T_CFGSPLIT (TRANSCODE, TRANSTYPE, DRSUBJNO, CRSUBJNO, DRFLAG, CRFLAG, DRDESC, CRDESC)
values (4210, 0, 220206, 220201, 0, 0, '商户代充值','现金充值');
commit;

insert into T_AREA (AREACODE, AREANAME, FAREACODE, OLDAREACODE, AREALEVEL, ADDR, REMARK)
values ('3', '东区', '1', null, 2, null, null);
insert into T_AREA (AREACODE, AREANAME, FAREACODE, OLDAREACODE, AREALEVEL, ADDR, REMARK)
values ('2', '城区', '1', null, 2, null, null);
insert into T_AREA (AREACODE, AREANAME, FAREACODE, OLDAREACODE, AREALEVEL, ADDR, REMARK)
values ('1', '东莞移动e卡通', '0', null, 1, null, null);
insert into T_AREA (AREACODE, AREANAME, FAREACODE, OLDAREACODE, AREALEVEL, ADDR, REMARK)
values ('5', '南区', '1', null, 2, null, null);
insert into T_AREA (AREACODE, AREANAME, FAREACODE, OLDAREACODE, AREALEVEL, ADDR, REMARK)
values ('4', '西区', '1', null, 2, null, null);
insert into T_AREA (AREACODE, AREANAME, FAREACODE, OLDAREACODE, AREALEVEL, ADDR, REMARK)
values ('6', '北区', '1', null, 2, null, null);
insert into T_AREA (AREACODE, AREANAME, FAREACODE, OLDAREACODE, AREALEVEL, ADDR, REMARK)
values ('7', '中区', '1', null, 2, null, null);
commit;
insert into t_cardfactory(factoryid,factorycode,cardverno,factoryname)
values (1, '0A', 1, '上海柯斯');
insert into t_cardfactory(factoryid,factorycode,cardverno,factoryname)
values (2, '02', 1, '东信和平');
insert into t_cardfactory(factoryid,factorycode,cardverno,factoryname)
values (3, '03', 1, '中钞');
commit;
