insert into YKT_CUR.T_AIF_ACCOUNT (ACCOUNT_ID, ACT_TYPE, CUSTOMER_ID, CUT_NAME, CUT_TYPE, STUEMP_NO, CARD_ID, PURSE_ID, CARD_TYPE, SUBNO, PASSWORD, CURRENT_STATE, ISAUTOTRA, LAST_BALA, LAST_FREEBALA, LAST_FROZEBALA, CUR_BALA, CUR_FREEBALA, CUR_FROZEBALA, OUT_BALA, IN_BALA, OUT_COUNT, IN_COUNT, CARD_BALANCE, NOBALA_NUM, CONSUME_COUNT, OPEN_DATE, OPEN_TIME, CLOSE_DATE, CLOSE_TIME, RESERVE_1, RESERVE_2, RESERVE_3, COMMENTS, DEPOSIT_BALA)
values ('1011            ', 7, 0, '现金', 0, null, 0, 1, 0, '101', null, 1, null, 0, 0, 0, 0, 0, 0, 0, 0, 0, 0, 0, 0, 0, '20041013', '000000', null, null, null, null, null, null, null);
insert into YKT_CUR.T_AIF_ACCOUNT (ACCOUNT_ID, ACT_TYPE, CUSTOMER_ID, CUT_NAME, CUT_TYPE, STUEMP_NO, CARD_ID, PURSE_ID, CARD_TYPE, SUBNO, PASSWORD, CURRENT_STATE, ISAUTOTRA, LAST_BALA, LAST_FREEBALA, LAST_FROZEBALA, CUR_BALA, CUR_FREEBALA, CUR_FROZEBALA, OUT_BALA, IN_BALA, OUT_COUNT, IN_COUNT, CARD_BALANCE, NOBALA_NUM, CONSUME_COUNT, OPEN_DATE, OPEN_TIME, CLOSE_DATE, CLOSE_TIME, RESERVE_1, RESERVE_2, RESERVE_3, COMMENTS, DEPOSIT_BALA)
values ('1021            ', 7, 0, '银行存款', 0, null, 0, 2, 0, '102', null, 1, null, 0, 0, 0, 0, 0, 0, 0, 0, 0, 0, 0, 0, 0, '20041013', '000000', null, null, null, null, null, null, null);
insert into YKT_CUR.T_AIF_ACCOUNT (ACCOUNT_ID, ACT_TYPE, CUSTOMER_ID, CUT_NAME, CUT_TYPE, STUEMP_NO, CARD_ID, PURSE_ID, CARD_TYPE, SUBNO, PASSWORD, CURRENT_STATE, ISAUTOTRA, LAST_BALA, LAST_FREEBALA, LAST_FROZEBALA, CUR_BALA, CUR_FREEBALA, CUR_FROZEBALA, OUT_BALA, IN_BALA, OUT_COUNT, IN_COUNT, CARD_BALANCE, NOBALA_NUM, CONSUME_COUNT, OPEN_DATE, OPEN_TIME, CLOSE_DATE, CLOSE_TIME, RESERVE_1, RESERVE_2, RESERVE_3, COMMENTS, DEPOSIT_BALA)
values ('1031            ', 7, 0, '支票', 0, null, 0, 0, 0, '103', null, 1, null, 0, 0, 0, 0, 0, 0, 0, 0, 0, 0, 0, 0, 0, null, null, null, null, null, null, null, null, null);
insert into YKT_CUR.T_AIF_ACCOUNT (ACCOUNT_ID, ACT_TYPE, CUSTOMER_ID, CUT_NAME, CUT_TYPE, STUEMP_NO, CARD_ID, PURSE_ID, CARD_TYPE, SUBNO, PASSWORD, CURRENT_STATE, ISAUTOTRA, LAST_BALA, LAST_FREEBALA, LAST_FROZEBALA, CUR_BALA, CUR_FREEBALA, CUR_FROZEBALA, OUT_BALA, IN_BALA, OUT_COUNT, IN_COUNT, CARD_BALANCE, NOBALA_NUM, CONSUME_COUNT, OPEN_DATE, OPEN_TIME, CLOSE_DATE, CLOSE_TIME, RESERVE_1, RESERVE_2, RESERVE_3, COMMENTS, DEPOSIT_BALA)
values ('1041            ', 7, 0, '经费本', 0, null, 0, 0, 0, '104', null, 1, null, 0, 0, 0, 0, 0, 0, 0, 0, 0, 0, 0, 0, 0, null, null, null, null, null, null, null, null, null);
insert into YKT_CUR.T_AIF_ACCOUNT (ACCOUNT_ID, ACT_TYPE, CUSTOMER_ID, CUT_NAME, CUT_TYPE, STUEMP_NO, CARD_ID, PURSE_ID, CARD_TYPE, SUBNO, PASSWORD, CURRENT_STATE, ISAUTOTRA, LAST_BALA, LAST_FREEBALA, LAST_FROZEBALA, CUR_BALA, CUR_FREEBALA, CUR_FROZEBALA, OUT_BALA, IN_BALA, OUT_COUNT, IN_COUNT, CARD_BALANCE, NOBALA_NUM, CONSUME_COUNT, OPEN_DATE, OPEN_TIME, CLOSE_DATE, CLOSE_TIME, RESERVE_1, RESERVE_2, RESERVE_3, COMMENTS, DEPOSIT_BALA)
values ('1071            ', 7, 0, '下发补助', 0, null, 0, 0, 0, '107', null, 1, null, 0, 0, 0, 0, 0, 0, 0, 0, 0, 0, 0, 0, 0, '20050928', '131400', null, null, null, null, null, null, null);
insert into YKT_CUR.T_AIF_ACCOUNT (ACCOUNT_ID, ACT_TYPE, CUSTOMER_ID, CUT_NAME, CUT_TYPE, STUEMP_NO, CARD_ID, PURSE_ID, CARD_TYPE, SUBNO, PASSWORD, CURRENT_STATE, ISAUTOTRA, LAST_BALA, LAST_FREEBALA, LAST_FROZEBALA, CUR_BALA, CUR_FREEBALA, CUR_FROZEBALA, OUT_BALA, IN_BALA, OUT_COUNT, IN_COUNT, CARD_BALANCE, NOBALA_NUM, CONSUME_COUNT, OPEN_DATE, OPEN_TIME, CLOSE_DATE, CLOSE_TIME, RESERVE_1, RESERVE_2, RESERVE_3, COMMENTS, DEPOSIT_BALA)
values ('2031            ', 7, 0, '银行划拨', 0, null, 0, 4, 0, '203', null, 1, null, 0, 0, 0, 0, 0, 0, 0, 0, 0, 0, 0, 0, 0, '20041013', '000000', null, null, null, null, null, null, null);
insert into YKT_CUR.T_AIF_ACCOUNT (ACCOUNT_ID, ACT_TYPE, CUSTOMER_ID, CUT_NAME, CUT_TYPE, STUEMP_NO, CARD_ID, PURSE_ID, CARD_TYPE, SUBNO, PASSWORD, CURRENT_STATE, ISAUTOTRA, LAST_BALA, LAST_FREEBALA, LAST_FROZEBALA, CUR_BALA, CUR_FREEBALA, CUR_FROZEBALA, OUT_BALA, IN_BALA, OUT_COUNT, IN_COUNT, CARD_BALANCE, NOBALA_NUM, CONSUME_COUNT, OPEN_DATE, OPEN_TIME, CLOSE_DATE, CLOSE_TIME, RESERVE_1, RESERVE_2, RESERVE_3, COMMENTS, DEPOSIT_BALA)
values ('2041            ', 7, 0, '财务划拨', 0, null, 0, 3, 0, '204', null, 1, null, 0, 0, 0, 0, 0, 0, 0, 0, 0, 0, 0, 0, 0, '20041013', '000000', null, null, null, null, null, null, null);
insert into YKT_CUR.T_AIF_ACCOUNT (ACCOUNT_ID, ACT_TYPE, CUSTOMER_ID, CUT_NAME, CUT_TYPE, STUEMP_NO, CARD_ID, PURSE_ID, CARD_TYPE, SUBNO, PASSWORD, CURRENT_STATE, ISAUTOTRA, LAST_BALA, LAST_FREEBALA, LAST_FROZEBALA, CUR_BALA, CUR_FREEBALA, CUR_FROZEBALA, OUT_BALA, IN_BALA, OUT_COUNT, IN_COUNT, CARD_BALANCE, NOBALA_NUM, CONSUME_COUNT, OPEN_DATE, OPEN_TIME, CLOSE_DATE, CLOSE_TIME, RESERVE_1, RESERVE_2, RESERVE_3, COMMENTS, DEPOSIT_BALA)
values ('2051            ', 7, 0, '押金', 0, null, 0, 5, 0, '205', null, 1, null, 0, 0, 0, 0, 0, 0, 0, 0, 0, 0, 0, 0, 0, '20041013', '000000', null, null, null, null, null, null, null);
insert into YKT_CUR.T_AIF_ACCOUNT (ACCOUNT_ID, ACT_TYPE, CUSTOMER_ID, CUT_NAME, CUT_TYPE, STUEMP_NO, CARD_ID, PURSE_ID, CARD_TYPE, SUBNO, PASSWORD, CURRENT_STATE, ISAUTOTRA, LAST_BALA, LAST_FREEBALA, LAST_FROZEBALA, CUR_BALA, CUR_FREEBALA, CUR_FROZEBALA, OUT_BALA, IN_BALA, OUT_COUNT, IN_COUNT, CARD_BALANCE, NOBALA_NUM, CONSUME_COUNT, OPEN_DATE, OPEN_TIME, CLOSE_DATE, CLOSE_TIME, RESERVE_1, RESERVE_2, RESERVE_3, COMMENTS, DEPOSIT_BALA)
values ('2061            ', 7, 0, '其他应付款', 0, null, 0, 6, 0, '206', null, 1, null, 0, 0, 0, 0, 0, 0, 0, 0, 0, 0, 0, 0, 0, '20041013', '000000', null, null, null, null, null, null, null);
insert into YKT_CUR.T_AIF_ACCOUNT (ACCOUNT_ID, ACT_TYPE, CUSTOMER_ID, CUT_NAME, CUT_TYPE, STUEMP_NO, CARD_ID, PURSE_ID, CARD_TYPE, SUBNO, PASSWORD, CURRENT_STATE, ISAUTOTRA, LAST_BALA, LAST_FREEBALA, LAST_FROZEBALA, CUR_BALA, CUR_FREEBALA, CUR_FROZEBALA, OUT_BALA, IN_BALA, OUT_COUNT, IN_COUNT, CARD_BALANCE, NOBALA_NUM, CONSUME_COUNT, OPEN_DATE, OPEN_TIME, CLOSE_DATE, CLOSE_TIME, RESERVE_1, RESERVE_2, RESERVE_3, COMMENTS, DEPOSIT_BALA)
values ('2071            ', 7, 0, '待领补助', 0, null, 0, 0, 0, '207', null, 1, null, 0, 0, 0, 0, 0, 0, 0, 0, 0, 0, 0, 0, 0, '20050928', '131400', null, null, null, null, null, null, null);
insert into YKT_CUR.T_AIF_ACCOUNT (ACCOUNT_ID, ACT_TYPE, CUSTOMER_ID, CUT_NAME, CUT_TYPE, STUEMP_NO, CARD_ID, PURSE_ID, CARD_TYPE, SUBNO, PASSWORD, CURRENT_STATE, ISAUTOTRA, LAST_BALA, LAST_FREEBALA, LAST_FROZEBALA, CUR_BALA, CUR_FREEBALA, CUR_FROZEBALA, OUT_BALA, IN_BALA, OUT_COUNT, IN_COUNT, CARD_BALANCE, NOBALA_NUM, CONSUME_COUNT, OPEN_DATE, OPEN_TIME, CLOSE_DATE, CLOSE_TIME, RESERVE_1, RESERVE_2, RESERVE_3, COMMENTS, DEPOSIT_BALA)
values ('5011            ', 7, 0, '管理费用', 0, null, 0, 7, 0, '501', null, 1, null, 0, 0, 0, 0, 0, 0, 0, 0, 0, 0, 0, 0, 0, '20041013', '000000', null, null, null, null, null, null, null);
insert into YKT_CUR.T_AIF_ACCOUNT (ACCOUNT_ID, ACT_TYPE, CUSTOMER_ID, CUT_NAME, CUT_TYPE, STUEMP_NO, CARD_ID, PURSE_ID, CARD_TYPE, SUBNO, PASSWORD, CURRENT_STATE, ISAUTOTRA, LAST_BALA, LAST_FREEBALA, LAST_FROZEBALA, CUR_BALA, CUR_FREEBALA, CUR_FROZEBALA, OUT_BALA, IN_BALA, OUT_COUNT, IN_COUNT, CARD_BALANCE, NOBALA_NUM, CONSUME_COUNT, OPEN_DATE, OPEN_TIME, CLOSE_DATE, CLOSE_TIME, RESERVE_1, RESERVE_2, RESERVE_3, COMMENTS, DEPOSIT_BALA)
values ('5021            ', 7, 0, '卡成本费', 0, null, 0, 8, 0, '502', null, 1, null, 0, 0, 0, 0, 0, 0, 0, 0, 0, 0, 0, 0, 0, '20041013', '000000', null, null, null, null, null, null, null);
insert into YKT_CUR.T_AIF_ACCOUNT (ACCOUNT_ID, ACT_TYPE, CUSTOMER_ID, CUT_NAME, CUT_TYPE, STUEMP_NO, CARD_ID, PURSE_ID, CARD_TYPE, SUBNO, PASSWORD, CURRENT_STATE, ISAUTOTRA, LAST_BALA, LAST_FREEBALA, LAST_FROZEBALA, CUR_BALA, CUR_FREEBALA, CUR_FROZEBALA, OUT_BALA, IN_BALA, OUT_COUNT, IN_COUNT, CARD_BALANCE, NOBALA_NUM, CONSUME_COUNT, OPEN_DATE, OPEN_TIME, CLOSE_DATE, CLOSE_TIME, RESERVE_1, RESERVE_2, RESERVE_3, COMMENTS, DEPOSIT_BALA)
values ('5031            ', 7, 0, '搭伙费', 0, null, 0, 8, 0, '503', null, 1, null, 0, 0, 0, 0, 0, 0, 0, 0, 0, 0, 0, 0, 0, '20041013', '000000', null, null, null, null, null, null, null);
insert into YKT_CUR.T_AIF_ACCOUNT (ACCOUNT_ID, ACT_TYPE, CUSTOMER_ID, CUT_NAME, CUT_TYPE, STUEMP_NO, CARD_ID, PURSE_ID, CARD_TYPE, SUBNO, PASSWORD, CURRENT_STATE, ISAUTOTRA, LAST_BALA, LAST_FREEBALA, LAST_FROZEBALA, CUR_BALA, CUR_FREEBALA, CUR_FROZEBALA, OUT_BALA, IN_BALA, OUT_COUNT, IN_COUNT, CARD_BALANCE, NOBALA_NUM, CONSUME_COUNT, OPEN_DATE, OPEN_TIME, CLOSE_DATE, CLOSE_TIME, RESERVE_1, RESERVE_2, RESERVE_3, COMMENTS, DEPOSIT_BALA)
values ('5041            ', 7, 0, '营业外收入', 0, null, 0, 0, 0, '504', null, 1, null, 0, 0, 0, 0, 0, 0, 0, 0, 0, 0, 0, 0, 0, null, null, null, null, null, null, null, null, null);
insert into YKT_CUR.T_AIF_ACCOUNT (ACCOUNT_ID, ACT_TYPE, CUSTOMER_ID, CUT_NAME, CUT_TYPE, STUEMP_NO, CARD_ID, PURSE_ID, CARD_TYPE, SUBNO, PASSWORD, CURRENT_STATE, ISAUTOTRA, LAST_BALA, LAST_FREEBALA, LAST_FROZEBALA, CUR_BALA, CUR_FREEBALA, CUR_FROZEBALA, OUT_BALA, IN_BALA, OUT_COUNT, IN_COUNT, CARD_BALANCE, NOBALA_NUM, CONSUME_COUNT, OPEN_DATE, OPEN_TIME, CLOSE_DATE, CLOSE_TIME, RESERVE_1, RESERVE_2, RESERVE_3, COMMENTS, DEPOSIT_BALA)
values ('5051            ', 7, 0, '商户佣金', 0, null, 0, 0, 0, '505', null, 1, null, 0, 0, 0, 0, 0, 0, 0, 0, 0, 0, 0, 0, 0, null, null, null, null, null, null, null, null, null);
insert into YKT_CUR.T_AIF_ACCOUNT (ACCOUNT_ID, ACT_TYPE, CUSTOMER_ID, CUT_NAME, CUT_TYPE, STUEMP_NO, CARD_ID, PURSE_ID, CARD_TYPE, SUBNO, PASSWORD, CURRENT_STATE, ISAUTOTRA, LAST_BALA, LAST_FREEBALA, LAST_FROZEBALA, CUR_BALA, CUR_FREEBALA, CUR_FROZEBALA, OUT_BALA, IN_BALA, OUT_COUNT, IN_COUNT, CARD_BALANCE, NOBALA_NUM, CONSUME_COUNT, OPEN_DATE, OPEN_TIME, CLOSE_DATE, CLOSE_TIME, RESERVE_1, RESERVE_2, RESERVE_3, COMMENTS, DEPOSIT_BALA)
values ('5061            ', 7, 0, '补助扣款', 0, null, 0, 0, 0, '506', null, 1, null, 0, 0, 0, 0, 0, 0, 0, 0, 0, 0, 0, 0, 0, null, null, null, null, null, null, null, null, null);
insert into YKT_CUR.T_AIF_ACCOUNT (ACCOUNT_ID, ACT_TYPE, CUSTOMER_ID, CUT_NAME, CUT_TYPE, STUEMP_NO, CARD_ID, PURSE_ID, CARD_TYPE, SUBNO, PASSWORD, CURRENT_STATE, ISAUTOTRA, LAST_BALA, LAST_FREEBALA, LAST_FROZEBALA, CUR_BALA, CUR_FREEBALA, CUR_FROZEBALA, OUT_BALA, IN_BALA, OUT_COUNT, IN_COUNT, CARD_BALANCE, NOBALA_NUM, CONSUME_COUNT, OPEN_DATE, OPEN_TIME, CLOSE_DATE, CLOSE_TIME, RESERVE_1, RESERVE_2, RESERVE_3, COMMENTS, DEPOSIT_BALA)
values ('1221            ', 7, 0, '应收扣款', 0, null, 0, 0, 0, '122', null, 1, null, 0, 0, 0, 0, 0, 0, 0, 0, 0, 0, 0, 0, 0, null, null, null, null, null, null, null, null, null);

update YKT_CUR.T_AIF_ACCOUNT
set LAST_BALA=0, LAST_FREEBALA=0, LAST_FROZEBALA=0, CUR_BALA=0, CUR_FREEBALA=0, 
    CUR_FROZEBALA=0, OUT_BALA=0, IN_BALA=0, OUT_COUNT=0, IN_COUNT=0, CARD_BALANCE=0;
	
insert into YKT_CUR.T_CIF_DEPT (DEPT_CODE, IS_ACADEMY, DEPT_NAME, E_NAME, PARENTDEPT_CODE, DEPT_LEVEL, IS_AVAILABILITY, COMMENTS, DWGLM, RESERVE1, RESERVE2, RESERVE3)
values ('1', null, '新一代一卡通', null, 'NA', 0, null, null, null, null, null, null);
insert into YKT_CUR.T_CIF_SHOP (SHOP_ID, CUT_ID, DEPT_ID, SHOP_NAME, SHOP_TYPE, IS_INDEP, IS_LEAF, SHOP_STATE, SHOP_MANAGER, MAN, SEX, NATION, MAN_ID, TEL, ADDRESS, IS_GETFEE, RATIO, MANAGER_TYPE, DUTY_TYPE, REG_TIME, COMMENTS, CAN_TIME, B_ACT_ID, B_ACT_NAME)
values (1, 0, 0, '新一代一卡通', 3, '2', '2', 1, null, null, ' ', null, null, null, null, ' ', null, null, 0, null, null, '20041113172909', null, null);
insert into YKT_CUR.T_PIF_APP_FUNC_LIST (OPER_STYLE, APP_FUNC_NO, APP_NO, APP_FUNC_NAME, APP_FUNC_FULL_NAME)
values ('1', 0, '1', 'wj', 'wenjian');
insert into YKT_CUR.T_PIF_AREA (AREA_NO, FATHER_AREA_NO, AREA_NAME, AREALEVEL, ADDRESS, COMMENTS)
values (1, null, '新一代一卡通', 1, null, null);
insert into YKT_CUR.T_PIF_DEVICE (DEVICE_ID, DEVICE_NAME, DEV999_ID, DEVPHY999_ID, DEV999_NO, DEVTYPE, DEVVERSION, CARDSTR, CARDTYPE, PORTCOUNT, FDEV_ID, PORTNO, STATE_ID, JOINMODE, COMADD, PORT, BAUDRATE, COMTYPE, BSHEETVDATE, BSHEETVER, LASTTRASERNO, LASTTRADATE, LASTSHUTSERNO, LASTSHUTDATE, SYSPWD, ADMPWD, PWDONOFF, PUSERNO, CARDSET, FUNONOFF, CARDUSENUM, MAXDEPOSIT, MINDEPOSIT, RATION, MAXTRADE, SHUTTIMES, CARD65PWD, AUTHPWD, FTFLAG, FEETYPE, PHYTYPE, WEB_LEVEL, SUBSYSTEM_ID, AREA, INIT_KEY, MANAGER, TEL, ADDRESS, OPERATE_TIME, COMMENTS, IS_FEE_CODE, MODE_CODE, OPEN_TIME1, OPEN_TIME2, IS_ALLEYWAY, IS_SAVE_DATA, IS_LCD_DISPLAY, DOOR_LST_VER, DEV_USAGE)
values (1, '新一代一卡通', 'FFFFFFFF', 'FFFFFFFF', 0, '1', null, null, null, null, -1, null, null, null, null, null, null, null, null, '000000000000', null, null, null, null, null, null, null, null, null, null, null, null, null, null, null, null, null, null, null, null, null, null, null, null, null, null, null, null, null, null, 0, null, null, null, null, null, null, '000000000000', null);
update YKT_CUR.T_PIF_DEVICE set state_id=1 where device_id=1;

INSERT INTO YKT_CUR.T_PIF_CUR_SYSPARA (ID, VALUE, PARA_NAME, USETIME, OPTIME, UNIT, COMMENTS, IS_DISPLAY) 
values (1, '0', '日结标志', '20001212121212', '20070426181545', null, null , null);
INSERT INTO YKT_CUR.T_PIF_CUR_SYSPARA (ID, VALUE, PARA_NAME, USETIME, OPTIME, UNIT, COMMENTS, IS_DISPLAY)
values (6, '991231121212', '黑名单有效期', '20001212121212', '20001212121212', null, null, null);
INSERT INTO YKT_CUR.T_PIF_CUR_SYSPARA (ID, VALUE, PARA_NAME, USETIME, OPTIME, UNIT, COMMENTS, IS_DISPLAY)
values (7, '1', '过渡临时卡有效期', '20001212121212', '20050804153712', '天', null, '1');
INSERT INTO YKT_CUR.T_PIF_CUR_SYSPARA (ID, VALUE, PARA_NAME, USETIME, OPTIME, UNIT, COMMENTS, IS_DISPLAY)
values (9, '0', '挂失补办正式卡期限', '20001212121212', '20050804153113', '天', null, '1');
INSERT INTO YKT_CUR.T_PIF_CUR_SYSPARA (ID, VALUE, PARA_NAME, USETIME, OPTIME, UNIT, COMMENTS, IS_DISPLAY)
values (11, '5', '允许卡库不平最大次数邋（天数）', '20001212121212', '20001212121212', '天', null, null);
INSERT INTO YKT_CUR.T_PIF_CUR_SYSPARA (ID, VALUE, PARA_NAME, USETIME, OPTIME, UNIT, COMMENTS, IS_DISPLAY)
values (12, '50', '允许卡库不平最大金额', '20001212121212', '20001212121212', '元', null, null);
INSERT INTO YKT_CUR.T_PIF_CUR_SYSPARA (ID, VALUE, PARA_NAME, USETIME, OPTIME, UNIT, COMMENTS, IS_DISPLAY)
values (13, '0', '不记名临时卡收费类别', '20001212121212', '20001212121212', null, null, '1');
INSERT INTO YKT_CUR.T_PIF_CUR_SYSPARA (ID, VALUE, PARA_NAME, USETIME, OPTIME, UNIT, COMMENTS, IS_DISPLAY)
values (14, '0', '不记名临时卡客户类别', '20001212121212', '20001212121212', null, null, '1');
INSERT INTO YKT_CUR.T_PIF_CUR_SYSPARA (ID, VALUE, PARA_NAME, USETIME, OPTIME, UNIT, COMMENTS, IS_DISPLAY)
values (15, '新一代一卡通', '机构名', '20001212121212', '20001212121212', '', null, '1');
INSERT INTO YKT_CUR.T_PIF_CUR_SYSPARA (ID, VALUE, PARA_NAME, USETIME, OPTIME, UNIT, COMMENTS, IS_DISPLAY)
values (16, '400.00', '单笔补助金额上限', '20001212121212', '20001212121212', '', null, '1');
INSERT INTO YKT_CUR.T_PIF_CUR_SYSPARA (ID, VALUE, PARA_NAME, USETIME, OPTIME, UNIT, COMMENTS, IS_DISPLAY)
values (1106, '5000', '日消费限额', '20001212121212', '20001212121212', '分', null, '1');
INSERT INTO YKT_CUR.T_PIF_CUR_SYSPARA (ID, VALUE, PARA_NAME, USETIME, OPTIME, UNIT, COMMENTS, IS_DISPLAY)
values (1107, '2000', '单次消费限额', '20001212121212', '20001212121212', '分', null, '1');
INSERT INTO YKT_CUR.T_PIF_CUR_SYSPARA (ID, VALUE, PARA_NAME, USETIME, OPTIME, UNIT, COMMENTS, IS_DISPLAY)
values (1200, '6001', '前置机CCU侦听端口', '20001212121212', '20001212121212', '', null, '1');
INSERT INTO YKT_CUR.T_PIF_CUR_SYSPARA (ID, VALUE, PARA_NAME, USETIME, OPTIME, UNIT, COMMENTS, IS_DISPLAY)
values (1701, 'hdhdhdhd', 'CCU FTP用户名', '20001212121212', '20001212121212', '', null, '1');
INSERT INTO YKT_CUR.T_PIF_CUR_SYSPARA (ID, VALUE, PARA_NAME, USETIME, OPTIME, UNIT, COMMENTS, IS_DISPLAY)
values (1702, '11111111', 'CCU FTP密码', '20001212121212', '20001212121212', '', null, '1');
INSERT INTO YKT_CUR.T_PIF_CUR_SYSPARA (ID, VALUE, PARA_NAME, USETIME, OPTIME, UNIT, COMMENTS, IS_DISPLAY)
values (1703, '21', 'CCU FTP端口号', '20001212121212', '20001212121212', '', null, '1');
INSERT INTO YKT_CUR.T_PIF_CUR_SYSPARA (ID, VALUE, PARA_NAME, USETIME, OPTIME, UNIT, COMMENTS, IS_DISPLAY)
values (2006, '4344334539413846', '设备授权密钥', '20001212121212', '20001212121212', null, null, null);
INSERT INTO YKT_CUR.T_PIF_CUR_SYSPARA (ID, VALUE, PARA_NAME, USETIME, OPTIME, UNIT, COMMENTS, IS_DISPLAY)
values (2007, '4344334539413846', '65类卡密钥', '20001212121212', '20001212121212', null, null, null);
INSERT INTO YKT_CUR.T_PIF_CUR_SYSPARA (ID, VALUE, PARA_NAME, USETIME, OPTIME, UNIT, COMMENTS, IS_DISPLAY)
values (2, '999', '卡最大充值金额', '20001212121212', '20001212121212', '元', null, '1');
INSERT INTO YKT_CUR.T_PIF_CUR_SYSPARA (ID, VALUE, PARA_NAME, USETIME, OPTIME, UNIT, COMMENTS, IS_DISPLAY)
values (3003, '1500', '水表号上限', '20001212121212', '20001212121212', ' ', null, null);
INSERT INTO YKT_CUR.T_PIF_CUR_SYSPARA (ID, VALUE, PARA_NAME, USETIME, OPTIME, UNIT, COMMENTS, IS_DISPLAY)
values (3002, '30.0', '水价', '20001212121212', '20060911164907', '元/吨', null, null);
INSERT INTO YKT_CUR.T_PIF_CUR_SYSPARA (ID, VALUE, PARA_NAME, USETIME, OPTIME, UNIT, COMMENTS, IS_DISPLAY)
values (3001, '50.0', '水控钱包上限', '20001212121212', '20060911202056', '升', null, '1');
INSERT INTO YKT_CUR.T_PIF_CUR_SYSPARA (ID, VALUE, PARA_NAME, USETIME, OPTIME, UNIT, COMMENTS, IS_DISPLAY)
values (2009, 'ACF7855E2565CBE3', '小钱包密钥', '20001212121212', '20001212121212', null, null, null);
INSERT INTO YKT_CUR.T_PIF_CUR_SYSPARA (ID, VALUE, PARA_NAME, USETIME, OPTIME, UNIT, COMMENTS, IS_DISPLAY)
values (2301, '10.49.188.50', '电控服务器ip', '20001212121212', '20070721000000', '', '电控转账业务相关', '1');
INSERT INTO YKT_CUR.T_PIF_CUR_SYSPARA (ID, VALUE, PARA_NAME, USETIME, OPTIME, UNIT, COMMENTS, IS_DISPLAY)
values (2302, '3000', '电控服务器port', '20001212121212', '20070721000000', '', '电控转账业务相关', '1');
INSERT INTO YKT_CUR.T_PIF_CUR_SYSPARA (ID, VALUE, PARA_NAME, USETIME, OPTIME, UNIT, COMMENTS, IS_DISPLAY)
values (2303, '6000', '电控转账对应的drtp节点号', '20001212121212', '20070721000000', '', '电控转账业务前置相关', '1');
INSERT INTO YKT_CUR.T_PIF_CUR_SYSPARA (ID, VALUE, PARA_NAME, USETIME, OPTIME, UNIT, COMMENTS, IS_DISPLAY)
values (2304, '7300', '电控转账对应的前置主功能号', '20001212121212', '20070721000000', '', '电控转账业务前置相关', '1');
INSERT INTO YKT_CUR.T_PIF_CUR_SYSPARA (ID, VALUE, PARA_NAME, USETIME, OPTIME, UNIT, COMMENTS, IS_DISPLAY)
values (2305, '/home/yktsj/ykt/download', '文件路径', '20001212121212', '20070721000000', '', '', '1');
INSERT INTO YKT_CUR.T_PIF_CUR_SYSPARA (ID, VALUE, PARA_NAME, USETIME, OPTIME, UNIT, COMMENTS, IS_DISPLAY)
values (2306, '/home/yktsj/ykt/upload', '文件路径', '20001212121212', '20070721000000', '', '', '1');
INSERT INTO YKT_CUR.T_PIF_CUR_SYSPARA (ID, VALUE, PARA_NAME, USETIME, OPTIME, UNIT, COMMENTS, IS_DISPLAY)
values (2501, '7110', '常州电控转账对应的drtp节点号', '20001212121212', '20070721000000', '', '电控转账业务前置相关', '1');
INSERT INTO YKT_CUR.T_PIF_CUR_SYSPARA (ID, VALUE, PARA_NAME, USETIME, OPTIME, UNIT, COMMENTS, IS_DISPLAY)
values (2502, '9112', '常州电控转账对应的前置主功能号', '20001212121212', '20070721000000', '', '电控转账业务前置相关', '1');
INSERT INTO YKT_CUR.T_PIF_CUR_SYSPARA (ID, VALUE, PARA_NAME, USETIME, OPTIME, UNIT, COMMENTS, IS_DISPLAY)
values (2999, 'CA57BCAD3DDFF3341110D3C49E35DA43', '校区编号', '20001212121212', '20070721000000', '', '', '1');
INSERT INTO YKT_CUR.T_PIF_CUR_SYSPARA (ID, VALUE, PARA_NAME, USETIME, OPTIME, UNIT, COMMENTS, IS_DISPLAY)
values (4000, '07501', '单位委托码', '20001212121212', '20070721000000', '', '', '1');
INSERT INTO YKT_CUR.T_PIF_CUR_SYSPARA (ID, VALUE, PARA_NAME, USETIME, OPTIME, UNIT, COMMENTS, IS_DISPLAY)
values (4001, '07', '代理业务编号', '20001212121212', '20070721000000', '', '', '1');
INSERT INTO YKT_CUR.T_PIF_CUR_SYSPARA (ID, VALUE, PARA_NAME, USETIME, OPTIME, UNIT, COMMENTS, IS_DISPLAY)
values (4002, '1001232011200509809', '委托单位帐号', '20001212121212', '20070721000000', '', '', '1');
INSERT INTO YKT_CUR.T_PIF_CUR_SYSPARA (ID, VALUE, PARA_NAME, USETIME, OPTIME, UNIT, COMMENTS, IS_DISPLAY)
values (4003, '中国工商银行上海市分行', '委托单位名称', '20001212121212', '20070721000000', '', '', '1');


insert into YKT_CUR.T_PIF_DICTIONARY (DICT_NO, DICT_VALUE, DICT_NAME, DICT_CAPTION)
values (84, '2', '门禁状态', '正常');
insert into YKT_CUR.T_PIF_DICTIONARY (DICT_NO, DICT_VALUE, DICT_NAME, DICT_CAPTION)
values (84, '1', '门禁状态', '未下传');
insert into YKT_CUR.T_PIF_DICTIONARY (DICT_NO, DICT_VALUE, DICT_NAME, DICT_CAPTION)
values (84, '8', '门禁状态', '等待删除');
insert into YKT_CUR.T_PIF_DICTIONARY (DICT_NO, DICT_VALUE, DICT_NAME, DICT_CAPTION)
values (84, '9', '门禁状态', '已删除');
insert into YKT_CUR.T_PIF_DICTIONARY (DICT_NO, DICT_VALUE, DICT_NAME, DICT_CAPTION)
values (50, '9', '三九链路模式', '级联');
insert into YKT_CUR.T_PIF_DICTIONARY (DICT_NO, DICT_VALUE, DICT_NAME, DICT_CAPTION)
values (86, '1', '事件代码', '正常');
insert into YKT_CUR.T_PIF_DICTIONARY (DICT_NO, DICT_VALUE, DICT_NAME, DICT_CAPTION)
values (86, '2', '事件代码', '密码错误');
insert into YKT_CUR.T_PIF_DICTIONARY (DICT_NO, DICT_VALUE, DICT_NAME, DICT_CAPTION)
values (86, '3', '事件代码', '不能用按键输入');
insert into YKT_CUR.T_PIF_DICTIONARY (DICT_NO, DICT_VALUE, DICT_NAME, DICT_CAPTION)
values (86, '4', '事件代码', '权限不合');
insert into YKT_CUR.T_PIF_DICTIONARY (DICT_NO, DICT_VALUE, DICT_NAME, DICT_CAPTION)
values (86, '5', '事件代码', '假日权限不合');
insert into YKT_CUR.T_PIF_DICTIONARY (DICT_NO, DICT_VALUE, DICT_NAME, DICT_CAPTION)
values (86, '6', '事件代码', '卡片时效已过');
insert into YKT_CUR.T_PIF_DICTIONARY (DICT_NO, DICT_VALUE, DICT_NAME, DICT_CAPTION)
values (86, '7', '事件代码', '无此卡号');
insert into YKT_CUR.T_PIF_DICTIONARY (DICT_NO, DICT_VALUE, DICT_NAME, DICT_CAPTION)
values (86, '8', '事件代码', '主副卡权限比对失败');
insert into YKT_CUR.T_PIF_DICTIONARY (DICT_NO, DICT_VALUE, DICT_NAME, DICT_CAPTION)
values (86, '9', '事件代码', '双重卡权限比对失败');
insert into YKT_CUR.T_PIF_DICTIONARY (DICT_NO, DICT_VALUE, DICT_NAME, DICT_CAPTION)
values (86, '10', '事件代码', '考勤卡');
insert into YKT_CUR.T_PIF_DICTIONARY (DICT_NO, DICT_VALUE, DICT_NAME, DICT_CAPTION)
values (86, '11', '事件代码', '黑名单发警报');
insert into YKT_CUR.T_PIF_DICTIONARY (DICT_NO, DICT_VALUE, DICT_NAME, DICT_CAPTION)
values (86, '12', '事件代码', '解除警报');
insert into YKT_CUR.T_PIF_DICTIONARY (DICT_NO, DICT_VALUE, DICT_NAME, DICT_CAPTION)
values (86, '13', '事件代码', '第一张主卡或副卡或双重卡');
insert into YKT_CUR.T_PIF_DICTIONARY (DICT_NO, DICT_VALUE, DICT_NAME, DICT_CAPTION)
values (86, '14', '事件代码', '输入代码错误');
insert into YKT_CUR.T_PIF_DICTIONARY (DICT_NO, DICT_VALUE, DICT_NAME, DICT_CAPTION)
values (47, '9001', '汉军机型代码', 'RAC2000P');
insert into YKT_CUR.T_PIF_DICTIONARY (DICT_NO, DICT_VALUE, DICT_NAME, DICT_CAPTION)
values (47, '9002', '汉军机型代码', 'RAC2000G');
insert into YKT_CUR.T_PIF_DICTIONARY (DICT_NO, DICT_VALUE, DICT_NAME, DICT_CAPTION)
values (47, '9003', '汉军机型代码', 'GCU3');
insert into YKT_CUR.T_PIF_DICTIONARY (DICT_NO, DICT_VALUE, DICT_NAME, DICT_CAPTION)
values (47, '9004', '汉军机型代码', 'NCU3');
insert into YKT_CUR.T_PIF_DICTIONARY (DICT_NO, DICT_VALUE, DICT_NAME, DICT_CAPTION)
values (47, '9000', '汉军机型代码', '门禁');
insert into YKT_CUR.T_PIF_DICTIONARY (DICT_NO, DICT_VALUE, DICT_NAME, DICT_CAPTION)
values (84, '7', '门禁状态', '可以删除');
insert into YKT_CUR.T_PIF_DICTIONARY (DICT_NO, DICT_VALUE, DICT_NAME, DICT_CAPTION)
values (78, '1', '与会人员性质', '出席');
insert into YKT_CUR.T_PIF_DICTIONARY (DICT_NO, DICT_VALUE, DICT_NAME, DICT_CAPTION)
values (47, '9005', '汉军机型代码', '汉军BF430');
insert into YKT_CUR.T_PIF_DICTIONARY (DICT_NO, DICT_VALUE, DICT_NAME, DICT_CAPTION)
values (78, '2', '与会人员性质', '列席');
insert into YKT_CUR.T_PIF_DICTIONARY (DICT_NO, DICT_VALUE, DICT_NAME, DICT_CAPTION)
values (78, '3', '与会人员性质', '特邀');
insert into YKT_CUR.T_PIF_DICTIONARY (DICT_NO, DICT_VALUE, DICT_NAME, DICT_CAPTION)
values (78, '4', '与会人员性质', '其它');
insert into YKT_CUR.T_PIF_DICTIONARY (DICT_NO, DICT_VALUE, DICT_NAME, DICT_CAPTION)
values (80, '0', '会议状态', '正常');
insert into YKT_CUR.T_PIF_DICTIONARY (DICT_NO, DICT_VALUE, DICT_NAME, DICT_CAPTION)
values (80, '1', '会议状态', '修改');
insert into YKT_CUR.T_PIF_DICTIONARY (DICT_NO, DICT_VALUE, DICT_NAME, DICT_CAPTION)
values (80, '9', '会议状态', '取消');
insert into YKT_CUR.T_PIF_DICTIONARY (DICT_NO, DICT_VALUE, DICT_NAME, DICT_CAPTION)
values (79, '00', '签到标志', '未签到');
insert into YKT_CUR.T_PIF_DICTIONARY (DICT_NO, DICT_VALUE, DICT_NAME, DICT_CAPTION)
values (79, '11', '签到标志', '持卡签到');
insert into YKT_CUR.T_PIF_DICTIONARY (DICT_NO, DICT_VALUE, DICT_NAME, DICT_CAPTION)
values (79, '12', '签到标志', '无卡签到');
insert into YKT_CUR.T_PIF_DICTIONARY (DICT_NO, DICT_VALUE, DICT_NAME, DICT_CAPTION)
values (79, '13', '签到标志', '代替签到');
insert into YKT_CUR.T_PIF_DICTIONARY (DICT_NO, DICT_VALUE, DICT_NAME, DICT_CAPTION)
values (79, '21', '签到标志', '持卡签到（迟到）');
insert into YKT_CUR.T_PIF_DICTIONARY (DICT_NO, DICT_VALUE, DICT_NAME, DICT_CAPTION)
values (79, '22', '签到标志', '无卡签到（迟到）');
insert into YKT_CUR.T_PIF_DICTIONARY (DICT_NO, DICT_VALUE, DICT_NAME, DICT_CAPTION)
values (79, '23', '签到标志', '代替签到（迟到）');
insert into YKT_CUR.T_PIF_DICTIONARY (DICT_NO, DICT_VALUE, DICT_NAME, DICT_CAPTION)
values (79, '30', '签到标志', '请假');
insert into YKT_CUR.T_PIF_DICTIONARY (DICT_NO, DICT_VALUE, DICT_NAME, DICT_CAPTION)
values (83, '1', '授权卡状态', '正常');
insert into YKT_CUR.T_PIF_DICTIONARY (DICT_NO, DICT_VALUE, DICT_NAME, DICT_CAPTION)
values (83, '2', '授权卡状态', '挂失');
insert into YKT_CUR.T_PIF_DICTIONARY (DICT_NO, DICT_VALUE, DICT_NAME, DICT_CAPTION)
values (83, '4', '授权卡状态', '注销');
insert into YKT_CUR.T_PIF_DICTIONARY (DICT_NO, DICT_VALUE, DICT_NAME, DICT_CAPTION)
values (1, '1', '系统状态', '流水入帐状态');
insert into YKT_CUR.T_PIF_DICTIONARY (DICT_NO, DICT_VALUE, DICT_NAME, DICT_CAPTION)
values (1, '2', '系统状态', '结算状态');
insert into YKT_CUR.T_PIF_DICTIONARY (DICT_NO, DICT_VALUE, DICT_NAME, DICT_CAPTION)
values (1, '3', '系统状态', '结算超时状态');
insert into YKT_CUR.T_PIF_DICTIONARY (DICT_NO, DICT_VALUE, DICT_NAME, DICT_CAPTION)
values (2, '1', '是否', '是');
insert into YKT_CUR.T_PIF_DICTIONARY (DICT_NO, DICT_VALUE, DICT_NAME, DICT_CAPTION)
values (2, '2', '是否', '否');
insert into YKT_CUR.T_PIF_DICTIONARY (DICT_NO, DICT_VALUE, DICT_NAME, DICT_CAPTION)
values (3, '1', '流水状态', '发起未入帐');
insert into YKT_CUR.T_PIF_DICTIONARY (DICT_NO, DICT_VALUE, DICT_NAME, DICT_CAPTION)
values (3, '2', '流水状态', '已入帐');
insert into YKT_CUR.T_PIF_DICTIONARY (DICT_NO, DICT_VALUE, DICT_NAME, DICT_CAPTION)
values (3, '3', '流水状态', '已结算汇总');
insert into YKT_CUR.T_PIF_DICTIONARY (DICT_NO, DICT_VALUE, DICT_NAME, DICT_CAPTION)
values (3, '4', '流水状态', '已冲正');
insert into YKT_CUR.T_PIF_DICTIONARY (DICT_NO, DICT_VALUE, DICT_NAME, DICT_CAPTION)
values (3, '5', '流水状态', '结算时段采集未入帐流水');
insert into YKT_CUR.T_PIF_DICTIONARY (DICT_NO, DICT_VALUE, DICT_NAME, DICT_CAPTION)
values (3, '6', '流水状态', '重复上传异常状态');
insert into YKT_CUR.T_PIF_DICTIONARY (DICT_NO, DICT_VALUE, DICT_NAME, DICT_CAPTION)
values (3, '7', '流水状态', '已归档');
insert into YKT_CUR.T_PIF_DICTIONARY (DICT_NO, DICT_VALUE, DICT_NAME, DICT_CAPTION)
values (3, '8', '流水状态', '入帐异常');
insert into YKT_CUR.T_PIF_DICTIONARY (DICT_NO, DICT_VALUE, DICT_NAME, DICT_CAPTION)
values (3, '9', '流水状态', '发起');
insert into YKT_CUR.T_PIF_DICTIONARY (DICT_NO, DICT_VALUE, DICT_NAME, DICT_CAPTION)
values (3, '10', '流水状态', '上传流水数据错误');
insert into YKT_CUR.T_PIF_DICTIONARY (DICT_NO, DICT_VALUE, DICT_NAME, DICT_CAPTION)
values (4, '1', '写卡状态', '发起未写入白名单');
insert into YKT_CUR.T_PIF_DICTIONARY (DICT_NO, DICT_VALUE, DICT_NAME, DICT_CAPTION)
values (4, '2', '写卡状态', '写入白名单');
insert into YKT_CUR.T_PIF_DICTIONARY (DICT_NO, DICT_VALUE, DICT_NAME, DICT_CAPTION)
values (4, '3', '写卡状态', '已写卡');
insert into YKT_CUR.T_PIF_DICTIONARY (DICT_NO, DICT_VALUE, DICT_NAME, DICT_CAPTION)
values (5, '1', '设备状态', '注册');
insert into YKT_CUR.T_PIF_DICTIONARY (DICT_NO, DICT_VALUE, DICT_NAME, DICT_CAPTION)
values (5, '2', '设备状态', '签到后联机');
insert into YKT_CUR.T_PIF_DICTIONARY (DICT_NO, DICT_VALUE, DICT_NAME, DICT_CAPTION)
values (5, '3', '设备状态', '签到后脱机');
insert into YKT_CUR.T_PIF_DICTIONARY (DICT_NO, DICT_VALUE, DICT_NAME, DICT_CAPTION)
values (5, '4', '设备状态', '签出');
insert into YKT_CUR.T_PIF_DICTIONARY (DICT_NO, DICT_VALUE, DICT_NAME, DICT_CAPTION)
values (5, '5', '设备状态', '注销');
insert into YKT_CUR.T_PIF_DICTIONARY (DICT_NO, DICT_VALUE, DICT_NAME, DICT_CAPTION)
values (6, '1', '设备类型', '已删除被三九机型代码代替');
insert into YKT_CUR.T_PIF_DICTIONARY (DICT_NO, DICT_VALUE, DICT_NAME, DICT_CAPTION)
values (7, '1', '子系统状态', '预注册');
insert into YKT_CUR.T_PIF_DICTIONARY (DICT_NO, DICT_VALUE, DICT_NAME, DICT_CAPTION)
values (7, '2', '子系统状态', '注册');
insert into YKT_CUR.T_PIF_DICTIONARY (DICT_NO, DICT_VALUE, DICT_NAME, DICT_CAPTION)
values (7, '3', '子系统状态', '签到后联机');
insert into YKT_CUR.T_PIF_DICTIONARY (DICT_NO, DICT_VALUE, DICT_NAME, DICT_CAPTION)
values (7, '4', '子系统状态', '签到后脱机');
insert into YKT_CUR.T_PIF_DICTIONARY (DICT_NO, DICT_VALUE, DICT_NAME, DICT_CAPTION)
values (7, '5', '子系统状态', '签出');
insert into YKT_CUR.T_PIF_DICTIONARY (DICT_NO, DICT_VALUE, DICT_NAME, DICT_CAPTION)
values (7, '6', '子系统状态', '注销');
insert into YKT_CUR.T_PIF_DICTIONARY (DICT_NO, DICT_VALUE, DICT_NAME, DICT_CAPTION)
values (8, '1', '子系统类型', '银行转帐前置机');
insert into YKT_CUR.T_PIF_DICTIONARY (DICT_NO, DICT_VALUE, DICT_NAME, DICT_CAPTION)
values (8, '12', '子系统类型', '三九前置机');
insert into YKT_CUR.T_PIF_DICTIONARY (DICT_NO, DICT_VALUE, DICT_NAME, DICT_CAPTION)
values (8, '13', '子系统类型', '前台程序');
insert into YKT_CUR.T_PIF_DICTIONARY (DICT_NO, DICT_VALUE, DICT_NAME, DICT_CAPTION)
values (8, '14', '子系统类型', '外接子系统');
insert into YKT_CUR.T_PIF_DICTIONARY (DICT_NO, DICT_VALUE, DICT_NAME, DICT_CAPTION)
values (8, '15', '子系统类型', '通用前置机');
insert into YKT_CUR.T_PIF_DICTIONARY (DICT_NO, DICT_VALUE, DICT_NAME, DICT_CAPTION)
values (8, '16', '子系统类型', '永拓前置机');
insert into YKT_CUR.T_PIF_DICTIONARY (DICT_NO, DICT_VALUE, DICT_NAME, DICT_CAPTION)
values (9, '1', '学生状态', '注册');
insert into YKT_CUR.T_PIF_DICTIONARY (DICT_NO, DICT_VALUE, DICT_NAME, DICT_CAPTION)
values (9, '2', '学生状态', '休学');
insert into YKT_CUR.T_PIF_DICTIONARY (DICT_NO, DICT_VALUE, DICT_NAME, DICT_CAPTION)
values (9, '3', '学生状态', '毕业注销');
insert into YKT_CUR.T_PIF_DICTIONARY (DICT_NO, DICT_VALUE, DICT_NAME, DICT_CAPTION)
values (9, '4', '学生状态', '退学注销');
insert into YKT_CUR.T_PIF_DICTIONARY (DICT_NO, DICT_VALUE, DICT_NAME, DICT_CAPTION)
values (10, '1', '已删除', '已删除');
insert into YKT_CUR.T_PIF_DICTIONARY (DICT_NO, DICT_VALUE, DICT_NAME, DICT_CAPTION)
values (11, '1', '员工状态', '注册');
insert into YKT_CUR.T_PIF_DICTIONARY (DICT_NO, DICT_VALUE, DICT_NAME, DICT_CAPTION)
values (11, '2', '员工状态', '注销');
insert into YKT_CUR.T_PIF_DICTIONARY (DICT_NO, DICT_VALUE, DICT_NAME, DICT_CAPTION)
values (12, '1', '已删除', '已删除');
insert into YKT_CUR.T_PIF_DICTIONARY (DICT_NO, DICT_VALUE, DICT_NAME, DICT_CAPTION)
values (13, '1', '商户状态', '注册');
insert into YKT_CUR.T_PIF_DICTIONARY (DICT_NO, DICT_VALUE, DICT_NAME, DICT_CAPTION)
values (13, '2', '商户状态', '注销');
insert into YKT_CUR.T_PIF_DICTIONARY (DICT_NO, DICT_VALUE, DICT_NAME, DICT_CAPTION)
values (14, '1', '商户类型', '独立核算盈利类');
insert into YKT_CUR.T_PIF_DICTIONARY (DICT_NO, DICT_VALUE, DICT_NAME, DICT_CAPTION)
values (14, '2', '商户类型', '非独立核算盈利类');
insert into YKT_CUR.T_PIF_DICTIONARY (DICT_NO, DICT_VALUE, DICT_NAME, DICT_CAPTION)
values (14, '3', '商户类型', '学校公共类');
insert into YKT_CUR.T_PIF_DICTIONARY (DICT_NO, DICT_VALUE, DICT_NAME, DICT_CAPTION)
values (15, '1', '客户状态', '注册');
insert into YKT_CUR.T_PIF_DICTIONARY (DICT_NO, DICT_VALUE, DICT_NAME, DICT_CAPTION)
values (15, '2', '客户状态', '注销');
insert into YKT_CUR.T_PIF_DICTIONARY (DICT_NO, DICT_VALUE, DICT_NAME, DICT_CAPTION)
values (16, '1', '已删除', '已删除');
insert into YKT_CUR.T_PIF_DICTIONARY (DICT_NO, DICT_VALUE, DICT_NAME, DICT_CAPTION)
values (17, '1000', '卡状态', '正常');
insert into YKT_CUR.T_PIF_DICTIONARY (DICT_NO, DICT_VALUE, DICT_NAME, DICT_CAPTION)
values (17, '2000', '卡状态', '注销');
insert into YKT_CUR.T_PIF_DICTIONARY (DICT_NO, DICT_VALUE, DICT_NAME, DICT_CAPTION)
values (17, '1100', '卡状态', '挂失');
insert into YKT_CUR.T_PIF_DICTIONARY (DICT_NO, DICT_VALUE, DICT_NAME, DICT_CAPTION)
values (17, '1010', '卡状态', '冻结');
insert into YKT_CUR.T_PIF_DICTIONARY (DICT_NO, DICT_VALUE, DICT_NAME, DICT_CAPTION)
values (17, '1001', '卡状态', '写卡失败');
insert into YKT_CUR.T_PIF_DICTIONARY (DICT_NO, DICT_VALUE, DICT_NAME, DICT_CAPTION)
values (17, '1011', '卡状态', '冻结写卡失败');
insert into YKT_CUR.T_PIF_DICTIONARY (DICT_NO, DICT_VALUE, DICT_NAME, DICT_CAPTION)
values (17, '1101', '卡状态', '挂失写卡失败');
insert into YKT_CUR.T_PIF_DICTIONARY (DICT_NO, DICT_VALUE, DICT_NAME, DICT_CAPTION)
values (17, '1110', '卡状态', '挂失冻结');
insert into YKT_CUR.T_PIF_DICTIONARY (DICT_NO, DICT_VALUE, DICT_NAME, DICT_CAPTION)
values (17, '1111', '卡状态', '挂失冻结写卡失败');
insert into YKT_CUR.T_PIF_DICTIONARY (DICT_NO, DICT_VALUE, DICT_NAME, DICT_CAPTION)
values (18, '1', '卡类型', '正式卡');
insert into YKT_CUR.T_PIF_DICTIONARY (DICT_NO, DICT_VALUE, DICT_NAME, DICT_CAPTION)
values (18, '2', '卡类型', '过渡临时卡');
insert into YKT_CUR.T_PIF_DICTIONARY (DICT_NO, DICT_VALUE, DICT_NAME, DICT_CAPTION)
values (18, '3', '卡类型', '不记名临时卡');
insert into YKT_CUR.T_PIF_DICTIONARY (DICT_NO, DICT_VALUE, DICT_NAME, DICT_CAPTION)
values (18, '4', '卡类型', 'VIP卡');
insert into YKT_CUR.T_PIF_DICTIONARY (DICT_NO, DICT_VALUE, DICT_NAME, DICT_CAPTION)
values (18, '5', '卡类型', '记名临时卡');
insert into YKT_CUR.T_PIF_DICTIONARY (DICT_NO, DICT_VALUE, DICT_NAME, DICT_CAPTION)
values (18, '10', '卡类型', '商户卡');
insert into YKT_CUR.T_PIF_DICTIONARY (DICT_NO, DICT_VALUE, DICT_NAME, DICT_CAPTION)
values (19, '1', '帐户状态', '注册');
insert into YKT_CUR.T_PIF_DICTIONARY (DICT_NO, DICT_VALUE, DICT_NAME, DICT_CAPTION)
values (19, '2', '帐户状态', '注销');
insert into YKT_CUR.T_PIF_DICTIONARY (DICT_NO, DICT_VALUE, DICT_NAME, DICT_CAPTION)
values (19, '3', '帐户状态', '冻结');
insert into YKT_CUR.T_PIF_DICTIONARY (DICT_NO, DICT_VALUE, DICT_NAME, DICT_CAPTION)
values (19, '4', '帐户状态', '保留账户');
insert into YKT_CUR.T_PIF_DICTIONARY (DICT_NO, DICT_VALUE, DICT_NAME, DICT_CAPTION)
values (20, '1', '已删除', '已删除');
insert into YKT_CUR.T_PIF_DICTIONARY (DICT_NO, DICT_VALUE, DICT_NAME, DICT_CAPTION)
values (21, '1', '入帐资金类型', '食堂、商店消费类');
insert into YKT_CUR.T_PIF_DICTIONARY (DICT_NO, DICT_VALUE, DICT_NAME, DICT_CAPTION)
values (21, '2', '入帐资金类型', '手续费');
insert into YKT_CUR.T_PIF_DICTIONARY (DICT_NO, DICT_VALUE, DICT_NAME, DICT_CAPTION)
values (21, '3', '入帐资金类型', '押金');
insert into YKT_CUR.T_PIF_DICTIONARY (DICT_NO, DICT_VALUE, DICT_NAME, DICT_CAPTION)
values (21, '4', '入帐资金类型', '充值金');
insert into YKT_CUR.T_PIF_DICTIONARY (DICT_NO, DICT_VALUE, DICT_NAME, DICT_CAPTION)
values (21, '5', '入帐资金类型', '退回金');
insert into YKT_CUR.T_PIF_DICTIONARY (DICT_NO, DICT_VALUE, DICT_NAME, DICT_CAPTION)
values (21, '6', '入帐资金类型', '管理费');
insert into YKT_CUR.T_PIF_DICTIONARY (DICT_NO, DICT_VALUE, DICT_NAME, DICT_CAPTION)
values (22, '1', '已删除', '已删除');
insert into YKT_CUR.T_PIF_DICTIONARY (DICT_NO, DICT_VALUE, DICT_NAME, DICT_CAPTION)
values (23, '1', '已删除', '已删除');
insert into YKT_CUR.T_PIF_DICTIONARY (DICT_NO, DICT_VALUE, DICT_NAME, DICT_CAPTION)
values (24, '1', '归档内容', '流水表');
insert into YKT_CUR.T_PIF_DICTIONARY (DICT_NO, DICT_VALUE, DICT_NAME, DICT_CAPTION)
values (24, '2', '归档内容', '汇总、结算表');
insert into YKT_CUR.T_PIF_DICTIONARY (DICT_NO, DICT_VALUE, DICT_NAME, DICT_CAPTION)
values (24, '3', '归档内容', '流水表、汇总、结算表');
insert into YKT_CUR.T_PIF_DICTIONARY (DICT_NO, DICT_VALUE, DICT_NAME, DICT_CAPTION)
values (25, '1', '挂失期限类别', '无限延期');
insert into YKT_CUR.T_PIF_DICTIONARY (DICT_NO, DICT_VALUE, DICT_NAME, DICT_CAPTION)
values (25, '2', '挂失期限类别', '用户指定');
insert into YKT_CUR.T_PIF_DICTIONARY (DICT_NO, DICT_VALUE, DICT_NAME, DICT_CAPTION)
values (26, '1', '借贷标识', '借方');
insert into YKT_CUR.T_PIF_DICTIONARY (DICT_NO, DICT_VALUE, DICT_NAME, DICT_CAPTION)
values (26, '2', '借贷标识', '贷方');
insert into YKT_CUR.T_PIF_DICTIONARY (DICT_NO, DICT_VALUE, DICT_NAME, DICT_CAPTION)
values (27, '1', '借方标志', '读默认');
insert into YKT_CUR.T_PIF_DICTIONARY (DICT_NO, DICT_VALUE, DICT_NAME, DICT_CAPTION)
values (27, '2', '借方标志', '读输入');
insert into YKT_CUR.T_PIF_DICTIONARY (DICT_NO, DICT_VALUE, DICT_NAME, DICT_CAPTION)
values (27, '3', '借方标志', '读配置');
insert into YKT_CUR.T_PIF_DICTIONARY (DICT_NO, DICT_VALUE, DICT_NAME, DICT_CAPTION)
values (28, '1', '凭证类别', '收款凭证');
insert into YKT_CUR.T_PIF_DICTIONARY (DICT_NO, DICT_VALUE, DICT_NAME, DICT_CAPTION)
values (28, '2', '凭证类别', '付款凭证');
insert into YKT_CUR.T_PIF_DICTIONARY (DICT_NO, DICT_VALUE, DICT_NAME, DICT_CAPTION)
values (28, '3', '凭证类别', '转帐凭证');
insert into YKT_CUR.T_PIF_DICTIONARY (DICT_NO, DICT_VALUE, DICT_NAME, DICT_CAPTION)
values (29, '1', '科目类别', '资产');
insert into YKT_CUR.T_PIF_DICTIONARY (DICT_NO, DICT_VALUE, DICT_NAME, DICT_CAPTION)
values (29, '2', '科目类别', '负债');
insert into YKT_CUR.T_PIF_DICTIONARY (DICT_NO, DICT_VALUE, DICT_NAME, DICT_CAPTION)
values (29, '3', '科目类别', '所有者权益');
insert into YKT_CUR.T_PIF_DICTIONARY (DICT_NO, DICT_VALUE, DICT_NAME, DICT_CAPTION)
values (29, '4', '科目类别', '成本');
insert into YKT_CUR.T_PIF_DICTIONARY (DICT_NO, DICT_VALUE, DICT_NAME, DICT_CAPTION)
values (29, '5', '科目类别', '损益');
insert into YKT_CUR.T_PIF_DICTIONARY (DICT_NO, DICT_VALUE, DICT_NAME, DICT_CAPTION)
values (30, '1', '科目余额方向', '借');
insert into YKT_CUR.T_PIF_DICTIONARY (DICT_NO, DICT_VALUE, DICT_NAME, DICT_CAPTION)
values (30, '2', '科目余额方向', '贷');
insert into YKT_CUR.T_PIF_DICTIONARY (DICT_NO, DICT_VALUE, DICT_NAME, DICT_CAPTION)
values (64, '1', '开关', '是');
insert into YKT_CUR.T_PIF_DICTIONARY (DICT_NO, DICT_VALUE, DICT_NAME, DICT_CAPTION)
values (31, '1', '科目性质', '现金');
insert into YKT_CUR.T_PIF_DICTIONARY (DICT_NO, DICT_VALUE, DICT_NAME, DICT_CAPTION)
values (31, '2', '科目性质', '银行');
insert into YKT_CUR.T_PIF_DICTIONARY (DICT_NO, DICT_VALUE, DICT_NAME, DICT_CAPTION)
values (31, '3', '科目性质', '往来');
insert into YKT_CUR.T_PIF_DICTIONARY (DICT_NO, DICT_VALUE, DICT_NAME, DICT_CAPTION)
values (31, '4', '科目性质', '费用');
insert into YKT_CUR.T_PIF_DICTIONARY (DICT_NO, DICT_VALUE, DICT_NAME, DICT_CAPTION)
values (31, '5', '科目性质', '数量');
insert into YKT_CUR.T_PIF_DICTIONARY (DICT_NO, DICT_VALUE, DICT_NAME, DICT_CAPTION)
values (31, '6', '科目性质', '部门');
insert into YKT_CUR.T_PIF_DICTIONARY (DICT_NO, DICT_VALUE, DICT_NAME, DICT_CAPTION)
values (31, '7', '科目性质', '个人');
insert into YKT_CUR.T_PIF_DICTIONARY (DICT_NO, DICT_VALUE, DICT_NAME, DICT_CAPTION)
values (31, '8', '科目性质', '项目');
insert into YKT_CUR.T_PIF_DICTIONARY (DICT_NO, DICT_VALUE, DICT_NAME, DICT_CAPTION)
values (31, '9', '科目性质', '对帐');
insert into YKT_CUR.T_PIF_DICTIONARY (DICT_NO, DICT_VALUE, DICT_NAME, DICT_CAPTION)
values (31, '10', '科目性质', '转帐');
insert into YKT_CUR.T_PIF_DICTIONARY (DICT_NO, DICT_VALUE, DICT_NAME, DICT_CAPTION)
values (32, '1', '末级标志', '是');
insert into YKT_CUR.T_PIF_DICTIONARY (DICT_NO, DICT_VALUE, DICT_NAME, DICT_CAPTION)
values (32, '2', '末级标志', '非');
insert into YKT_CUR.T_PIF_DICTIONARY (DICT_NO, DICT_VALUE, DICT_NAME, DICT_CAPTION)
values (33, '1', '已删除', '已删除');
insert into YKT_CUR.T_PIF_DICTIONARY (DICT_NO, DICT_VALUE, DICT_NAME, DICT_CAPTION)
values (34, '1', '已删除', '已删除');
insert into YKT_CUR.T_PIF_DICTIONARY (DICT_NO, DICT_VALUE, DICT_NAME, DICT_CAPTION)
values (35, '1', '已删除', '已删除');
insert into YKT_CUR.T_PIF_DICTIONARY (DICT_NO, DICT_VALUE, DICT_NAME, DICT_CAPTION)
values (36, '1', '卡生产厂商', '飞利浦');
insert into YKT_CUR.T_PIF_DICTIONARY (DICT_NO, DICT_VALUE, DICT_NAME, DICT_CAPTION)
values (36, '2', '卡生产厂商', '微星');
insert into YKT_CUR.T_PIF_DICTIONARY (DICT_NO, DICT_VALUE, DICT_NAME, DICT_CAPTION)
values (37, '1', '区域级别', '根');
insert into YKT_CUR.T_PIF_DICTIONARY (DICT_NO, DICT_VALUE, DICT_NAME, DICT_CAPTION)
values (37, '2', '区域级别', '校区');
insert into YKT_CUR.T_PIF_DICTIONARY (DICT_NO, DICT_VALUE, DICT_NAME, DICT_CAPTION)
values (37, '3', '区域级别', '楼');
insert into YKT_CUR.T_PIF_DICTIONARY (DICT_NO, DICT_VALUE, DICT_NAME, DICT_CAPTION)
values (37, '4', '区域级别', '楼层');
insert into YKT_CUR.T_PIF_DICTIONARY (DICT_NO, DICT_VALUE, DICT_NAME, DICT_CAPTION)
values (37, '5', '区域级别', '窗口');
insert into YKT_CUR.T_PIF_DICTIONARY (DICT_NO, DICT_VALUE, DICT_NAME, DICT_CAPTION)
values (38, '1', '账号类别', '个人主账号');
insert into YKT_CUR.T_PIF_DICTIONARY (DICT_NO, DICT_VALUE, DICT_NAME, DICT_CAPTION)
values (38, '2', '账号类别', '商户主账号');
insert into YKT_CUR.T_PIF_DICTIONARY (DICT_NO, DICT_VALUE, DICT_NAME, DICT_CAPTION)
values (38, '3', '账号类别', '个人副账号');
insert into YKT_CUR.T_PIF_DICTIONARY (DICT_NO, DICT_VALUE, DICT_NAME, DICT_CAPTION)
values (38, '4', '账号类别', '商户副账号');
insert into YKT_CUR.T_PIF_DICTIONARY (DICT_NO, DICT_VALUE, DICT_NAME, DICT_CAPTION)
values (38, '5', '账号类别', '学校虚拟账号-与学校交互');
insert into YKT_CUR.T_PIF_DICTIONARY (DICT_NO, DICT_VALUE, DICT_NAME, DICT_CAPTION)
values (38, '6', '账号类别', '学校虚拟账号-与银行交互');
insert into YKT_CUR.T_PIF_DICTIONARY (DICT_NO, DICT_VALUE, DICT_NAME, DICT_CAPTION)
values (38, '7', '账号类别', '学校虚拟账号-与现金交互');
insert into YKT_CUR.T_PIF_DICTIONARY (DICT_NO, DICT_VALUE, DICT_NAME, DICT_CAPTION)
values (38, '8', '账号类别', '学校虚拟账号-与财务交互');
insert into YKT_CUR.T_PIF_DICTIONARY (DICT_NO, DICT_VALUE, DICT_NAME, DICT_CAPTION)
values (39, '1', '性别', '男');
insert into YKT_CUR.T_PIF_DICTIONARY (DICT_NO, DICT_VALUE, DICT_NAME, DICT_CAPTION)
values (39, '2', '性别', '女');
insert into YKT_CUR.T_PIF_DICTIONARY (DICT_NO, DICT_VALUE, DICT_NAME, DICT_CAPTION)
values (40, '1', '已删除', '已删除');
insert into YKT_CUR.T_PIF_DICTIONARY (DICT_NO, DICT_VALUE, DICT_NAME, DICT_CAPTION)
values (41, '1', '外部系统标识', '农行1');
insert into YKT_CUR.T_PIF_DICTIONARY (DICT_NO, DICT_VALUE, DICT_NAME, DICT_CAPTION)
values (41, '2', '外部系统标识', '农行2');
insert into YKT_CUR.T_PIF_DICTIONARY (DICT_NO, DICT_VALUE, DICT_NAME, DICT_CAPTION)
values (42, '1', '授权卡状态', '注册');
insert into YKT_CUR.T_PIF_DICTIONARY (DICT_NO, DICT_VALUE, DICT_NAME, DICT_CAPTION)
values (42, '2', '授权卡状态', '注销');
insert into YKT_CUR.T_PIF_DICTIONARY (DICT_NO, DICT_VALUE, DICT_NAME, DICT_CAPTION)
values (43, '1', '授权卡类别', '授权母卡');
insert into YKT_CUR.T_PIF_DICTIONARY (DICT_NO, DICT_VALUE, DICT_NAME, DICT_CAPTION)
values (43, '2', '授权卡类别', '消费密钥卡');
insert into YKT_CUR.T_PIF_DICTIONARY (DICT_NO, DICT_VALUE, DICT_NAME, DICT_CAPTION)
values (43, '3', '授权卡类别', '充值密钥卡');
insert into YKT_CUR.T_PIF_DICTIONARY (DICT_NO, DICT_VALUE, DICT_NAME, DICT_CAPTION)
values (44, '1', '增删标志', '增加');
insert into YKT_CUR.T_PIF_DICTIONARY (DICT_NO, DICT_VALUE, DICT_NAME, DICT_CAPTION)
values (44, '2', '增删标志', '删除');
insert into YKT_CUR.T_PIF_DICTIONARY (DICT_NO, DICT_VALUE, DICT_NAME, DICT_CAPTION)
values (45, '1', '消息队列状态', '等待发起请求');
insert into YKT_CUR.T_PIF_DICTIONARY (DICT_NO, DICT_VALUE, DICT_NAME, DICT_CAPTION)
values (45, '2', '消息队列状态', '已发起请求');
insert into YKT_CUR.T_PIF_DICTIONARY (DICT_NO, DICT_VALUE, DICT_NAME, DICT_CAPTION)
values (45, '3', '消息队列状态', '执行成功');
insert into YKT_CUR.T_PIF_DICTIONARY (DICT_NO, DICT_VALUE, DICT_NAME, DICT_CAPTION)
values (45, '4', '消息队列状态', '执行失败');
insert into YKT_CUR.T_PIF_DICTIONARY (DICT_NO, DICT_VALUE, DICT_NAME, DICT_CAPTION)
values (46, '1', '三九机号', '1');
insert into YKT_CUR.T_PIF_DICTIONARY (DICT_NO, DICT_VALUE, DICT_NAME, DICT_CAPTION)
values (46, '2', '三九机号', '2');
insert into YKT_CUR.T_PIF_DICTIONARY (DICT_NO, DICT_VALUE, DICT_NAME, DICT_CAPTION)
values (47, '0010', '三九机型代码', '圈存机');
insert into YKT_CUR.T_PIF_DICTIONARY (DICT_NO, DICT_VALUE, DICT_NAME, DICT_CAPTION)
values (47, '5301', '三九机型代码', '设备服务器');
insert into YKT_CUR.T_PIF_DICTIONARY (DICT_NO, DICT_VALUE, DICT_NAME, DICT_CAPTION)
values (47, '5302', '三九机型代码', '总线型服务器');
insert into YKT_CUR.T_PIF_DICTIONARY (DICT_NO, DICT_VALUE, DICT_NAME, DICT_CAPTION)
values (47, '0201', '三九机型代码', '增值机');
insert into YKT_CUR.T_PIF_DICTIONARY (DICT_NO, DICT_VALUE, DICT_NAME, DICT_CAPTION)
values (47, '0226', '三九机型代码', '收费机');
insert into YKT_CUR.T_PIF_DICTIONARY (DICT_NO, DICT_VALUE, DICT_NAME, DICT_CAPTION)
values (47, '0228', '三九机型代码', '车载机');
insert into YKT_CUR.T_PIF_DICTIONARY (DICT_NO, DICT_VALUE, DICT_NAME, DICT_CAPTION)
values (47, '0230', '三九机型代码', '管理机');
insert into YKT_CUR.T_PIF_DICTIONARY (DICT_NO, DICT_VALUE, DICT_NAME, DICT_CAPTION)
values (47, '0232', '三九机型代码', '上机上网机');
insert into YKT_CUR.T_PIF_DICTIONARY (DICT_NO, DICT_VALUE, DICT_NAME, DICT_CAPTION)
values (47, '0234', '三九机型代码', '淋浴管理机');
insert into YKT_CUR.T_PIF_DICTIONARY (DICT_NO, DICT_VALUE, DICT_NAME, DICT_CAPTION)
values (47, '0240', '三九机型代码', '售票机');
insert into YKT_CUR.T_PIF_DICTIONARY (DICT_NO, DICT_VALUE, DICT_NAME, DICT_CAPTION)
values (47, '0130', '三九机型代码', '身份识别机');
insert into YKT_CUR.T_PIF_DICTIONARY (DICT_NO, DICT_VALUE, DICT_NAME, DICT_CAPTION)
values (47, '0140', '三九机型代码', '检票机');
insert into YKT_CUR.T_PIF_DICTIONARY (DICT_NO, DICT_VALUE, DICT_NAME, DICT_CAPTION)
values (47, '0121', '三九机型代码', '计时宝');
insert into YKT_CUR.T_PIF_DICTIONARY (DICT_NO, DICT_VALUE, DICT_NAME, DICT_CAPTION)
values (47, '0224', '三九机型代码', '挂失机');
insert into YKT_CUR.T_PIF_DICTIONARY (DICT_NO, DICT_VALUE, DICT_NAME, DICT_CAPTION)
values (47, '0236', '三九机型代码', '独立式淋浴计费器');
insert into YKT_CUR.T_PIF_DICTIONARY (DICT_NO, DICT_VALUE, DICT_NAME, DICT_CAPTION)
values (47, '0244', '三九机型代码', '计时式水控计费器');
insert into YKT_CUR.T_PIF_DICTIONARY (DICT_NO, DICT_VALUE, DICT_NAME, DICT_CAPTION)
values (47, '0245', '三九机型代码', '计量式水控计费器');
insert into YKT_CUR.T_PIF_DICTIONARY (DICT_NO, DICT_VALUE, DICT_NAME, DICT_CAPTION)
values (47, '1055', '三九机型代码', '手持机（计费）');
insert into YKT_CUR.T_PIF_DICTIONARY (DICT_NO, DICT_VALUE, DICT_NAME, DICT_CAPTION)
values (47, '5501', '三九机型代码', '扇型通道机');
insert into YKT_CUR.T_PIF_DICTIONARY (DICT_NO, DICT_VALUE, DICT_NAME, DICT_CAPTION)
values (47, '1056', '三九机型代码', '手持机(计费+补助)');
insert into YKT_CUR.T_PIF_DICTIONARY (DICT_NO, DICT_VALUE, DICT_NAME, DICT_CAPTION)
values (48, '00', '三九卡片结构', 'M1卡');
insert into YKT_CUR.T_PIF_DICTIONARY (DICT_NO, DICT_VALUE, DICT_NAME, DICT_CAPTION)
values (48, '64', '三九卡片结构', 'V22 卡');
insert into YKT_CUR.T_PIF_DICTIONARY (DICT_NO, DICT_VALUE, DICT_NAME, DICT_CAPTION)
values (48, '65', '三九卡片结构', 'V10 卡');
insert into YKT_CUR.T_PIF_DICTIONARY (DICT_NO, DICT_VALUE, DICT_NAME, DICT_CAPTION)
values (48, '66', '三九卡片结构', '韦根26');
insert into YKT_CUR.T_PIF_DICTIONARY (DICT_NO, DICT_VALUE, DICT_NAME, DICT_CAPTION)
values (49, '1', '已删除', '已删除');
insert into YKT_CUR.T_PIF_DICTIONARY (DICT_NO, DICT_VALUE, DICT_NAME, DICT_CAPTION)
values (50, '1', '三九链路模式', '串口');
insert into YKT_CUR.T_PIF_DICTIONARY (DICT_NO, DICT_VALUE, DICT_NAME, DICT_CAPTION)
values (50, '2', '三九链路模式', 'MODEM');
insert into YKT_CUR.T_PIF_DICTIONARY (DICT_NO, DICT_VALUE, DICT_NAME, DICT_CAPTION)
values (50, '3', '三九链路模式', 'TCP/IP协议');
insert into YKT_CUR.T_PIF_DICTIONARY (DICT_NO, DICT_VALUE, DICT_NAME, DICT_CAPTION)
values (51, '1', '三九数据通讯方式', '设备是被动方');
insert into YKT_CUR.T_PIF_DICTIONARY (DICT_NO, DICT_VALUE, DICT_NAME, DICT_CAPTION)
values (51, '2', '三九数据通讯方式', '设备是主动方');
insert into YKT_CUR.T_PIF_DICTIONARY (DICT_NO, DICT_VALUE, DICT_NAME, DICT_CAPTION)
values (52, '1', '三九密码开关', '使用密码');
insert into YKT_CUR.T_PIF_DICTIONARY (DICT_NO, DICT_VALUE, DICT_NAME, DICT_CAPTION)
values (52, '0', '三九密码开关', '不使用密码');
insert into YKT_CUR.T_PIF_DICTIONARY (DICT_NO, DICT_VALUE, DICT_NAME, DICT_CAPTION)
values (53, '1', '已删除', '已删除');
insert into YKT_CUR.T_PIF_DICTIONARY (DICT_NO, DICT_VALUE, DICT_NAME, DICT_CAPTION)
values (54, '1', '已删除', '已删除');
insert into YKT_CUR.T_PIF_DICTIONARY (DICT_NO, DICT_VALUE, DICT_NAME, DICT_CAPTION)
values (55, '00', '三九收费机增强功能开关', '全部关');
insert into YKT_CUR.T_PIF_DICTIONARY (DICT_NO, DICT_VALUE, DICT_NAME, DICT_CAPTION)
values (55, '20', '三九收费机增强功能开关', '补助开');
insert into YKT_CUR.T_PIF_DICTIONARY (DICT_NO, DICT_VALUE, DICT_NAME, DICT_CAPTION)
values (55, '40', '三九收费机增强功能开关', '签到开');
insert into YKT_CUR.T_PIF_DICTIONARY (DICT_NO, DICT_VALUE, DICT_NAME, DICT_CAPTION)
values (55, '60', '三九收费机增强功能开关', '补助签到开');
insert into YKT_CUR.T_PIF_DICTIONARY (DICT_NO, DICT_VALUE, DICT_NAME, DICT_CAPTION)
values (55, '80', '三九收费机增强功能开关', '结帐开');
insert into YKT_CUR.T_PIF_DICTIONARY (DICT_NO, DICT_VALUE, DICT_NAME, DICT_CAPTION)
values (55, 'A0', '三九收费机增强功能开关', '结帐补助开');
insert into YKT_CUR.T_PIF_DICTIONARY (DICT_NO, DICT_VALUE, DICT_NAME, DICT_CAPTION)
values (55, 'C0', '三九收费机增强功能开关', '结帐签到开');
insert into YKT_CUR.T_PIF_DICTIONARY (DICT_NO, DICT_VALUE, DICT_NAME, DICT_CAPTION)
values (55, 'E0', '三九收费机增强功能开关', '全部开');
insert into YKT_CUR.T_PIF_DICTIONARY (DICT_NO, DICT_VALUE, DICT_NAME, DICT_CAPTION)
values (56, '1', '三九防火防盗状态', '常态');
insert into YKT_CUR.T_PIF_DICTIONARY (DICT_NO, DICT_VALUE, DICT_NAME, DICT_CAPTION)
values (56, '2', '三九防火防盗状态', '防火');
insert into YKT_CUR.T_PIF_DICTIONARY (DICT_NO, DICT_VALUE, DICT_NAME, DICT_CAPTION)
values (56, '3', '三九防火防盗状态', '防盗');
insert into YKT_CUR.T_PIF_DICTIONARY (DICT_NO, DICT_VALUE, DICT_NAME, DICT_CAPTION)
values (57, '1200', '三九波特率', '1200');
insert into YKT_CUR.T_PIF_DICTIONARY (DICT_NO, DICT_VALUE, DICT_NAME, DICT_CAPTION)
values (57, '2400', '三九波特率', '2400');
insert into YKT_CUR.T_PIF_DICTIONARY (DICT_NO, DICT_VALUE, DICT_NAME, DICT_CAPTION)
values (57, '4800', '三九波特率', '4800');
insert into YKT_CUR.T_PIF_DICTIONARY (DICT_NO, DICT_VALUE, DICT_NAME, DICT_CAPTION)
values (57, '9600', '三九波特率', '9600');
insert into YKT_CUR.T_PIF_DICTIONARY (DICT_NO, DICT_VALUE, DICT_NAME, DICT_CAPTION)
values (57, '19200', '三九波特率', '19200');
insert into YKT_CUR.T_PIF_DICTIONARY (DICT_NO, DICT_VALUE, DICT_NAME, DICT_CAPTION)
values (57, '28800', '三九波特率', '28800');
insert into YKT_CUR.T_PIF_DICTIONARY (DICT_NO, DICT_VALUE, DICT_NAME, DICT_CAPTION)
values (57, '38400', '三九波特率', '38400');
insert into YKT_CUR.T_PIF_DICTIONARY (DICT_NO, DICT_VALUE, DICT_NAME, DICT_CAPTION)
values (57, '57600', '三九波特率', '57600');
insert into YKT_CUR.T_PIF_DICTIONARY (DICT_NO, DICT_VALUE, DICT_NAME, DICT_CAPTION)
values (57, '115200', '三九波特率', '115200');
insert into YKT_CUR.T_PIF_DICTIONARY (DICT_NO, DICT_VALUE, DICT_NAME, DICT_CAPTION)
values (58, '10001', '三九通讯端口', '三九通讯端口');
insert into YKT_CUR.T_PIF_DICTIONARY (DICT_NO, DICT_VALUE, DICT_NAME, DICT_CAPTION)
values (59, '1', '三九钱包号', '钱包1');
insert into YKT_CUR.T_PIF_DICTIONARY (DICT_NO, DICT_VALUE, DICT_NAME, DICT_CAPTION)
values (59, '2', '三九钱包号', '钱包2');
insert into YKT_CUR.T_PIF_DICTIONARY (DICT_NO, DICT_VALUE, DICT_NAME, DICT_CAPTION)
values (59, '3', '三九钱包号', '钱包3');
insert into YKT_CUR.T_PIF_DICTIONARY (DICT_NO, DICT_VALUE, DICT_NAME, DICT_CAPTION)
values (59, '4', '三九钱包号', '钱包4');
insert into YKT_CUR.T_PIF_DICTIONARY (DICT_NO, DICT_VALUE, DICT_NAME, DICT_CAPTION)
values (60, '1', '已删除', '已删除');
insert into YKT_CUR.T_PIF_DICTIONARY (DICT_NO, DICT_VALUE, DICT_NAME, DICT_CAPTION)
values (61, '1', '设备任务', '下传设备时钟');
insert into YKT_CUR.T_PIF_DICTIONARY (DICT_NO, DICT_VALUE, DICT_NAME, DICT_CAPTION)
values (61, '2', '设备任务', '上传设备时钟');
insert into YKT_CUR.T_PIF_DICTIONARY (DICT_NO, DICT_VALUE, DICT_NAME, DICT_CAPTION)
values (61, '3', '设备任务', '下传黑名单');
insert into YKT_CUR.T_PIF_DICTIONARY (DICT_NO, DICT_VALUE, DICT_NAME, DICT_CAPTION)
values (61, '4', '设备任务', '删除黑名单');
insert into YKT_CUR.T_PIF_DICTIONARY (DICT_NO, DICT_VALUE, DICT_NAME, DICT_CAPTION)
values (61, '5', '设备任务', '下传增量黑名单');
insert into YKT_CUR.T_PIF_DICTIONARY (DICT_NO, DICT_VALUE, DICT_NAME, DICT_CAPTION)
values (61, '6', '设备任务', '下传搭伙费比率');
insert into YKT_CUR.T_PIF_DICTIONARY (DICT_NO, DICT_VALUE, DICT_NAME, DICT_CAPTION)
values (61, '7', '设备任务', '下传设备主参数');
insert into YKT_CUR.T_PIF_DICTIONARY (DICT_NO, DICT_VALUE, DICT_NAME, DICT_CAPTION)
values (61, '8', '设备任务', '上传设备主参数');
insert into YKT_CUR.T_PIF_DICTIONARY (DICT_NO, DICT_VALUE, DICT_NAME, DICT_CAPTION)
values (61, '9', '设备任务', '设置补助开关');
insert into YKT_CUR.T_PIF_DICTIONARY (DICT_NO, DICT_VALUE, DICT_NAME, DICT_CAPTION)
values (61, '10', '设备任务', '下传大额消费限额');
insert into YKT_CUR.T_PIF_DICTIONARY (DICT_NO, DICT_VALUE, DICT_NAME, DICT_CAPTION)
values (61, '11', '设备任务', '设置消费编号及版本');
insert into YKT_CUR.T_PIF_DICTIONARY (DICT_NO, DICT_VALUE, DICT_NAME, DICT_CAPTION)
values (61, '12', '设备任务', '设置消费快捷编号');
insert into YKT_CUR.T_PIF_DICTIONARY (DICT_NO, DICT_VALUE, DICT_NAME, DICT_CAPTION)
values (61, '13', '设备任务', '设置消费时间段参数');
insert into YKT_CUR.T_PIF_DICTIONARY (DICT_NO, DICT_VALUE, DICT_NAME, DICT_CAPTION)
values (61, '14', '设备任务', '防火防盗状态设置');
insert into YKT_CUR.T_PIF_DICTIONARY (DICT_NO, DICT_VALUE, DICT_NAME, DICT_CAPTION)
values (61, '15', '设备任务', '设备控制');
insert into YKT_CUR.T_PIF_DICTIONARY (DICT_NO, DICT_VALUE, DICT_NAME, DICT_CAPTION)
values (61, '16', '设备任务', '采集历史消费流水');
insert into YKT_CUR.T_PIF_DICTIONARY (DICT_NO, DICT_VALUE, DICT_NAME, DICT_CAPTION)
values (61, '17', '设备任务', '采集历史补助发放流水');
insert into YKT_CUR.T_PIF_DICTIONARY (DICT_NO, DICT_VALUE, DICT_NAME, DICT_CAPTION)
values (61, '18', '设备任务', '采集历史现金充值流水');
insert into YKT_CUR.T_PIF_DICTIONARY (DICT_NO, DICT_VALUE, DICT_NAME, DICT_CAPTION)
values (61, '19', '设备任务', '采集历史设备结账流水');
insert into YKT_CUR.T_PIF_DICTIONARY (DICT_NO, DICT_VALUE, DICT_NAME, DICT_CAPTION)
values (61, '20', '设备任务', '下传补助发放名单');
insert into YKT_CUR.T_PIF_DICTIONARY (DICT_NO, DICT_VALUE, DICT_NAME, DICT_CAPTION)
values (61, '21', '设备任务', '下传设备档案信息');
insert into YKT_CUR.T_PIF_DICTIONARY (DICT_NO, DICT_VALUE, DICT_NAME, DICT_CAPTION)
values (61, '22', '设备任务', '下传设备监控参数');
insert into YKT_CUR.T_PIF_DICTIONARY (DICT_NO, DICT_VALUE, DICT_NAME, DICT_CAPTION)
values (61, '23', '设备任务', '采集现金充值管理费流水');
insert into YKT_CUR.T_PIF_DICTIONARY (DICT_NO, DICT_VALUE, DICT_NAME, DICT_CAPTION)
values (61, '24', '设备任务', '设置一天累计消费限额');
insert into YKT_CUR.T_PIF_DICTIONARY (DICT_NO, DICT_VALUE, DICT_NAME, DICT_CAPTION)
values (61, '25', '设备任务', '初始化LPORT端口参数');
insert into YKT_CUR.T_PIF_DICTIONARY (DICT_NO, DICT_VALUE, DICT_NAME, DICT_CAPTION)
values (61, '26', '设备任务', '设置终端管理员密码');
insert into YKT_CUR.T_PIF_DICTIONARY (DICT_NO, DICT_VALUE, DICT_NAME, DICT_CAPTION)
values (61, '27', '设备任务', '获取lport指定端口的设备参数');
insert into YKT_CUR.T_PIF_DICTIONARY (DICT_NO, DICT_VALUE, DICT_NAME, DICT_CAPTION)
values (62, '1', '操作员状态', '注册');
insert into YKT_CUR.T_PIF_DICTIONARY (DICT_NO, DICT_VALUE, DICT_NAME, DICT_CAPTION)
values (62, '2', '操作员状态', '注销');
insert into YKT_CUR.T_PIF_DICTIONARY (DICT_NO, DICT_VALUE, DICT_NAME, DICT_CAPTION)
values (62, '3', '操作员状态', '登陆');
insert into YKT_CUR.T_PIF_DICTIONARY (DICT_NO, DICT_VALUE, DICT_NAME, DICT_CAPTION)
values (62, '4', '操作员状态', '登出');
insert into ykt_cur.t_pif_dictionary (DICT_NO, DICT_VALUE, DICT_NAME, DICT_CAPTION)values(89,'ABW','国籍','阿鲁巴');
insert into ykt_cur.t_pif_dictionary (DICT_NO, DICT_VALUE, DICT_NAME, DICT_CAPTION)values(89,'AFG','国籍','阿富汗');
insert into ykt_cur.t_pif_dictionary (DICT_NO, DICT_VALUE, DICT_NAME, DICT_CAPTION)values(89,'AGO','国籍','安哥拉');
insert into ykt_cur.t_pif_dictionary (DICT_NO, DICT_VALUE, DICT_NAME, DICT_CAPTION)values(89,'AIA','国籍','安圭拉');
insert into ykt_cur.t_pif_dictionary (DICT_NO, DICT_VALUE, DICT_NAME, DICT_CAPTION)values(89,'ALB','国籍','阿尔巴尼亚');
insert into ykt_cur.t_pif_dictionary (DICT_NO, DICT_VALUE, DICT_NAME, DICT_CAPTION)values(89,'AND','国籍','安道尔');
insert into ykt_cur.t_pif_dictionary (DICT_NO, DICT_VALUE, DICT_NAME, DICT_CAPTION)values(89,'ANT','国籍','荷属安的列斯');
insert into ykt_cur.t_pif_dictionary (DICT_NO, DICT_VALUE, DICT_NAME, DICT_CAPTION)values(89,'ARE','国籍','阿联酋');
insert into ykt_cur.t_pif_dictionary (DICT_NO, DICT_VALUE, DICT_NAME, DICT_CAPTION)values(89,'ARG','国籍','阿根廷');
insert into ykt_cur.t_pif_dictionary (DICT_NO, DICT_VALUE, DICT_NAME, DICT_CAPTION)values(89,'ARM','国籍','亚美尼亚');
insert into ykt_cur.t_pif_dictionary (DICT_NO, DICT_VALUE, DICT_NAME, DICT_CAPTION)values(89,'ASM','国籍','美属萨摩亚');
insert into ykt_cur.t_pif_dictionary (DICT_NO, DICT_VALUE, DICT_NAME, DICT_CAPTION)values(89,'ATA','国籍','南极洲');
insert into ykt_cur.t_pif_dictionary (DICT_NO, DICT_VALUE, DICT_NAME, DICT_CAPTION)values(89,'ATF','国籍','法属南部领土');
insert into ykt_cur.t_pif_dictionary (DICT_NO, DICT_VALUE, DICT_NAME, DICT_CAPTION)values(89,'ATG','国籍','安提瓜和巴布达');
insert into ykt_cur.t_pif_dictionary (DICT_NO, DICT_VALUE, DICT_NAME, DICT_CAPTION)values(89,'AUS','国籍','澳大利亚');
insert into ykt_cur.t_pif_dictionary (DICT_NO, DICT_VALUE, DICT_NAME, DICT_CAPTION)values(89,'AUT','国籍','奥地利');
insert into ykt_cur.t_pif_dictionary (DICT_NO, DICT_VALUE, DICT_NAME, DICT_CAPTION)values(89,'AZE','国籍','阿塞拜疆');
insert into ykt_cur.t_pif_dictionary (DICT_NO, DICT_VALUE, DICT_NAME, DICT_CAPTION)values(89,'BDI','国籍','布隆迪');
insert into ykt_cur.t_pif_dictionary (DICT_NO, DICT_VALUE, DICT_NAME, DICT_CAPTION)values(89,'BEL','国籍','比利时');
insert into ykt_cur.t_pif_dictionary (DICT_NO, DICT_VALUE, DICT_NAME, DICT_CAPTION)values(89,'BEN','国籍','贝宁');
insert into ykt_cur.t_pif_dictionary (DICT_NO, DICT_VALUE, DICT_NAME, DICT_CAPTION)values(89,'BFA','国籍','布基纳法索');
insert into ykt_cur.t_pif_dictionary (DICT_NO, DICT_VALUE, DICT_NAME, DICT_CAPTION)values(89,'BGD','国籍','孟加拉国');
insert into ykt_cur.t_pif_dictionary (DICT_NO, DICT_VALUE, DICT_NAME, DICT_CAPTION)values(89,'BGR','国籍','保加利亚');
insert into ykt_cur.t_pif_dictionary (DICT_NO, DICT_VALUE, DICT_NAME, DICT_CAPTION)values(89,'BHR','国籍','巴林');
insert into ykt_cur.t_pif_dictionary (DICT_NO, DICT_VALUE, DICT_NAME, DICT_CAPTION)values(89,'BHS','国籍','巴哈马');
insert into ykt_cur.t_pif_dictionary (DICT_NO, DICT_VALUE, DICT_NAME, DICT_CAPTION)values(89,'BIH','国籍','波黑');
insert into ykt_cur.t_pif_dictionary (DICT_NO, DICT_VALUE, DICT_NAME, DICT_CAPTION)values(89,'BLR','国籍','白俄罗斯');
insert into ykt_cur.t_pif_dictionary (DICT_NO, DICT_VALUE, DICT_NAME, DICT_CAPTION)values(89,'BLZ','国籍','伯利兹');
insert into ykt_cur.t_pif_dictionary (DICT_NO, DICT_VALUE, DICT_NAME, DICT_CAPTION)values(89,'BMU','国籍','百慕大');
insert into ykt_cur.t_pif_dictionary (DICT_NO, DICT_VALUE, DICT_NAME, DICT_CAPTION)values(89,'BOL','国籍','玻利维亚');
insert into ykt_cur.t_pif_dictionary (DICT_NO, DICT_VALUE, DICT_NAME, DICT_CAPTION)values(89,'BRA','国籍','巴西');
insert into ykt_cur.t_pif_dictionary (DICT_NO, DICT_VALUE, DICT_NAME, DICT_CAPTION)values(89,'BRB','国籍','巴巴多斯');
insert into ykt_cur.t_pif_dictionary (DICT_NO, DICT_VALUE, DICT_NAME, DICT_CAPTION)values(89,'BRN','国籍','文莱');
insert into ykt_cur.t_pif_dictionary (DICT_NO, DICT_VALUE, DICT_NAME, DICT_CAPTION)values(89,'BTN','国籍','不丹');
insert into ykt_cur.t_pif_dictionary (DICT_NO, DICT_VALUE, DICT_NAME, DICT_CAPTION)values(89,'BVT','国籍','布维岛');
insert into ykt_cur.t_pif_dictionary (DICT_NO, DICT_VALUE, DICT_NAME, DICT_CAPTION)values(89,'BWA','国籍','博茨瓦纳');
insert into ykt_cur.t_pif_dictionary (DICT_NO, DICT_VALUE, DICT_NAME, DICT_CAPTION)values(89,'CAF','国籍','中非');
insert into ykt_cur.t_pif_dictionary (DICT_NO, DICT_VALUE, DICT_NAME, DICT_CAPTION)values(89,'CAN','国籍','加拿大');
insert into ykt_cur.t_pif_dictionary (DICT_NO, DICT_VALUE, DICT_NAME, DICT_CAPTION)values(89,'CCK','国籍','科科斯(基林)群岛');
insert into ykt_cur.t_pif_dictionary (DICT_NO, DICT_VALUE, DICT_NAME, DICT_CAPTION)values(89,'CHE','国籍','瑞士');
insert into ykt_cur.t_pif_dictionary (DICT_NO, DICT_VALUE, DICT_NAME, DICT_CAPTION)values(89,'CHL','国籍','智利');
insert into ykt_cur.t_pif_dictionary (DICT_NO, DICT_VALUE, DICT_NAME, DICT_CAPTION)values(89,'CHN','国籍','中国');
insert into ykt_cur.t_pif_dictionary (DICT_NO, DICT_VALUE, DICT_NAME, DICT_CAPTION)values(89,'CIV','国籍','科特迪瓦');
insert into ykt_cur.t_pif_dictionary (DICT_NO, DICT_VALUE, DICT_NAME, DICT_CAPTION)values(89,'CMR','国籍','喀麦隆');
insert into ykt_cur.t_pif_dictionary (DICT_NO, DICT_VALUE, DICT_NAME, DICT_CAPTION)values(89,'COG','国籍','刚果（布）');
insert into ykt_cur.t_pif_dictionary (DICT_NO, DICT_VALUE, DICT_NAME, DICT_CAPTION)values(89,'COK','国籍','库克群岛');
insert into ykt_cur.t_pif_dictionary (DICT_NO, DICT_VALUE, DICT_NAME, DICT_CAPTION)values(89,'COL','国籍','哥伦比亚');
insert into ykt_cur.t_pif_dictionary (DICT_NO, DICT_VALUE, DICT_NAME, DICT_CAPTION)values(89,'COM','国籍','科摩罗');
insert into ykt_cur.t_pif_dictionary (DICT_NO, DICT_VALUE, DICT_NAME, DICT_CAPTION)values(89,'CPV','国籍','佛得角');
insert into ykt_cur.t_pif_dictionary (DICT_NO, DICT_VALUE, DICT_NAME, DICT_CAPTION)values(89,'CR','国籍','哥斯达黎加');
insert into ykt_cur.t_pif_dictionary (DICT_NO, DICT_VALUE, DICT_NAME, DICT_CAPTION)values(89,'CSR','国籍','圣诞岛');
insert into ykt_cur.t_pif_dictionary (DICT_NO, DICT_VALUE, DICT_NAME, DICT_CAPTION)values(89,'CTN','国籍','中国台湾');
insert into ykt_cur.t_pif_dictionary (DICT_NO, DICT_VALUE, DICT_NAME, DICT_CAPTION)values(89,'CUB','国籍','古巴');
insert into ykt_cur.t_pif_dictionary (DICT_NO, DICT_VALUE, DICT_NAME, DICT_CAPTION)values(89,'CYM','国籍','开曼群岛');
insert into ykt_cur.t_pif_dictionary (DICT_NO, DICT_VALUE, DICT_NAME, DICT_CAPTION)values(89,'CYP','国籍','塞浦路斯');
insert into ykt_cur.t_pif_dictionary (DICT_NO, DICT_VALUE, DICT_NAME, DICT_CAPTION)values(89,'CZE','国籍','捷克');
insert into ykt_cur.t_pif_dictionary (DICT_NO, DICT_VALUE, DICT_NAME, DICT_CAPTION)values(89,'DEU','国籍','德国');
insert into ykt_cur.t_pif_dictionary (DICT_NO, DICT_VALUE, DICT_NAME, DICT_CAPTION)values(89,'DJI','国籍','吉布提');
insert into ykt_cur.t_pif_dictionary (DICT_NO, DICT_VALUE, DICT_NAME, DICT_CAPTION)values(89,'DMA','国籍','多米尼克');
insert into ykt_cur.t_pif_dictionary (DICT_NO, DICT_VALUE, DICT_NAME, DICT_CAPTION)values(89,'DNK','国籍','丹麦');
insert into ykt_cur.t_pif_dictionary (DICT_NO, DICT_VALUE, DICT_NAME, DICT_CAPTION)values(89,'DOM','国籍','多米尼加');
insert into ykt_cur.t_pif_dictionary (DICT_NO, DICT_VALUE, DICT_NAME, DICT_CAPTION)values(89,'DZA','国籍','阿尔及利亚');
insert into ykt_cur.t_pif_dictionary (DICT_NO, DICT_VALUE, DICT_NAME, DICT_CAPTION)values(89,'ECU','国籍','厄瓜多尔');
insert into ykt_cur.t_pif_dictionary (DICT_NO, DICT_VALUE, DICT_NAME, DICT_CAPTION)values(89,'EGY','国籍','埃及');
insert into ykt_cur.t_pif_dictionary (DICT_NO, DICT_VALUE, DICT_NAME, DICT_CAPTION)values(89,'ERI','国籍','厄立特里亚');
insert into ykt_cur.t_pif_dictionary (DICT_NO, DICT_VALUE, DICT_NAME, DICT_CAPTION)values(89,'ESH','国籍','西撒哈拉');
insert into ykt_cur.t_pif_dictionary (DICT_NO, DICT_VALUE, DICT_NAME, DICT_CAPTION)values(89,'ESP','国籍','西班牙');
insert into ykt_cur.t_pif_dictionary (DICT_NO, DICT_VALUE, DICT_NAME, DICT_CAPTION)values(89,'EST','国籍','爱沙尼亚');
insert into ykt_cur.t_pif_dictionary (DICT_NO, DICT_VALUE, DICT_NAME, DICT_CAPTION)values(89,'ETH','国籍','埃塞俄比亚');
insert into ykt_cur.t_pif_dictionary (DICT_NO, DICT_VALUE, DICT_NAME, DICT_CAPTION)values(89,'FIN','国籍','芬兰');
insert into ykt_cur.t_pif_dictionary (DICT_NO, DICT_VALUE, DICT_NAME, DICT_CAPTION)values(89,'FJI','国籍','斐济');
insert into ykt_cur.t_pif_dictionary (DICT_NO, DICT_VALUE, DICT_NAME, DICT_CAPTION)values(89,'FLK','国籍','马尔维纳斯群岛(福克兰群岛)');
insert into ykt_cur.t_pif_dictionary (DICT_NO, DICT_VALUE, DICT_NAME, DICT_CAPTION)values(89,'FRA','国籍','法国');
insert into ykt_cur.t_pif_dictionary (DICT_NO, DICT_VALUE, DICT_NAME, DICT_CAPTION)values(89,'FRO','国籍','法罗群岛');
insert into ykt_cur.t_pif_dictionary (DICT_NO, DICT_VALUE, DICT_NAME, DICT_CAPTION)values(89,'FSM','国籍','密克罗尼西亚');
insert into ykt_cur.t_pif_dictionary (DICT_NO, DICT_VALUE, DICT_NAME, DICT_CAPTION)values(89,'GAB','国籍','加蓬');
insert into ykt_cur.t_pif_dictionary (DICT_NO, DICT_VALUE, DICT_NAME, DICT_CAPTION)values(89,'GBR','国籍','英国');
insert into ykt_cur.t_pif_dictionary (DICT_NO, DICT_VALUE, DICT_NAME, DICT_CAPTION)values(89,'GEO','国籍','格鲁吉亚');
insert into ykt_cur.t_pif_dictionary (DICT_NO, DICT_VALUE, DICT_NAME, DICT_CAPTION)values(89,'GHA','国籍','加纳');
insert into ykt_cur.t_pif_dictionary (DICT_NO, DICT_VALUE, DICT_NAME, DICT_CAPTION)values(89,'GIB','国籍','直布罗陀');
insert into ykt_cur.t_pif_dictionary (DICT_NO, DICT_VALUE, DICT_NAME, DICT_CAPTION)values(89,'GIN','国籍','几内亚');
insert into ykt_cur.t_pif_dictionary (DICT_NO, DICT_VALUE, DICT_NAME, DICT_CAPTION)values(89,'GLP','国籍','瓜德罗普');
insert into ykt_cur.t_pif_dictionary (DICT_NO, DICT_VALUE, DICT_NAME, DICT_CAPTION)values(89,'GMB','国籍','冈比亚');
insert into ykt_cur.t_pif_dictionary (DICT_NO, DICT_VALUE, DICT_NAME, DICT_CAPTION)values(89,'GNB','国籍','几内亚比绍');
insert into ykt_cur.t_pif_dictionary (DICT_NO, DICT_VALUE, DICT_NAME, DICT_CAPTION)values(89,'GNQ','国籍','赤道几内亚');
insert into ykt_cur.t_pif_dictionary (DICT_NO, DICT_VALUE, DICT_NAME, DICT_CAPTION)values(89,'GRC','国籍','希腊');
insert into ykt_cur.t_pif_dictionary (DICT_NO, DICT_VALUE, DICT_NAME, DICT_CAPTION)values(89,'GRD','国籍','格林纳达');
insert into ykt_cur.t_pif_dictionary (DICT_NO, DICT_VALUE, DICT_NAME, DICT_CAPTION)values(89,'GRL','国籍','格陵兰');
insert into ykt_cur.t_pif_dictionary (DICT_NO, DICT_VALUE, DICT_NAME, DICT_CAPTION)values(89,'GTM','国籍','危地马拉');
insert into ykt_cur.t_pif_dictionary (DICT_NO, DICT_VALUE, DICT_NAME, DICT_CAPTION)values(89,'GUF','国籍','法属圭亚那');
insert into ykt_cur.t_pif_dictionary (DICT_NO, DICT_VALUE, DICT_NAME, DICT_CAPTION)values(89,'GUM','国籍','关岛');
insert into ykt_cur.t_pif_dictionary (DICT_NO, DICT_VALUE, DICT_NAME, DICT_CAPTION)values(89,'GUY','国籍','圭亚那');
insert into ykt_cur.t_pif_dictionary (DICT_NO, DICT_VALUE, DICT_NAME, DICT_CAPTION)values(89,'HKG','国籍','香港');
insert into ykt_cur.t_pif_dictionary (DICT_NO, DICT_VALUE, DICT_NAME, DICT_CAPTION)values(89,'HMD','国籍','赫德岛和麦克唐纳岛');
insert into ykt_cur.t_pif_dictionary (DICT_NO, DICT_VALUE, DICT_NAME, DICT_CAPTION)values(89,'HND','国籍','洪都拉斯');
insert into ykt_cur.t_pif_dictionary (DICT_NO, DICT_VALUE, DICT_NAME, DICT_CAPTION)values(89,'HRV','国籍','克罗地亚');
insert into ykt_cur.t_pif_dictionary (DICT_NO, DICT_VALUE, DICT_NAME, DICT_CAPTION)values(89,'HTI','国籍','海地');
insert into ykt_cur.t_pif_dictionary (DICT_NO, DICT_VALUE, DICT_NAME, DICT_CAPTION)values(89,'HUN','国籍','匈牙利');
insert into ykt_cur.t_pif_dictionary (DICT_NO, DICT_VALUE, DICT_NAME, DICT_CAPTION)values(89,'IDN','国籍','印度尼西亚');
insert into ykt_cur.t_pif_dictionary (DICT_NO, DICT_VALUE, DICT_NAME, DICT_CAPTION)values(89,'IND','国籍','印度');
insert into ykt_cur.t_pif_dictionary (DICT_NO, DICT_VALUE, DICT_NAME, DICT_CAPTION)values(89,'IOT','国籍','英属印度洋领土');
insert into ykt_cur.t_pif_dictionary (DICT_NO, DICT_VALUE, DICT_NAME, DICT_CAPTION)values(89,'IRL','国籍','爱尔兰');
insert into ykt_cur.t_pif_dictionary (DICT_NO, DICT_VALUE, DICT_NAME, DICT_CAPTION)values(89,'IRN','国籍','伊朗');
insert into ykt_cur.t_pif_dictionary (DICT_NO, DICT_VALUE, DICT_NAME, DICT_CAPTION)values(89,'IRQ','国籍','伊拉克');
insert into ykt_cur.t_pif_dictionary (DICT_NO, DICT_VALUE, DICT_NAME, DICT_CAPTION)values(89,'ISL','国籍','冰岛');
insert into ykt_cur.t_pif_dictionary (DICT_NO, DICT_VALUE, DICT_NAME, DICT_CAPTION)values(89,'ISR','国籍','以色列');
insert into ykt_cur.t_pif_dictionary (DICT_NO, DICT_VALUE, DICT_NAME, DICT_CAPTION)values(89,'ITA','国籍','意大利');
insert into ykt_cur.t_pif_dictionary (DICT_NO, DICT_VALUE, DICT_NAME, DICT_CAPTION)values(89,'JAM','国籍','牙买加');
insert into ykt_cur.t_pif_dictionary (DICT_NO, DICT_VALUE, DICT_NAME, DICT_CAPTION)values(89,'JOR','国籍','约旦');
insert into ykt_cur.t_pif_dictionary (DICT_NO, DICT_VALUE, DICT_NAME, DICT_CAPTION)values(89,'JPN','国籍','日本');
insert into ykt_cur.t_pif_dictionary (DICT_NO, DICT_VALUE, DICT_NAME, DICT_CAPTION)values(89,'KAZ','国籍','哈萨克斯坦');
insert into ykt_cur.t_pif_dictionary (DICT_NO, DICT_VALUE, DICT_NAME, DICT_CAPTION)values(89,'KEN','国籍','肯尼亚');
insert into ykt_cur.t_pif_dictionary (DICT_NO, DICT_VALUE, DICT_NAME, DICT_CAPTION)values(89,'KGZ','国籍','吉尔吉斯斯坦');
insert into ykt_cur.t_pif_dictionary (DICT_NO, DICT_VALUE, DICT_NAME, DICT_CAPTION)values(89,'KHM','国籍','柬埔寨');
insert into ykt_cur.t_pif_dictionary (DICT_NO, DICT_VALUE, DICT_NAME, DICT_CAPTION)values(89,'KIR','国籍','基里巴斯');
insert into ykt_cur.t_pif_dictionary (DICT_NO, DICT_VALUE, DICT_NAME, DICT_CAPTION)values(89,'KNA','国籍','圣基茨和尼维斯');
insert into ykt_cur.t_pif_dictionary (DICT_NO, DICT_VALUE, DICT_NAME, DICT_CAPTION)values(89,'KOR','国籍','韩国');
insert into ykt_cur.t_pif_dictionary (DICT_NO, DICT_VALUE, DICT_NAME, DICT_CAPTION)values(89,'KWT','国籍','科威特');
insert into ykt_cur.t_pif_dictionary (DICT_NO, DICT_VALUE, DICT_NAME, DICT_CAPTION)values(89,'LAO','国籍','老挝');
insert into ykt_cur.t_pif_dictionary (DICT_NO, DICT_VALUE, DICT_NAME, DICT_CAPTION)values(89,'LBN','国籍','黎巴嫩');
insert into ykt_cur.t_pif_dictionary (DICT_NO, DICT_VALUE, DICT_NAME, DICT_CAPTION)values(89,'LBR','国籍','利比里亚');
insert into ykt_cur.t_pif_dictionary (DICT_NO, DICT_VALUE, DICT_NAME, DICT_CAPTION)values(89,'LBY','国籍','利比亚');
insert into ykt_cur.t_pif_dictionary (DICT_NO, DICT_VALUE, DICT_NAME, DICT_CAPTION)values(89,'LCA','国籍','圣卢西亚');
insert into ykt_cur.t_pif_dictionary (DICT_NO, DICT_VALUE, DICT_NAME, DICT_CAPTION)values(89,'LIE','国籍','列支敦士登');
insert into ykt_cur.t_pif_dictionary (DICT_NO, DICT_VALUE, DICT_NAME, DICT_CAPTION)values(89,'LKA','国籍','斯里兰卡');
insert into ykt_cur.t_pif_dictionary (DICT_NO, DICT_VALUE, DICT_NAME, DICT_CAPTION)values(89,'LSO','国籍','莱索托');
insert into ykt_cur.t_pif_dictionary (DICT_NO, DICT_VALUE, DICT_NAME, DICT_CAPTION)values(89,'LTU','国籍','立陶宛');
insert into ykt_cur.t_pif_dictionary (DICT_NO, DICT_VALUE, DICT_NAME, DICT_CAPTION)values(89,'LUX','国籍','卢森堡');
insert into ykt_cur.t_pif_dictionary (DICT_NO, DICT_VALUE, DICT_NAME, DICT_CAPTION)values(89,'LVA','国籍','拉脱维亚');
insert into ykt_cur.t_pif_dictionary (DICT_NO, DICT_VALUE, DICT_NAME, DICT_CAPTION)values(89,'MAC','国籍','澳门');
insert into ykt_cur.t_pif_dictionary (DICT_NO, DICT_VALUE, DICT_NAME, DICT_CAPTION)values(89,'MAR','国籍','摩洛哥');
insert into ykt_cur.t_pif_dictionary (DICT_NO, DICT_VALUE, DICT_NAME, DICT_CAPTION)values(89,'MCO','国籍','摩纳哥');
insert into ykt_cur.t_pif_dictionary (DICT_NO, DICT_VALUE, DICT_NAME, DICT_CAPTION)values(89,'MDA','国籍','摩尔多瓦');
insert into ykt_cur.t_pif_dictionary (DICT_NO, DICT_VALUE, DICT_NAME, DICT_CAPTION)values(89,'MDG','国籍','马达加斯加');
insert into ykt_cur.t_pif_dictionary (DICT_NO, DICT_VALUE, DICT_NAME, DICT_CAPTION)values(89,'MDV','国籍','马尔代夫');
insert into ykt_cur.t_pif_dictionary (DICT_NO, DICT_VALUE, DICT_NAME, DICT_CAPTION)values(89,'MEX','国籍','墨西哥');
insert into ykt_cur.t_pif_dictionary (DICT_NO, DICT_VALUE, DICT_NAME, DICT_CAPTION)values(89,'MHL','国籍','马绍尔群岛');
insert into ykt_cur.t_pif_dictionary (DICT_NO, DICT_VALUE, DICT_NAME, DICT_CAPTION)values(89,'MKD','国籍','马其顿');
insert into ykt_cur.t_pif_dictionary (DICT_NO, DICT_VALUE, DICT_NAME, DICT_CAPTION)values(89,'MLI','国籍','马里');
insert into ykt_cur.t_pif_dictionary (DICT_NO, DICT_VALUE, DICT_NAME, DICT_CAPTION)values(89,'MLT','国籍','马耳他');
insert into ykt_cur.t_pif_dictionary (DICT_NO, DICT_VALUE, DICT_NAME, DICT_CAPTION)values(89,'MMR','国籍','缅甸');
insert into ykt_cur.t_pif_dictionary (DICT_NO, DICT_VALUE, DICT_NAME, DICT_CAPTION)values(89,'MNG','国籍','蒙古');
insert into ykt_cur.t_pif_dictionary (DICT_NO, DICT_VALUE, DICT_NAME, DICT_CAPTION)values(89,'MNP','国籍','北马里亚纳');
insert into ykt_cur.t_pif_dictionary (DICT_NO, DICT_VALUE, DICT_NAME, DICT_CAPTION)values(89,'MOZ','国籍','莫桑比克');
insert into ykt_cur.t_pif_dictionary (DICT_NO, DICT_VALUE, DICT_NAME, DICT_CAPTION)values(89,'MRT','国籍','毛里塔尼亚');
insert into ykt_cur.t_pif_dictionary (DICT_NO, DICT_VALUE, DICT_NAME, DICT_CAPTION)values(89,'MSR','国籍','蒙特塞拉特');
insert into ykt_cur.t_pif_dictionary (DICT_NO, DICT_VALUE, DICT_NAME, DICT_CAPTION)values(89,'MTQ','国籍','马提尼克');
insert into ykt_cur.t_pif_dictionary (DICT_NO, DICT_VALUE, DICT_NAME, DICT_CAPTION)values(89,'MUS','国籍','毛里求斯');
insert into ykt_cur.t_pif_dictionary (DICT_NO, DICT_VALUE, DICT_NAME, DICT_CAPTION)values(89,'MWI','国籍','马拉维');
insert into ykt_cur.t_pif_dictionary (DICT_NO, DICT_VALUE, DICT_NAME, DICT_CAPTION)values(89,'MYS','国籍','马来西亚');
insert into ykt_cur.t_pif_dictionary (DICT_NO, DICT_VALUE, DICT_NAME, DICT_CAPTION)values(89,'MYT','国籍','马约特');
insert into ykt_cur.t_pif_dictionary (DICT_NO, DICT_VALUE, DICT_NAME, DICT_CAPTION)values(89,'NAM','国籍','纳米比亚');
insert into ykt_cur.t_pif_dictionary (DICT_NO, DICT_VALUE, DICT_NAME, DICT_CAPTION)values(89,'NCL','国籍','新喀里多尼亚');
insert into ykt_cur.t_pif_dictionary (DICT_NO, DICT_VALUE, DICT_NAME, DICT_CAPTION)values(89,'NER','国籍','尼日尔');
insert into ykt_cur.t_pif_dictionary (DICT_NO, DICT_VALUE, DICT_NAME, DICT_CAPTION)values(89,'NFK','国籍','诺福克岛');
insert into ykt_cur.t_pif_dictionary (DICT_NO, DICT_VALUE, DICT_NAME, DICT_CAPTION)values(89,'NGA','国籍','尼日利亚');
insert into ykt_cur.t_pif_dictionary (DICT_NO, DICT_VALUE, DICT_NAME, DICT_CAPTION)values(89,'NIC','国籍','尼加拉瓜');
insert into ykt_cur.t_pif_dictionary (DICT_NO, DICT_VALUE, DICT_NAME, DICT_CAPTION)values(89,'NIU','国籍','纽埃');
insert into ykt_cur.t_pif_dictionary (DICT_NO, DICT_VALUE, DICT_NAME, DICT_CAPTION)values(89,'NLD','国籍','荷兰');
insert into ykt_cur.t_pif_dictionary (DICT_NO, DICT_VALUE, DICT_NAME, DICT_CAPTION)values(89,'NOR','国籍','挪威');
insert into ykt_cur.t_pif_dictionary (DICT_NO, DICT_VALUE, DICT_NAME, DICT_CAPTION)values(89,'NPL','国籍','尼泊尔');
insert into ykt_cur.t_pif_dictionary (DICT_NO, DICT_VALUE, DICT_NAME, DICT_CAPTION)values(89,'NRU','国籍','瑙鲁');
insert into ykt_cur.t_pif_dictionary (DICT_NO, DICT_VALUE, DICT_NAME, DICT_CAPTION)values(89,'NZL','国籍','新西兰');
insert into ykt_cur.t_pif_dictionary (DICT_NO, DICT_VALUE, DICT_NAME, DICT_CAPTION)values(89,'OMN','国籍','阿曼');
insert into ykt_cur.t_pif_dictionary (DICT_NO, DICT_VALUE, DICT_NAME, DICT_CAPTION)values(89,'PAK','国籍','巴基斯坦');
insert into ykt_cur.t_pif_dictionary (DICT_NO, DICT_VALUE, DICT_NAME, DICT_CAPTION)values(89,'PAN','国籍','巴拿马');
insert into ykt_cur.t_pif_dictionary (DICT_NO, DICT_VALUE, DICT_NAME, DICT_CAPTION)values(89,'PCN','国籍','皮特凯恩群岛');
insert into ykt_cur.t_pif_dictionary (DICT_NO, DICT_VALUE, DICT_NAME, DICT_CAPTION)values(89,'PER','国籍','秘鲁');
insert into ykt_cur.t_pif_dictionary (DICT_NO, DICT_VALUE, DICT_NAME, DICT_CAPTION)values(89,'PHL','国籍','菲律宾');
insert into ykt_cur.t_pif_dictionary (DICT_NO, DICT_VALUE, DICT_NAME, DICT_CAPTION)values(89,'PLW','国籍','贝劳');
insert into ykt_cur.t_pif_dictionary (DICT_NO, DICT_VALUE, DICT_NAME, DICT_CAPTION)values(89,'PNG','国籍','巴布亚新几内亚');
insert into ykt_cur.t_pif_dictionary (DICT_NO, DICT_VALUE, DICT_NAME, DICT_CAPTION)values(89,'POL','国籍','波兰');
insert into ykt_cur.t_pif_dictionary (DICT_NO, DICT_VALUE, DICT_NAME, DICT_CAPTION)values(89,'PRI','国籍','波多黎各');
insert into ykt_cur.t_pif_dictionary (DICT_NO, DICT_VALUE, DICT_NAME, DICT_CAPTION)values(89,'PRK','国籍','朝鲜');
insert into ykt_cur.t_pif_dictionary (DICT_NO, DICT_VALUE, DICT_NAME, DICT_CAPTION)values(89,'PRT','国籍','葡萄牙');
insert into ykt_cur.t_pif_dictionary (DICT_NO, DICT_VALUE, DICT_NAME, DICT_CAPTION)values(89,'PRY','国籍','巴拉圭');
insert into ykt_cur.t_pif_dictionary (DICT_NO, DICT_VALUE, DICT_NAME, DICT_CAPTION)values(89,'PST','国籍','巴勒斯坦');
insert into ykt_cur.t_pif_dictionary (DICT_NO, DICT_VALUE, DICT_NAME, DICT_CAPTION)values(89,'PYF','国籍','法属波利尼西亚');
insert into ykt_cur.t_pif_dictionary (DICT_NO, DICT_VALUE, DICT_NAME, DICT_CAPTION)values(89,'QAT','国籍','卡塔尔');
insert into ykt_cur.t_pif_dictionary (DICT_NO, DICT_VALUE, DICT_NAME, DICT_CAPTION)values(89,'REU','国籍','留尼汪');
insert into ykt_cur.t_pif_dictionary (DICT_NO, DICT_VALUE, DICT_NAME, DICT_CAPTION)values(89,'ROM','国籍','罗马尼亚');
insert into ykt_cur.t_pif_dictionary (DICT_NO, DICT_VALUE, DICT_NAME, DICT_CAPTION)values(89,'RUS','国籍','俄罗斯');
insert into ykt_cur.t_pif_dictionary (DICT_NO, DICT_VALUE, DICT_NAME, DICT_CAPTION)values(89,'RWA','国籍','卢旺达');
insert into ykt_cur.t_pif_dictionary (DICT_NO, DICT_VALUE, DICT_NAME, DICT_CAPTION)values(89,'SAU','国籍','沙特阿拉伯');
insert into ykt_cur.t_pif_dictionary (DICT_NO, DICT_VALUE, DICT_NAME, DICT_CAPTION)values(89,'SDN','国籍','苏丹');
insert into ykt_cur.t_pif_dictionary (DICT_NO, DICT_VALUE, DICT_NAME, DICT_CAPTION)values(89,'SEN','国籍','塞内加尔');
insert into ykt_cur.t_pif_dictionary (DICT_NO, DICT_VALUE, DICT_NAME, DICT_CAPTION)values(89,'SGP','国籍','新加坡');
insert into ykt_cur.t_pif_dictionary (DICT_NO, DICT_VALUE, DICT_NAME, DICT_CAPTION)values(89,'SGS','国籍','南乔治亚岛和南桑德韦奇岛');
insert into ykt_cur.t_pif_dictionary (DICT_NO, DICT_VALUE, DICT_NAME, DICT_CAPTION)values(89,'SHN','国籍','圣赫勒拿');
insert into ykt_cur.t_pif_dictionary (DICT_NO, DICT_VALUE, DICT_NAME, DICT_CAPTION)values(89,'SJM','国籍','斯瓦尔巴群岛');
insert into ykt_cur.t_pif_dictionary (DICT_NO, DICT_VALUE, DICT_NAME, DICT_CAPTION)values(89,'SLB','国籍','所罗门群岛');
insert into ykt_cur.t_pif_dictionary (DICT_NO, DICT_VALUE, DICT_NAME, DICT_CAPTION)values(89,'SLE','国籍','塞拉利昂');
insert into ykt_cur.t_pif_dictionary (DICT_NO, DICT_VALUE, DICT_NAME, DICT_CAPTION)values(89,'SLV','国籍','萨尔瓦多');
insert into ykt_cur.t_pif_dictionary (DICT_NO, DICT_VALUE, DICT_NAME, DICT_CAPTION)values(89,'SMR','国籍','圣马力诺');
insert into ykt_cur.t_pif_dictionary (DICT_NO, DICT_VALUE, DICT_NAME, DICT_CAPTION)values(89,'SOM','国籍','索马里');
insert into ykt_cur.t_pif_dictionary (DICT_NO, DICT_VALUE, DICT_NAME, DICT_CAPTION)values(89,'SPM','国籍','圣皮埃尔和密克隆');
insert into ykt_cur.t_pif_dictionary (DICT_NO, DICT_VALUE, DICT_NAME, DICT_CAPTION)values(89,'STp','国籍','圣多美和普林西比');
insert into ykt_cur.t_pif_dictionary (DICT_NO, DICT_VALUE, DICT_NAME, DICT_CAPTION)values(89,'SUR','国籍','苏里南');
insert into ykt_cur.t_pif_dictionary (DICT_NO, DICT_VALUE, DICT_NAME, DICT_CAPTION)values(89,'SVK','国籍','斯洛伐克');
insert into ykt_cur.t_pif_dictionary (DICT_NO, DICT_VALUE, DICT_NAME, DICT_CAPTION)values(89,'SVN','国籍','斯洛文尼亚');
insert into ykt_cur.t_pif_dictionary (DICT_NO, DICT_VALUE, DICT_NAME, DICT_CAPTION)values(89,'SWE','国籍','瑞典');
insert into ykt_cur.t_pif_dictionary (DICT_NO, DICT_VALUE, DICT_NAME, DICT_CAPTION)values(89,'SWZ','国籍','斯威士兰');
insert into ykt_cur.t_pif_dictionary (DICT_NO, DICT_VALUE, DICT_NAME, DICT_CAPTION)values(89,'SYC','国籍','塞舌尔');
insert into ykt_cur.t_pif_dictionary (DICT_NO, DICT_VALUE, DICT_NAME, DICT_CAPTION)values(89,'SYR','国籍','叙利亚');
insert into ykt_cur.t_pif_dictionary (DICT_NO, DICT_VALUE, DICT_NAME, DICT_CAPTION)values(89,'TCA','国籍','特克斯科斯群岛');
insert into ykt_cur.t_pif_dictionary (DICT_NO, DICT_VALUE, DICT_NAME, DICT_CAPTION)values(89,'TCD','国籍','乍得');
insert into ykt_cur.t_pif_dictionary (DICT_NO, DICT_VALUE, DICT_NAME, DICT_CAPTION)values(89,'TGO','国籍','多哥');
insert into ykt_cur.t_pif_dictionary (DICT_NO, DICT_VALUE, DICT_NAME, DICT_CAPTION)values(89,'THA','国籍','泰国');
insert into ykt_cur.t_pif_dictionary (DICT_NO, DICT_VALUE, DICT_NAME, DICT_CAPTION)values(89,'TJK','国籍','塔吉克斯坦');
insert into ykt_cur.t_pif_dictionary (DICT_NO, DICT_VALUE, DICT_NAME, DICT_CAPTION)values(89,'TKL','国籍','托克劳');
insert into ykt_cur.t_pif_dictionary (DICT_NO, DICT_VALUE, DICT_NAME, DICT_CAPTION)values(89,'TKM','国籍','土库曼斯坦');
insert into ykt_cur.t_pif_dictionary (DICT_NO, DICT_VALUE, DICT_NAME, DICT_CAPTION)values(89,'TMP','国籍','东帝汶');
insert into ykt_cur.t_pif_dictionary (DICT_NO, DICT_VALUE, DICT_NAME, DICT_CAPTION)values(89,'TON','国籍','汤加');
insert into ykt_cur.t_pif_dictionary (DICT_NO, DICT_VALUE, DICT_NAME, DICT_CAPTION)values(89,'TTO','国籍','特立尼达和多巴哥');
insert into ykt_cur.t_pif_dictionary (DICT_NO, DICT_VALUE, DICT_NAME, DICT_CAPTION)values(89,'TUN','国籍','突尼斯');
insert into ykt_cur.t_pif_dictionary (DICT_NO, DICT_VALUE, DICT_NAME, DICT_CAPTION)values(89,'TUR','国籍','土耳其');
insert into ykt_cur.t_pif_dictionary (DICT_NO, DICT_VALUE, DICT_NAME, DICT_CAPTION)values(89,'TUV','国籍','图瓦卢');
insert into ykt_cur.t_pif_dictionary (DICT_NO, DICT_VALUE, DICT_NAME, DICT_CAPTION)values(89,'TZA','国籍','坦桑尼亚');
insert into ykt_cur.t_pif_dictionary (DICT_NO, DICT_VALUE, DICT_NAME, DICT_CAPTION)values(89,'UGA','国籍','乌干达');
insert into ykt_cur.t_pif_dictionary (DICT_NO, DICT_VALUE, DICT_NAME, DICT_CAPTION)values(89,'UKR','国籍','乌克兰');
insert into ykt_cur.t_pif_dictionary (DICT_NO, DICT_VALUE, DICT_NAME, DICT_CAPTION)values(89,'UMI','国籍','美属太平洋各群岛');
insert into ykt_cur.t_pif_dictionary (DICT_NO, DICT_VALUE, DICT_NAME, DICT_CAPTION)values(89,'URY','国籍','乌拉圭');
insert into ykt_cur.t_pif_dictionary (DICT_NO, DICT_VALUE, DICT_NAME, DICT_CAPTION)values(89,'USA','国籍','美国');
insert into ykt_cur.t_pif_dictionary (DICT_NO, DICT_VALUE, DICT_NAME, DICT_CAPTION)values(89,'UZB','国籍','乌兹别克斯坦');
insert into ykt_cur.t_pif_dictionary (DICT_NO, DICT_VALUE, DICT_NAME, DICT_CAPTION)values(89,'VAT','国籍','梵蒂冈');
insert into ykt_cur.t_pif_dictionary (DICT_NO, DICT_VALUE, DICT_NAME, DICT_CAPTION)values(89,'VCT','国籍','圣文森特和格林纳丁斯');
insert into ykt_cur.t_pif_dictionary (DICT_NO, DICT_VALUE, DICT_NAME, DICT_CAPTION)values(89,'VEN','国籍','委内瑞拉');
insert into ykt_cur.t_pif_dictionary (DICT_NO, DICT_VALUE, DICT_NAME, DICT_CAPTION)values(89,'VGB','国籍','英属维尔京群岛');
insert into ykt_cur.t_pif_dictionary (DICT_NO, DICT_VALUE, DICT_NAME, DICT_CAPTION)values(89,'VIR','国籍','美属维尔京群岛');
insert into ykt_cur.t_pif_dictionary (DICT_NO, DICT_VALUE, DICT_NAME, DICT_CAPTION)values(89,'VNM','国籍','越南');
insert into ykt_cur.t_pif_dictionary (DICT_NO, DICT_VALUE, DICT_NAME, DICT_CAPTION)values(89,'VUT','国籍','瓦努阿图');
insert into ykt_cur.t_pif_dictionary (DICT_NO, DICT_VALUE, DICT_NAME, DICT_CAPTION)values(89,'WLF','国籍','瓦利斯和富图纳群岛');
insert into ykt_cur.t_pif_dictionary (DICT_NO, DICT_VALUE, DICT_NAME, DICT_CAPTION)values(89,'WSM','国籍','萨摩亚');
insert into ykt_cur.t_pif_dictionary (DICT_NO, DICT_VALUE, DICT_NAME, DICT_CAPTION)values(89,'YEM','国籍','也门');
insert into ykt_cur.t_pif_dictionary (DICT_NO, DICT_VALUE, DICT_NAME, DICT_CAPTION)values(89,'YUG','国籍','塞尔维亚和黑山');
insert into ykt_cur.t_pif_dictionary (DICT_NO, DICT_VALUE, DICT_NAME, DICT_CAPTION)values(89,'ZAF','国籍','南非');
insert into ykt_cur.t_pif_dictionary (DICT_NO, DICT_VALUE, DICT_NAME, DICT_CAPTION)values(89,'ZAR','国籍','刚果（金）');
insert into ykt_cur.t_pif_dictionary (DICT_NO, DICT_VALUE, DICT_NAME, DICT_CAPTION)values(89,'ZMB','国籍','赞比亚');
insert into ykt_cur.t_pif_dictionary (DICT_NO, DICT_VALUE, DICT_NAME, DICT_CAPTION)values(89,'ZWE','国籍','津巴布韦');
insert into YKT_CUR.T_PIF_DICTIONARY (DICT_NO, DICT_VALUE, DICT_NAME, DICT_CAPTION)
values (92, '1', '外部系统名称', '工商银行');
insert into YKT_CUR.T_PIF_DICTIONARY (DICT_NO, DICT_VALUE, DICT_NAME, DICT_CAPTION)
values (92, '2', '外部系统名称', '建设银行');
insert into YKT_CUR.T_PIF_DICTIONARY (DICT_NO, DICT_VALUE, DICT_NAME, DICT_CAPTION)
values (92, '3', '外部系统名称', '中国银行');
insert into YKT_CUR.T_PIF_DICTIONARY (DICT_NO, DICT_VALUE, DICT_NAME, DICT_CAPTION)
values (1000, '1', '设备心跳状态', '联机');
insert into YKT_CUR.T_PIF_DICTIONARY (DICT_NO, DICT_VALUE, DICT_NAME, DICT_CAPTION)
values (1000, '2', '设备心跳状态', '脱机');
insert into YKT_CUR.T_PIF_DICTIONARY (DICT_NO, DICT_VALUE, DICT_NAME, DICT_CAPTION)
values (1001, '1', '异常流水状态', '发起');
insert into YKT_CUR.T_PIF_DICTIONARY (DICT_NO, DICT_VALUE, DICT_NAME, DICT_CAPTION)
values (1001, '2', '异常流水状态', '已通知');
insert into YKT_CUR.T_PIF_DICTIONARY (DICT_NO, DICT_VALUE, DICT_NAME, DICT_CAPTION)
values (1001, '3', '异常流水状态', '已处理');
insert into YKT_CUR.T_PIF_DICTIONARY (DICT_NO, DICT_VALUE, DICT_NAME, DICT_CAPTION)
values (1002, '1', '报警流水状态', '已报警');
insert into YKT_CUR.T_PIF_DICTIONARY (DICT_NO, DICT_VALUE, DICT_NAME, DICT_CAPTION)
values (1002, '2', '报警流水状态', '已处理完成');
insert into YKT_CUR.T_PIF_DICTIONARY (DICT_NO, DICT_VALUE, DICT_NAME, DICT_CAPTION)
values (1002, '3', '报警流水状态', '超期未完成');
insert into YKT_CUR.T_PIF_DICTIONARY (DICT_NO, DICT_VALUE, DICT_NAME, DICT_CAPTION)
values (2000, '1', '政治面貌', '共产党员');
insert into YKT_CUR.T_PIF_DICTIONARY (DICT_NO, DICT_VALUE, DICT_NAME, DICT_CAPTION)
values (2000, '2', '政治面貌', '共青团员');
insert into ykt_cur.t_pif_dictionary (DICT_NO, DICT_VALUE, DICT_NAME, DICT_CAPTION)values(2001,'1','民族代码','汉族');
insert into ykt_cur.t_pif_dictionary (DICT_NO, DICT_VALUE, DICT_NAME, DICT_CAPTION)values(2001,'2','民族代码','蒙古族');
insert into ykt_cur.t_pif_dictionary (DICT_NO, DICT_VALUE, DICT_NAME, DICT_CAPTION)values(2001,'3','民族代码','回族');
insert into ykt_cur.t_pif_dictionary (DICT_NO, DICT_VALUE, DICT_NAME, DICT_CAPTION)values(2001,'4','民族代码','藏族');
insert into ykt_cur.t_pif_dictionary (DICT_NO, DICT_VALUE, DICT_NAME, DICT_CAPTION)values(2001,'5','民族代码','维吾尔族');
insert into ykt_cur.t_pif_dictionary (DICT_NO, DICT_VALUE, DICT_NAME, DICT_CAPTION)values(2001,'6','民族代码','苗族');
insert into ykt_cur.t_pif_dictionary (DICT_NO, DICT_VALUE, DICT_NAME, DICT_CAPTION)values(2001,'7','民族代码','彝族');
insert into ykt_cur.t_pif_dictionary (DICT_NO, DICT_VALUE, DICT_NAME, DICT_CAPTION)values(2001,'8','民族代码','壮族');
insert into ykt_cur.t_pif_dictionary (DICT_NO, DICT_VALUE, DICT_NAME, DICT_CAPTION)values(2001,'9','民族代码','布依族');
insert into ykt_cur.t_pif_dictionary (DICT_NO, DICT_VALUE, DICT_NAME, DICT_CAPTION)values(2001,'10','民族代码','朝鲜族');
insert into ykt_cur.t_pif_dictionary (DICT_NO, DICT_VALUE, DICT_NAME, DICT_CAPTION)values(2001,'11','民族代码','满族');
insert into ykt_cur.t_pif_dictionary (DICT_NO, DICT_VALUE, DICT_NAME, DICT_CAPTION)values(2001,'12','民族代码','侗族');
insert into ykt_cur.t_pif_dictionary (DICT_NO, DICT_VALUE, DICT_NAME, DICT_CAPTION)values(2001,'13','民族代码','瑶族');
insert into ykt_cur.t_pif_dictionary (DICT_NO, DICT_VALUE, DICT_NAME, DICT_CAPTION)values(2001,'14','民族代码','白族');
insert into ykt_cur.t_pif_dictionary (DICT_NO, DICT_VALUE, DICT_NAME, DICT_CAPTION)values(2001,'15','民族代码','土家族');
insert into ykt_cur.t_pif_dictionary (DICT_NO, DICT_VALUE, DICT_NAME, DICT_CAPTION)values(2001,'16','民族代码','哈尼族');
insert into ykt_cur.t_pif_dictionary (DICT_NO, DICT_VALUE, DICT_NAME, DICT_CAPTION)values(2001,'17','民族代码','哈萨克族');
insert into ykt_cur.t_pif_dictionary (DICT_NO, DICT_VALUE, DICT_NAME, DICT_CAPTION)values(2001,'18','民族代码','傣族');
insert into ykt_cur.t_pif_dictionary (DICT_NO, DICT_VALUE, DICT_NAME, DICT_CAPTION)values(2001,'19','民族代码','黎族');
insert into ykt_cur.t_pif_dictionary (DICT_NO, DICT_VALUE, DICT_NAME, DICT_CAPTION)values(2001,'20','民族代码','傈僳族');
insert into ykt_cur.t_pif_dictionary (DICT_NO, DICT_VALUE, DICT_NAME, DICT_CAPTION)values(2001,'21','民族代码','佤族');
insert into ykt_cur.t_pif_dictionary (DICT_NO, DICT_VALUE, DICT_NAME, DICT_CAPTION)values(2001,'22','民族代码','畲族');
insert into ykt_cur.t_pif_dictionary (DICT_NO, DICT_VALUE, DICT_NAME, DICT_CAPTION)values(2001,'23','民族代码','高山族');
insert into ykt_cur.t_pif_dictionary (DICT_NO, DICT_VALUE, DICT_NAME, DICT_CAPTION)values(2001,'24','民族代码','拉祜族');
insert into ykt_cur.t_pif_dictionary (DICT_NO, DICT_VALUE, DICT_NAME, DICT_CAPTION)values(2001,'25','民族代码','水族');
insert into ykt_cur.t_pif_dictionary (DICT_NO, DICT_VALUE, DICT_NAME, DICT_CAPTION)values(2001,'26','民族代码','东乡族');
insert into ykt_cur.t_pif_dictionary (DICT_NO, DICT_VALUE, DICT_NAME, DICT_CAPTION)values(2001,'27','民族代码','纳西族');
insert into ykt_cur.t_pif_dictionary (DICT_NO, DICT_VALUE, DICT_NAME, DICT_CAPTION)values(2001,'28','民族代码','景颇族');
insert into ykt_cur.t_pif_dictionary (DICT_NO, DICT_VALUE, DICT_NAME, DICT_CAPTION)values(2001,'29','民族代码','柯尔克孜族');
insert into ykt_cur.t_pif_dictionary (DICT_NO, DICT_VALUE, DICT_NAME, DICT_CAPTION)values(2001,'30','民族代码','土族');
insert into ykt_cur.t_pif_dictionary (DICT_NO, DICT_VALUE, DICT_NAME, DICT_CAPTION)values(2001,'31','民族代码','达斡尔族');
insert into ykt_cur.t_pif_dictionary (DICT_NO, DICT_VALUE, DICT_NAME, DICT_CAPTION)values(2001,'32','民族代码','仫佬族');
insert into ykt_cur.t_pif_dictionary (DICT_NO, DICT_VALUE, DICT_NAME, DICT_CAPTION)values(2001,'33','民族代码','羌族');
insert into ykt_cur.t_pif_dictionary (DICT_NO, DICT_VALUE, DICT_NAME, DICT_CAPTION)values(2001,'34','民族代码','布朗族');
insert into ykt_cur.t_pif_dictionary (DICT_NO, DICT_VALUE, DICT_NAME, DICT_CAPTION)values(2001,'35','民族代码','撒拉族');
insert into ykt_cur.t_pif_dictionary (DICT_NO, DICT_VALUE, DICT_NAME, DICT_CAPTION)values(2001,'36','民族代码','毛难族');
insert into ykt_cur.t_pif_dictionary (DICT_NO, DICT_VALUE, DICT_NAME, DICT_CAPTION)values(2001,'37','民族代码','仡佬族');
insert into ykt_cur.t_pif_dictionary (DICT_NO, DICT_VALUE, DICT_NAME, DICT_CAPTION)values(2001,'38','民族代码','锡伯族');
insert into ykt_cur.t_pif_dictionary (DICT_NO, DICT_VALUE, DICT_NAME, DICT_CAPTION)values(2001,'39','民族代码','阿昌族');
insert into ykt_cur.t_pif_dictionary (DICT_NO, DICT_VALUE, DICT_NAME, DICT_CAPTION)values(2001,'40','民族代码','普米族');
insert into ykt_cur.t_pif_dictionary (DICT_NO, DICT_VALUE, DICT_NAME, DICT_CAPTION)values(2001,'41','民族代码','塔吉克族');
insert into ykt_cur.t_pif_dictionary (DICT_NO, DICT_VALUE, DICT_NAME, DICT_CAPTION)values(2001,'42','民族代码','怒族');
insert into ykt_cur.t_pif_dictionary (DICT_NO, DICT_VALUE, DICT_NAME, DICT_CAPTION)values(2001,'43','民族代码','乌孜别克族');
insert into ykt_cur.t_pif_dictionary (DICT_NO, DICT_VALUE, DICT_NAME, DICT_CAPTION)values(2001,'44','民族代码','俄罗斯族');
insert into ykt_cur.t_pif_dictionary (DICT_NO, DICT_VALUE, DICT_NAME, DICT_CAPTION)values(2001,'45','民族代码','鄂温克族');
insert into ykt_cur.t_pif_dictionary (DICT_NO, DICT_VALUE, DICT_NAME, DICT_CAPTION)values(2001,'46','民族代码','德昂族');
insert into ykt_cur.t_pif_dictionary (DICT_NO, DICT_VALUE, DICT_NAME, DICT_CAPTION)values(2001,'47','民族代码','保安族');
insert into ykt_cur.t_pif_dictionary (DICT_NO, DICT_VALUE, DICT_NAME, DICT_CAPTION)values(2001,'48','民族代码','裕固族');
insert into ykt_cur.t_pif_dictionary (DICT_NO, DICT_VALUE, DICT_NAME, DICT_CAPTION)values(2001,'49','民族代码','京族');
insert into ykt_cur.t_pif_dictionary (DICT_NO, DICT_VALUE, DICT_NAME, DICT_CAPTION)values(2001,'50','民族代码','塔塔尔族');
insert into ykt_cur.t_pif_dictionary (DICT_NO, DICT_VALUE, DICT_NAME, DICT_CAPTION)values(2001,'51','民族代码','独龙族');
insert into ykt_cur.t_pif_dictionary (DICT_NO, DICT_VALUE, DICT_NAME, DICT_CAPTION)values(2001,'52','民族代码','鄂伦春族');
insert into ykt_cur.t_pif_dictionary (DICT_NO, DICT_VALUE, DICT_NAME, DICT_CAPTION)values(2001,'53','民族代码','赫哲族');
insert into ykt_cur.t_pif_dictionary (DICT_NO, DICT_VALUE, DICT_NAME, DICT_CAPTION)values(2001,'54','民族代码','门巴族');
insert into ykt_cur.t_pif_dictionary (DICT_NO, DICT_VALUE, DICT_NAME, DICT_CAPTION)values(2001,'55','民族代码','珞巴族');
insert into ykt_cur.t_pif_dictionary (DICT_NO, DICT_VALUE, DICT_NAME, DICT_CAPTION)values(2001,'56','民族代码','基诺族');
insert into ykt_cur.t_pif_dictionary (DICT_NO, DICT_VALUE, DICT_NAME, DICT_CAPTION)values(2001,'91','民族代码','其他族');
insert into ykt_cur.t_pif_dictionary (DICT_NO, DICT_VALUE, DICT_NAME, DICT_CAPTION)values(2001,'92','民族代码','外国血统');
insert into ykt_cur.t_pif_dictionary (DICT_NO, DICT_VALUE, DICT_NAME, DICT_CAPTION)values(2001,'98','民族代码','外国民族');
insert into ykt_cur.t_pif_dictionary (DICT_NO, DICT_VALUE, DICT_NAME, DICT_CAPTION)values(2001,'99','民族代码','其它');
insert into YKT_CUR.T_PIF_DICTIONARY (DICT_NO, DICT_VALUE, DICT_NAME, DICT_CAPTION)
values (2002, '1', '职称代码', '讲师');
insert into YKT_CUR.T_PIF_DICTIONARY (DICT_NO, DICT_VALUE, DICT_NAME, DICT_CAPTION)
values (2002, '2', '职称代码', '教授');
insert into YKT_CUR.T_PIF_DICTIONARY (DICT_NO, DICT_VALUE, DICT_NAME, DICT_CAPTION)
values (2002, '3', '职称代码', '副教授');
insert into YKT_CUR.T_PIF_DICTIONARY (DICT_NO, DICT_VALUE, DICT_NAME, DICT_CAPTION)
values (2002, '4', '职称代码', '院士');
insert into YKT_CUR.T_PIF_DICTIONARY (DICT_NO, DICT_VALUE, DICT_NAME, DICT_CAPTION)
values (2002, '5', '职称代码', '书记');
insert into YKT_CUR.T_PIF_DICTIONARY (DICT_NO, DICT_VALUE, DICT_NAME, DICT_CAPTION)
values (2002, '6', '职称代码', '科长');
insert into YKT_CUR.T_PIF_DICTIONARY (DICT_NO, DICT_VALUE, DICT_NAME, DICT_CAPTION)
values (2002, '7', '职称代码', '会计');
insert into YKT_CUR.T_PIF_DICTIONARY (DICT_NO, DICT_VALUE, DICT_NAME, DICT_CAPTION)
values (2003, '1', '学生类型', '普通正式专科');
insert into YKT_CUR.T_PIF_DICTIONARY (DICT_NO, DICT_VALUE, DICT_NAME, DICT_CAPTION)
values (2003, '2', '学生类型', '普通正式本科');
insert into YKT_CUR.T_PIF_DICTIONARY (DICT_NO, DICT_VALUE, DICT_NAME, DICT_CAPTION)
values (2003, '3', '学生类型', '普通正式硕士');
insert into YKT_CUR.T_PIF_DICTIONARY (DICT_NO, DICT_VALUE, DICT_NAME, DICT_CAPTION)
values (2003, '4', '学生类型', '普通正式博士');
insert into YKT_CUR.T_PIF_DICTIONARY (DICT_NO, DICT_VALUE, DICT_NAME, DICT_CAPTION)
values (2003, '5', '学生类型', '普通正式博士后');
insert into YKT_CUR.T_PIF_DICTIONARY (DICT_NO, DICT_VALUE, DICT_NAME, DICT_CAPTION)
values (2003, '6', '学生类型', '普通自考专科');
insert into YKT_CUR.T_PIF_DICTIONARY (DICT_NO, DICT_VALUE, DICT_NAME, DICT_CAPTION)
values (2003, '7', '学生类型', '普通自考本科');
insert into YKT_CUR.T_PIF_DICTIONARY (DICT_NO, DICT_VALUE, DICT_NAME, DICT_CAPTION)
values (2003, '8', '学生类型', '普通成人专科');
insert into YKT_CUR.T_PIF_DICTIONARY (DICT_NO, DICT_VALUE, DICT_NAME, DICT_CAPTION)
values (2003, '9', '学生类型', '普通成人本科');
insert into YKT_CUR.T_PIF_DICTIONARY (DICT_NO, DICT_VALUE, DICT_NAME, DICT_CAPTION)
values (2004, '1', '员工类型', '后勤');
insert into YKT_CUR.T_PIF_DICTIONARY (DICT_NO, DICT_VALUE, DICT_NAME, DICT_CAPTION)
values (2004, '2', '员工类型', '机关');
insert into YKT_CUR.T_PIF_DICTIONARY (DICT_NO, DICT_VALUE, DICT_NAME, DICT_CAPTION)
values (2004, '3', '员工类型', '教师');
insert into YKT_CUR.T_PIF_DICTIONARY (DICT_NO, DICT_VALUE, DICT_NAME, DICT_CAPTION)
values (2005, '1', '学制', '2.5年');
insert into YKT_CUR.T_PIF_DICTIONARY (DICT_NO, DICT_VALUE, DICT_NAME, DICT_CAPTION)
values (2005, '2', '学制', '7年');
insert into YKT_CUR.T_PIF_DICTIONARY (DICT_NO, DICT_VALUE, DICT_NAME, DICT_CAPTION)
values (2005, '3', '学制', '4年');
insert into YKT_CUR.T_PIF_DICTIONARY (DICT_NO, DICT_VALUE, DICT_NAME, DICT_CAPTION)
values (2005, '4', '学制', '5年');
insert into YKT_CUR.T_PIF_DICTIONARY (DICT_NO, DICT_VALUE, DICT_NAME, DICT_CAPTION)
values (2006, '1', '设备资产类别', '设备资产类别');
insert into YKT_CUR.T_PIF_DICTIONARY (DICT_NO, DICT_VALUE, DICT_NAME, DICT_CAPTION)
values (63, '1', '充值方式', '现金');
insert into YKT_CUR.T_PIF_DICTIONARY (DICT_NO, DICT_VALUE, DICT_NAME, DICT_CAPTION)
values (63, '2', '充值方式', '支票');
insert into YKT_CUR.T_PIF_DICTIONARY (DICT_NO, DICT_VALUE, DICT_NAME, DICT_CAPTION)
values (63, '3', '充值方式', '经费本');
insert into YKT_CUR.T_PIF_DICTIONARY (DICT_NO, DICT_VALUE, DICT_NAME, DICT_CAPTION)
values (8, '14', '子系统状态', '外接子系统');
insert into YKT_CUR.T_PIF_DICTIONARY (DICT_NO, DICT_VALUE, DICT_NAME, DICT_CAPTION)
values (64, '0', '开关', '否');
insert into YKT_CUR.T_PIF_DICTIONARY (DICT_NO, DICT_VALUE, DICT_NAME, DICT_CAPTION)
values (65, '3', '计时宝工作模式', '模式3');
insert into YKT_CUR.T_PIF_DICTIONARY (DICT_NO, DICT_VALUE, DICT_NAME, DICT_CAPTION)
values (65, '2', '计时宝工作模式', '模式2');
insert into YKT_CUR.T_PIF_DICTIONARY (DICT_NO, DICT_VALUE, DICT_NAME, DICT_CAPTION)
values (65, '1', '计时宝工作模式', '模式1');
insert into YKT_CUR.T_PIF_DICTIONARY (DICT_NO, DICT_VALUE, DICT_NAME, DICT_CAPTION)
values (66, '2', '医院收费', '自费');
insert into YKT_CUR.T_PIF_DICTIONARY (DICT_NO, DICT_VALUE, DICT_NAME, DICT_CAPTION)
values (66, '1', '医院收费', '公费');
insert into YKT_CUR.T_PIF_DICTIONARY (DICT_NO, DICT_VALUE, DICT_NAME, DICT_CAPTION)
values (67, '0', '门禁机人员名单状态', '正常');
insert into YKT_CUR.T_PIF_DICTIONARY (DICT_NO, DICT_VALUE, DICT_NAME, DICT_CAPTION)
values (67, '1', '门禁机人员名单状态', '删除');
insert into YKT_CUR.T_PIF_DICTIONARY (DICT_NO, DICT_VALUE, DICT_NAME, DICT_CAPTION)
values (68, '1', '门禁机人员名单发送状态', '已发送');
insert into YKT_CUR.T_PIF_DICTIONARY (DICT_NO, DICT_VALUE, DICT_NAME, DICT_CAPTION)
values (68, '0', '门禁机人员名单发送状态', '待发送');
insert into YKT_CUR.T_PIF_DICTIONARY (DICT_NO, DICT_VALUE, DICT_NAME, DICT_CAPTION)
values (69, '1', '门禁星期', '星期一');
insert into YKT_CUR.T_PIF_DICTIONARY (DICT_NO, DICT_VALUE, DICT_NAME, DICT_CAPTION)
values (69, '2', '门禁星期', '星期二');
insert into YKT_CUR.T_PIF_DICTIONARY (DICT_NO, DICT_VALUE, DICT_NAME, DICT_CAPTION)
values (69, '3', '门禁星期', '星期三');
insert into YKT_CUR.T_PIF_DICTIONARY (DICT_NO, DICT_VALUE, DICT_NAME, DICT_CAPTION)
values (69, '4', '门禁星期', '星期四');
insert into YKT_CUR.T_PIF_DICTIONARY (DICT_NO, DICT_VALUE, DICT_NAME, DICT_CAPTION)
values (69, '5', '门禁星期', '星期五');
insert into YKT_CUR.T_PIF_DICTIONARY (DICT_NO, DICT_VALUE, DICT_NAME, DICT_CAPTION)
values (69, '6', '门禁星期', '星期六');
insert into YKT_CUR.T_PIF_DICTIONARY (DICT_NO, DICT_VALUE, DICT_NAME, DICT_CAPTION)
values (69, '7', '门禁星期', '星期日');
insert into YKT_CUR.T_PIF_DICTIONARY (DICT_NO, DICT_VALUE, DICT_NAME, DICT_CAPTION)
values (69, '8', '门禁星期', '假日');
insert into YKT_CUR.T_PIF_DICTIONARY (DICT_NO, DICT_VALUE, DICT_NAME, DICT_CAPTION)
values (70, '12', '状态', '离校');
insert into YKT_CUR.T_PIF_DICTIONARY (DICT_NO, DICT_VALUE, DICT_NAME, DICT_CAPTION)
values (70, '11', '状态', '在校');
insert into YKT_CUR.T_PIF_DICTIONARY (DICT_NO, DICT_VALUE, DICT_NAME, DICT_CAPTION)
values (70, '13', '状态', '毕业');
insert into YKT_CUR.T_PIF_DICTIONARY (DICT_NO, DICT_VALUE, DICT_NAME, DICT_CAPTION)
values (70, '21', '状态', '在职');
insert into YKT_CUR.T_PIF_DICTIONARY (DICT_NO, DICT_VALUE, DICT_NAME, DICT_CAPTION)
values (70, '22', '状态', '退休');
insert into YKT_CUR.T_PIF_DICTIONARY (DICT_NO, DICT_VALUE, DICT_NAME, DICT_CAPTION)
values (70, '25', '状态', '离休');
insert into YKT_CUR.T_PIF_DICTIONARY (DICT_NO, DICT_VALUE, DICT_NAME, DICT_CAPTION)
values (70, '24', '状态', '死亡');
insert into YKT_CUR.T_PIF_DICTIONARY (DICT_NO, DICT_VALUE, DICT_NAME, DICT_CAPTION)
values (70, '23', '状态', '离职');
insert into YKT_CUR.T_PIF_DICTIONARY (DICT_NO, DICT_VALUE, DICT_NAME, DICT_CAPTION)
values (71, '教职工', '人员类别', ' ');
insert into YKT_CUR.T_PIF_DICTIONARY (DICT_NO, DICT_VALUE, DICT_NAME, DICT_CAPTION)
values (71, '学生', '人员类别', ' ');
insert into YKT_CUR.T_PIF_DICTIONARY (DICT_NO, DICT_VALUE, DICT_NAME, DICT_CAPTION)
values (72, '0', '子系统传输加密方式', '不加密');
insert into YKT_CUR.T_PIF_DICTIONARY (DICT_NO, DICT_VALUE, DICT_NAME, DICT_CAPTION)
values (72, '1', '子系统传输加密方式', 'AES128位加密');
insert into YKT_CUR.T_PIF_DICTIONARY (DICT_NO, DICT_VALUE, DICT_NAME, DICT_CAPTION)
values (73, '0', '子系统名单类型', '挂失');
insert into YKT_CUR.T_PIF_DICTIONARY (DICT_NO, DICT_VALUE, DICT_NAME, DICT_CAPTION)
values (73, '1', '子系统名单类型', '解挂');
insert into YKT_CUR.T_PIF_DICTIONARY (DICT_NO, DICT_VALUE, DICT_NAME, DICT_CAPTION)
values (73, '2', '子系统名单类型', '注销');
insert into YKT_CUR.T_PIF_DICTIONARY (DICT_NO, DICT_VALUE, DICT_NAME, DICT_CAPTION)
values (73, '9', '子系统名单类型', '换卡');
insert into YKT_CUR.T_PIF_DICTIONARY (DICT_NO, DICT_VALUE, DICT_NAME, DICT_CAPTION)
values (73, '10', '子系统名单类型', '发新卡');
insert into YKT_CUR.T_PIF_DICTIONARY (DICT_NO, DICT_VALUE, DICT_NAME, DICT_CAPTION)
values (74, '400000', '子系统模块功能', '挂失解挂注销换卡');
insert into YKT_CUR.T_PIF_DICTIONARY (DICT_NO, DICT_VALUE, DICT_NAME, DICT_CAPTION)
values (74, '400002', '子系统模块功能', '发新卡');
insert into YKT_CUR.T_PIF_DICTIONARY (DICT_NO, DICT_VALUE, DICT_NAME, DICT_CAPTION)
values (75, '1', 'POS流水状态', '未入账');
insert into YKT_CUR.T_PIF_DICTIONARY (DICT_NO, DICT_VALUE, DICT_NAME, DICT_CAPTION)
values (75, '2', 'POS流水状态', '入账失败');
insert into YKT_CUR.T_PIF_DICTIONARY (DICT_NO, DICT_VALUE, DICT_NAME, DICT_CAPTION)
values (75, '3', 'POS流水状态', '已入账');
insert into YKT_CUR.T_PIF_DICTIONARY (DICT_NO, DICT_VALUE, DICT_NAME, DICT_CAPTION)
values (75, '4', 'POS流水状态', '已冲正');
insert into YKT_CUR.T_PIF_DICTIONARY (DICT_NO, DICT_VALUE, DICT_NAME, DICT_CAPTION)
values (75, '5', 'POS流水状态', '无效');
insert into YKT_CUR.T_PIF_DICTIONARY (DICT_NO, DICT_VALUE, DICT_NAME, DICT_CAPTION)
values (75, '6', 'POS流水状态', '中途拔卡');
insert into YKT_CUR.T_PIF_DICTIONARY (DICT_NO, DICT_VALUE, DICT_NAME, DICT_CAPTION)
values (75, '7', 'POS流水状态', '黑卡消费');
insert into YKT_CUR.T_PIF_DICTIONARY (DICT_NO, DICT_VALUE, DICT_NAME, DICT_CAPTION)
values (76, '1', '补助状态', '未下发');
insert into YKT_CUR.T_PIF_DICTIONARY (DICT_NO, DICT_VALUE, DICT_NAME, DICT_CAPTION)
values (76, '2', '补助状态', '未领取');
insert into YKT_CUR.T_PIF_DICTIONARY (DICT_NO, DICT_VALUE, DICT_NAME, DICT_CAPTION)
values (76, '3', '补助状态', '已领取');
insert into YKT_CUR.T_PIF_DICTIONARY (DICT_NO, DICT_VALUE, DICT_NAME, DICT_CAPTION)
values (17, '3000', '卡状态', '换卡失败');
insert into YKT_CUR.T_PIF_DICTIONARY (DICT_NO, DICT_VALUE, DICT_NAME, DICT_CAPTION)
values (77, '2', '补助类型', '扣款');
insert into YKT_CUR.T_PIF_DICTIONARY (DICT_NO, DICT_VALUE, DICT_NAME, DICT_CAPTION)
values (77, '1', '补助类型', '补贴');
insert into YKT_CUR.T_PIF_DICTIONARY (DICT_NO, DICT_VALUE, DICT_NAME, DICT_CAPTION)
values (81, '1004', '设备用途', '考勤');
insert into YKT_CUR.T_PIF_DICTIONARY (DICT_NO, DICT_VALUE, DICT_NAME, DICT_CAPTION)
values (81, '1003', '设备用途', '会议签到');
insert into YKT_CUR.T_PIF_DICTIONARY (DICT_NO, DICT_VALUE, DICT_NAME, DICT_CAPTION)
values (81, '1002', '设备用途', '医疗认证');
insert into YKT_CUR.T_PIF_DICTIONARY (DICT_NO, DICT_VALUE, DICT_NAME, DICT_CAPTION)
values (81, '1001', '设备用途', '门禁计时宝');
insert into YKT_CUR.T_PIF_DICTIONARY (DICT_NO, DICT_VALUE, DICT_NAME, DICT_CAPTION)
values (81, '2001', '设备用途', '消费POS机');
insert into YKT_CUR.T_PIF_DICTIONARY (DICT_NO, DICT_VALUE, DICT_NAME, DICT_CAPTION)
values (82, '2003', '一卡通子系统', '监控系统');
insert into YKT_CUR.T_PIF_DICTIONARY (DICT_NO, DICT_VALUE, DICT_NAME, DICT_CAPTION)
values (82, '2002', '一卡通子系统', '领导查询系统');
insert into YKT_CUR.T_PIF_DICTIONARY (DICT_NO, DICT_VALUE, DICT_NAME, DICT_CAPTION)
values (82, '2001', '一卡通子系统', '多媒体查询系统');
insert into YKT_CUR.T_PIF_DICTIONARY (DICT_NO, DICT_VALUE, DICT_NAME, DICT_CAPTION)
values (82, '2000', '一卡通子系统', '综合查询系统');
insert into YKT_CUR.T_PIF_DICTIONARY (DICT_NO, DICT_VALUE, DICT_NAME, DICT_CAPTION)
values (82, '1001', '一卡通子系统', '圈存系统');
insert into YKT_CUR.T_PIF_DICTIONARY (DICT_NO, DICT_VALUE, DICT_NAME, DICT_CAPTION)
values (82, '1000', '一卡通子系统', '电话语音系统');
insert into YKT_CUR.T_PIF_DICTIONARY (DICT_NO, DICT_VALUE, DICT_NAME, DICT_CAPTION)
values (82, '2005', '一卡通子系统', '考勤系统');
insert into YKT_CUR.T_PIF_DICTIONARY (DICT_NO, DICT_VALUE, DICT_NAME, DICT_CAPTION)
values (82, '2004', '一卡通子系统', '会议签到系统');
insert into YKT_CUR.T_PIF_DICTIONARY (DICT_NO, DICT_VALUE, DICT_NAME, DICT_CAPTION)
values (8, '15', '子系统类型', '通用前置机');
insert into YKT_CUR.T_PIF_DICTIONARY (DICT_NO, DICT_VALUE, DICT_NAME, DICT_CAPTION)
values (2006, '2', '设备资产类别', '设备资产类别1');
insert into YKT_CUR.T_PIF_DICTIONARY (DICT_NO, DICT_VALUE, DICT_NAME, DICT_CAPTION)
values (47, '0248', '三九机型代码', '转帐机');
insert into YKT_CUR.T_PIF_DICTIONARY (DICT_NO, DICT_VALUE, DICT_NAME, DICT_CAPTION)
values (86, '101', '事件代码', '胁迫码通过');
insert into YKT_CUR.T_PIF_DICTIONARY (DICT_NO, DICT_VALUE, DICT_NAME, DICT_CAPTION)
values (86, '102', '事件代码', '解除码解除警报');
insert into YKT_CUR.T_PIF_DICTIONARY (DICT_NO, DICT_VALUE, DICT_NAME, DICT_CAPTION)
values (86, '103', '事件代码', 'Master Card(Code)修改');
insert into YKT_CUR.T_PIF_DICTIONARY (DICT_NO, DICT_VALUE, DICT_NAME, DICT_CAPTION)
values (86, '104', '事件代码', '侦测外力破坏');
insert into YKT_CUR.T_PIF_DICTIONARY (DICT_NO, DICT_VALUE, DICT_NAME, DICT_CAPTION)
values (86, '105', '事件代码', '冷开机');
insert into YKT_CUR.T_PIF_DICTIONARY (DICT_NO, DICT_VALUE, DICT_NAME, DICT_CAPTION)
values (86, '106', '事件代码', '重新启动');
insert into YKT_CUR.T_PIF_DICTIONARY (DICT_NO, DICT_VALUE, DICT_NAME, DICT_CAPTION)
values (86, '107', '事件代码', '门被外力开启');
insert into YKT_CUR.T_PIF_DICTIONARY (DICT_NO, DICT_VALUE, DICT_NAME, DICT_CAPTION)
values (86, '108', '事件代码', '门持续开启警告');
insert into YKT_CUR.T_PIF_DICTIONARY (DICT_NO, DICT_VALUE, DICT_NAME, DICT_CAPTION)
values (86, '109', '事件代码', '门持续开启警告解除');
insert into YKT_CUR.T_PIF_DICTIONARY (DICT_NO, DICT_VALUE, DICT_NAME, DICT_CAPTION)
values (86, '110', '事件代码', '开门');
insert into YKT_CUR.T_PIF_DICTIONARY (DICT_NO, DICT_VALUE, DICT_NAME, DICT_CAPTION)
values (86, '111', '事件代码', '关门');
insert into YKT_CUR.T_PIF_DICTIONARY (DICT_NO, DICT_VALUE, DICT_NAME, DICT_CAPTION)
values (86, '112', '事件代码', '开门钮触动');
insert into YKT_CUR.T_PIF_DICTIONARY (DICT_NO, DICT_VALUE, DICT_NAME, DICT_CAPTION)
values (86, '113', '事件代码', '内存已满');
insert into YKT_CUR.T_PIF_DICTIONARY (DICT_NO, DICT_VALUE, DICT_NAME, DICT_CAPTION)
values (86, '114', '事件代码', '系统初始化');
insert into YKT_CUR.T_PIF_DICTIONARY (DICT_NO, DICT_VALUE, DICT_NAME, DICT_CAPTION)
values (86, '-9999', '事件代码', '未知事件');
insert into YKT_CUR.T_PIF_DICTIONARY (DICT_NO, DICT_VALUE, DICT_NAME, DICT_CAPTION)
values (90, '0', '操作员组状态', '注销');
insert into YKT_CUR.T_PIF_DICTIONARY (DICT_NO, DICT_VALUE, DICT_NAME, DICT_CAPTION)
values (90, '1', '操作员组状态', '正常');
INSERT INTO YKT_CUR.T_PIF_DICTIONARY ( DICT_NO, DICT_VALUE, DICT_NAME, DICT_CAPTION ) 
VALUES ( 91, '0', '佣金类型', '固定费率' );
INSERT INTO YKT_CUR.T_PIF_DICTIONARY ( DICT_NO, DICT_VALUE, DICT_NAME, DICT_CAPTION ) 
VALUES ( 91, '1', '佣金类型', '浮动费率' ) ;
-- -------------------------  门禁相关 -----------------------------------
INSERT INTO YKT_CUR.T_PIF_DICTIONARY ( DICT_NO, DICT_VALUE, DICT_NAME, DICT_CAPTION ) 
VALUES ( 100, '1001', '门禁控制', '常开门' ) ;
INSERT INTO YKT_CUR.T_PIF_DICTIONARY ( DICT_NO, DICT_VALUE, DICT_NAME, DICT_CAPTION ) 
VALUES ( 100, '1002', '门禁控制', '恢复门状态') ;
INSERT INTO YKT_CUR.T_PIF_DICTIONARY ( DICT_NO, DICT_VALUE, DICT_NAME, DICT_CAPTION ) 
VALUES ( 100, '1003', '门禁控制', '开门') ;

INSERT INTO YKT_CUR.T_PIF_DICTIONARY ( DICT_NO, DICT_VALUE, DICT_NAME, DICT_CAPTION ) 
VALUES ( 101, '1', '任务状态', '新任务' ) ;
INSERT INTO YKT_CUR.T_PIF_DICTIONARY ( DICT_NO, DICT_VALUE, DICT_NAME, DICT_CAPTION ) 
VALUES ( 101, '2', '任务状态', '正在执行' ) ;
INSERT INTO YKT_CUR.T_PIF_DICTIONARY ( DICT_NO, DICT_VALUE, DICT_NAME, DICT_CAPTION ) 
VALUES ( 101, '3', '任务状态', '执行失败' ) ;
INSERT INTO YKT_CUR.T_PIF_DICTIONARY ( DICT_NO, DICT_VALUE, DICT_NAME, DICT_CAPTION ) 
VALUES ( 101, '4', '任务状态', '最终失败' ) ;
INSERT INTO YKT_CUR.T_PIF_DICTIONARY ( DICT_NO, DICT_VALUE, DICT_NAME, DICT_CAPTION ) 
VALUES ( 101, '5', '任务状态', '任务过期' ) ;
INSERT INTO YKT_CUR.T_PIF_DICTIONARY ( DICT_NO, DICT_VALUE, DICT_NAME, DICT_CAPTION ) 
VALUES ( 101, '6', '任务状态', '执行成功' ) ;
----------------------------------------------------------------------------

insert into YKT_CUR.T_PIF_FEETYPE (FEE_TYPE, FEE_NAME, COMMENTS, IS_OUTFEE)
values (17, '教职工', null, '2');
insert into YKT_CUR.T_PIF_FEETYPE (FEE_TYPE, FEE_NAME, COMMENTS, IS_OUTFEE)
values (16, '教授', null, '2');
insert into YKT_CUR.T_PIF_FEETYPE (FEE_TYPE, FEE_NAME, COMMENTS, IS_OUTFEE)
values (15, '离退休', null, '2');
insert into YKT_CUR.T_PIF_FEETYPE (FEE_TYPE, FEE_NAME, COMMENTS, IS_OUTFEE)
values (14, '专升本', null, '2');
insert into YKT_CUR.T_PIF_FEETYPE (FEE_TYPE, FEE_NAME, COMMENTS, IS_OUTFEE)
values (13, '博士研究生', null, '2');
insert into YKT_CUR.T_PIF_FEETYPE (FEE_TYPE, FEE_NAME, COMMENTS, IS_OUTFEE)
values (12, '硕士研究生', null, '2');
insert into YKT_CUR.T_PIF_FEETYPE (FEE_TYPE, FEE_NAME, COMMENTS, IS_OUTFEE)
values (11, '本科生', null, '2');
insert into YKT_CUR.T_PIF_FEETYPE (FEE_TYPE, FEE_NAME, COMMENTS, IS_OUTFEE)
values (19, '重要宾客', null, '2');
insert into YKT_CUR.T_PIF_FEETYPE (FEE_TYPE, FEE_NAME, COMMENTS, IS_OUTFEE)
values (18, '临时人员', null, '1');
insert into YKT_CUR.T_PIF_OPERATOR (OPER_CODE, EMPLOYEE_ID, CARD_ID, OPER_NAME, PHONE, MOBILE, ADDR, ZIP, EMAIL, IF_STATION, IF_ACCESS, PWD, STATUS, MENU_SET, FUNC_SET, LOGIN_TIME, LOGOUT_TIME, MODULE_QTY, FAIL_NUMBER, LOGIN_IP, MAC_ADDR, LOGIN_FLAG, LOGIN_APP, REG_DATE, REG_TIME, ORDER_STATUS, SEAT_NO, MAIN_FUNC, RECV_RSP_FLAG, RECV_INFO_FLAG, LOGIN_BATCH, SOURCE_NO, NODE_ID, SPECIFY_FUNC_FLAG, FORCE_LOGOUT_REASON, COMMENTS)
values ('system', null, null, '超级操作员', null, null, null, null, null, '0', '0', 'C9968BF75B07B360', '3', '11111111111111111111111111111111111111111111111111111111111111111111111111111111111111111111111111111111111111111111111111111111111111111111111111111111111111111111111111111111111111111111111111111111111111111111111111111111111111111111111111111111111111111111111111111111111111111111111111111111111111111111111111111111111111111111111111111111111111111111111111111111111111111111111111111111111111111111111111111111111111111111111111111111111111111111111111111111111111111111111111111111111111111111111111111111111111111111111111111111111111111111111111111111111111111111111111111111111111111111111111111111111111111111111111111111111111111111111111111111111111111111111111111111111111111111111111111111111111111111111111111111111111111111111111111111111111111111111111111111111111111111111111111111', '1111111111111111111111111111111111111111111111111111111111111111111111111111111111111111111111111111111111111111111111111111111111111111111111111111111', '2007-06-04-09.57.04.032637', '2007-06-04-09.37.00.898287', null, 0, '10.49.188.13', '001125D1265A', '1', 'B', null, null, '1', '0', 0, '0', '1', null, 1, 1, '1', null, null);
insert into YKT_CUR.T_PIF_PHYDEVICE (PHYTYPE, DNAME, DTYPE, FACTORY, COMMENTS)
values (1002, '汉军门禁', 'hundure', '汉军', null);
insert into YKT_CUR.T_PIF_PHYDEVICE (PHYTYPE, DNAME, DTYPE, FACTORY, COMMENTS)
values (1000, '三九设备', '999', '三九智慧', '备注');
insert into YKT_CUR.T_PIF_PHYDEVICE (PHYTYPE, DNAME, DTYPE, FACTORY, COMMENTS)
values (1001, '汇多设备', 'hd', '汇多', null);
insert into YKT_CUR.T_PIF_PHYDEVICE (PHYTYPE, DNAME, DTYPE, FACTORY, COMMENTS)
values (1003, '永拓设备', 'yt', '永拓', null);
insert into YKT_CUR.T_PIF_SYSKEY (KEY_CODE, KEY_NAME, KEY_VALUE, MAX_VALUE, KEY_TYPE)
values ('T_AIF_ACCOUNT', '账号', 0, 999999999, '0');
insert into YKT_CUR.T_PIF_SYSKEY (KEY_CODE, KEY_NAME, KEY_VALUE, MAX_VALUE, KEY_TYPE)
values ('T_PIF_CARD', '卡号', 0, 1048575, '0');
insert into YKT_CUR.T_PIF_SYSKEY (KEY_CODE, KEY_NAME, KEY_VALUE, MAX_VALUE, KEY_TYPE)
values ('T_PIF_CARDSTRUT', '卡结构', 0, 999999999, '0');
insert into YKT_CUR.T_PIF_SYSKEY (KEY_CODE, KEY_NAME, KEY_VALUE, MAX_VALUE, KEY_TYPE)
values ('T_CIF_CUSTOMER', '客户号', 0, 999999999, '0');
insert into YKT_CUR.T_PIF_SYSKEY (KEY_CODE, KEY_NAME, KEY_VALUE, MAX_VALUE, KEY_TYPE)
values ('T_CIF_SHOP', '商户号', 0, 999999999, '0');
insert into YKT_CUR.T_PIF_SYSKEY (KEY_CODE, KEY_NAME, KEY_VALUE, MAX_VALUE, KEY_TYPE)
values ('T_PIF_SUBSYSTEM', '子系统注册表', 0, 999999999, '0');
insert into YKT_CUR.T_PIF_SYSKEY (KEY_CODE, KEY_NAME, KEY_VALUE, MAX_VALUE, KEY_TYPE)
values ('T_PIF_DEVICE', '设备表', 0, 999999999, '0');
insert into YKT_CUR.T_PIF_SYSKEY (KEY_CODE, KEY_NAME, KEY_VALUE, MAX_VALUE, KEY_TYPE)
values ('T_PIF_PHYDEVICE', '设备物理结构信息',0, 999999999, '0');
insert into YKT_CUR.T_PIF_SYSKEY (KEY_CODE, KEY_NAME, KEY_VALUE, MAX_VALUE, KEY_TYPE)
values ('T_PIF_DEVTIME', '设备工作时间段设置', 0, 999999999, '0');
insert into YKT_CUR.T_PIF_SYSKEY (KEY_CODE, KEY_NAME, KEY_VALUE, MAX_VALUE, KEY_TYPE)
values ('T_PIF_DEVASSET', '设备资产表', 0, 999999999, '0');
insert into YKT_CUR.T_PIF_SYSKEY (KEY_CODE, KEY_NAME, KEY_VALUE, MAX_VALUE, KEY_TYPE)
values ('T_PIF_AREA', '区域表',0, 999999999, '0');
insert into YKT_CUR.T_PIF_SYSKEY (KEY_CODE, KEY_NAME, KEY_VALUE, MAX_VALUE, KEY_TYPE)
values ('T_CIF_SHOP_POS', '设备商户编号', 0, 999999999, '0');
insert into YKT_CUR.T_PIF_SYSKEY (KEY_CODE, KEY_NAME, KEY_VALUE, MAX_VALUE, KEY_TYPE)
values ('T_TIF_COSUME_HIS', '消费历史表', 0, 999999999, '0');
insert into YKT_CUR.T_PIF_SYSKEY (KEY_CODE, KEY_NAME, KEY_VALUE, MAX_VALUE, KEY_TYPE)
values ('T_TIF_CHECKOUT_HIS', '结账历史表', 10, 999999999, '0');
insert into YKT_CUR.T_PIF_SYSKEY (KEY_CODE, KEY_NAME, KEY_VALUE, MAX_VALUE, KEY_TYPE)
values ('T_TIF_CHECKOUT_CUR', '当前结账流水表', 65477, 999999999, '0');
insert into YKT_CUR.T_PIF_SYSKEY (KEY_CODE, KEY_NAME, KEY_VALUE, MAX_VALUE, KEY_TYPE)
values ('T_TIF_TRADESERIAL', '消费流水表', 10, 999999999, '0');
insert into YKT_CUR.T_PIF_SYSKEY (KEY_CODE, KEY_NAME, KEY_VALUE, MAX_VALUE, KEY_TYPE)
values ('T_TIF_MESLIST', '消息队列', 10, 999999999, '0');
insert into YKT_CUR.T_PIF_SYSKEY (KEY_CODE, KEY_NAME, KEY_VALUE, MAX_VALUE, KEY_TYPE)
values ('T_MIF_DEVMONITOR', '监控设备表', 10, 999999999, '0');
insert into YKT_CUR.T_PIF_SYSKEY (KEY_CODE, KEY_NAME, KEY_VALUE, MAX_VALUE, KEY_TYPE)
values ('T_MIF_CONSUME', '监控异常消费流水', 10, 999999999, '0');
insert into YKT_CUR.T_PIF_SYSKEY (KEY_CODE, KEY_NAME, KEY_VALUE, MAX_VALUE, KEY_TYPE)
values ('T_MIF_TRAN', '监控异常转帐流水', 10, 999999999, '0');
insert into YKT_CUR.T_PIF_SYSKEY (KEY_CODE, KEY_NAME, KEY_VALUE, MAX_VALUE, KEY_TYPE)
values ('T_MIF_CARDOPERATE', '监控异常卡操作流水', 10, 999999999, '0');
insert into YKT_CUR.T_PIF_SYSKEY (KEY_CODE, KEY_NAME, KEY_VALUE, MAX_VALUE, KEY_TYPE)
values ('T_MIF_CARDDBINCON', '监控卡库不平异常表', 10, 999999999, '0');
insert into YKT_CUR.T_PIF_SYSKEY (KEY_CODE, KEY_NAME, KEY_VALUE, MAX_VALUE, KEY_TYPE)
values ('T_MIF_SYSSTATE', '监控系统状态异常表', 10, 999999999, '0');
insert into YKT_CUR.T_PIF_SYSKEY (KEY_CODE, KEY_NAME, KEY_VALUE, MAX_VALUE, KEY_TYPE)
values ('T_MIF_ALARMOP', '报警处理记录表', 10, 999999999, '0');
insert into YKT_CUR.T_PIF_SYSKEY (KEY_CODE, KEY_NAME, KEY_VALUE, MAX_VALUE, KEY_TYPE)
values ('T_MIF_TRADESERIALERROR', '监控交易流水异常表', 10, 999999999, '0');
insert into YKT_CUR.T_PIF_SYSKEY (KEY_CODE, KEY_NAME, KEY_VALUE, MAX_VALUE, KEY_TYPE)
values ('T_MIF_TRADESERIAL', '交易流水表', 10, 999999999, '0');
insert into YKT_CUR.T_PIF_SYSKEY (KEY_CODE, KEY_NAME, KEY_VALUE, MAX_VALUE, KEY_TYPE)
values ('TMP_PERSON_ID', '临时人员ID', 10, 999999999, '0');
insert into YKT_CUR.T_PIF_SYSKEY (KEY_CODE, KEY_NAME, KEY_VALUE, MAX_VALUE, KEY_TYPE)
values ('T_TIF_CUT_INFO_UPDATE', '客户信息更新记录表', 1, 99999999, '1');
insert into YKT_CUR.T_PIF_SYSKEY (KEY_CODE, KEY_NAME, KEY_VALUE, MAX_VALUE, KEY_TYPE)
values ('T_DOOR_CARDLIST', '门禁机人员名单表版本号', 0, 9999999, '1');
insert into YKT_CUR.T_PIF_SYSKEY (KEY_CODE, KEY_NAME, KEY_VALUE, MAX_VALUE, KEY_TYPE)
values ('T_DOOR_HOLIDAY', '门禁节假日', 10, 99999999, '0');
insert into YKT_CUR.T_PIF_SYSKEY (KEY_CODE, KEY_NAME, KEY_VALUE, MAX_VALUE, KEY_TYPE)
values ('T_DOOR_DEVICE_HOLIDAY_VER', '门禁机节假日版本', 0, 99999999, '1');
insert into YKT_CUR.T_PIF_SYSKEY (KEY_CODE, KEY_NAME, KEY_VALUE, MAX_VALUE, KEY_TYPE)
values ('T_DOOR_DEVICE_WORKTIME', '门禁机时间段', 10, 999999999, '0');
insert into YKT_CUR.T_PIF_SYSKEY (KEY_CODE, KEY_NAME, KEY_VALUE, MAX_VALUE, KEY_TYPE)
values ('T_PIF_MEAL_TYPE', '餐次定义', 10, 999999, '0');
insert into YKT_CUR.T_PIF_SYSKEY (KEY_CODE, KEY_NAME, KEY_VALUE, MAX_VALUE, KEY_TYPE)
values ('T_TIF_WRITEFAILED', '写卡失败表', 15, 999999999, '0');
insert into YKT_CUR.T_PIF_SYSKEY (KEY_CODE, KEY_NAME, KEY_VALUE, MAX_VALUE, KEY_TYPE)
values ('T_TIF_DEVICE_COLLECT_LOG', '设备采集标示表', 10, 999999999, '0');
insert into YKT_CUR.T_PIF_SYSKEY (KEY_CODE, KEY_NAME, KEY_VALUE, MAX_VALUE, KEY_TYPE)
values ('T_ATTSERIAL', '门禁流水号', 10, 999999999, '0');
insert into YKT_CUR.T_PIF_SYSKEY (KEY_CODE, KEY_NAME, KEY_VALUE, MAX_VALUE, KEY_TYPE)
values ('ISBP_SERIALNO', 'ISBP报盘文件序号', 1, 99999, '0');
insert into YKT_CUR.T_PIF_SYSKEY (KEY_CODE, KEY_NAME, KEY_VALUE, MAX_VALUE, KEY_TYPE)
values ('TIF_SUBSIDY_NO', '补助批次号', 1, 65535, '0');
update T_PIF_SYSKEY set KEY_VALUE=10;


insert into YKT_CUR.T_PIF_TRADECODE (TRADECODE, TRADEMSG, SPLITCFG, FLAG)
values (847132, '补贴下发', null, null);
insert into YKT_CUR.T_PIF_TRADECODE (TRADECODE, TRADEMSG, SPLITCFG, FLAG)
values (847140, '扣款下发', null, null);
insert into YKT_CUR.T_PIF_TRADECODE (TRADECODE, TRADEMSG, SPLITCFG, FLAG)
values (240001, '圈存转帐', null, null);
insert into YKT_CUR.T_PIF_TRADECODE (TRADECODE, TRADEMSG, SPLITCFG, FLAG)
values (849009, '水控钱包补写', null, null);
insert into YKT_CUR.T_PIF_TRADECODE (TRADECODE, TRADEMSG, SPLITCFG, FLAG)
values (240157, '补帐流水', null, null);
insert into YKT_CUR.T_PIF_TRADECODE (TRADECODE, TRADEMSG, SPLITCFG, FLAG)
values (847101, '发行正式卡', null, null);
insert into YKT_CUR.T_PIF_TRADECODE (TRADECODE, TRADEMSG, SPLITCFG, FLAG)
values (847105, '收回卡', null, null);
insert into YKT_CUR.T_PIF_TRADECODE (TRADECODE, TRADEMSG, SPLITCFG, FLAG)
values (847106, '校园卡充值', '1', null);
insert into YKT_CUR.T_PIF_TRADECODE (TRADECODE, TRADEMSG, SPLITCFG, FLAG)
values (843335, '商户开户', null, null);
insert into YKT_CUR.T_PIF_TRADECODE (TRADECODE, TRADEMSG, SPLITCFG, FLAG)
values (843336, '商户销户', null, null);
insert into YKT_CUR.T_PIF_TRADECODE (TRADECODE, TRADEMSG, SPLITCFG, FLAG)
values (847107, '校园卡取款', '1', null);
insert into YKT_CUR.T_PIF_TRADECODE (TRADECODE, TRADEMSG, SPLITCFG, FLAG)
values (847119, '卡写失败更新卡状态', null, null);
insert into YKT_CUR.T_PIF_TRADECODE (TRADECODE, TRADEMSG, SPLITCFG, FLAG)
values (847116, '发行过渡临时卡', null, null);
insert into YKT_CUR.T_PIF_TRADECODE (TRADECODE, TRADEMSG, SPLITCFG, FLAG)
values (847117, '冻结卡', null, null);
insert into YKT_CUR.T_PIF_TRADECODE (TRADECODE, TRADEMSG, SPLITCFG, FLAG)
values (847118, '解冻卡', null, null);
insert into YKT_CUR.T_PIF_TRADECODE (TRADECODE, TRADEMSG, SPLITCFG, FLAG)
values (847125, '发行不记名临时卡', null, null);
insert into YKT_CUR.T_PIF_TRADECODE (TRADECODE, TRADEMSG, SPLITCFG, FLAG)
values (847123, '换卡', null, null);
insert into YKT_CUR.T_PIF_TRADECODE (TRADECODE, TRADEMSG, SPLITCFG, FLAG)
values (847124, '发行记名临时卡', null, null);
insert into YKT_CUR.T_PIF_TRADECODE (TRADECODE, TRADEMSG, SPLITCFG, FLAG)
values (8471040, '补办正式卡', null, null);
insert into YKT_CUR.T_PIF_TRADECODE (TRADECODE, TRADEMSG, SPLITCFG, FLAG)
values (930001, '卡挂失', null, null);
insert into YKT_CUR.T_PIF_TRADECODE (TRADECODE, TRADEMSG, SPLITCFG, FLAG)
values (930002, '卡解挂', null, null);
insert into YKT_CUR.T_PIF_TRADECODE (TRADECODE, TRADEMSG, SPLITCFG, FLAG)
values (930003, '更改卡密码', null, null);
insert into YKT_CUR.T_PIF_TRADECODE (TRADECODE, TRADEMSG, SPLITCFG, FLAG)
values (930031, '消费', '1', null);
insert into YKT_CUR.T_PIF_TRADECODE (TRADECODE, TRADEMSG, SPLITCFG, FLAG)
values (930033, '领取补助', '1', null);
insert into YKT_CUR.T_PIF_TRADECODE (TRADECODE, TRADEMSG, SPLITCFG, FLAG)
values (930034, 'POS充值', '1', null);
insert into YKT_CUR.T_PIF_TRADECODE (TRADECODE, TRADEMSG, SPLITCFG, FLAG)
values (930036, '充值管理流水', null, null);
insert into YKT_CUR.T_PIF_TRADECODE (TRADECODE, TRADEMSG, SPLITCFG, FLAG)
values (241011, '圈存冲正', null, null);
insert into YKT_CUR.T_PIF_TRADECODE (TRADECODE, TRADEMSG, SPLITCFG, FLAG)
values (847121, '更新卡信息', null, null);
insert into YKT_CUR.T_PIF_TRADECODE (TRADECODE, TRADEMSG, SPLITCFG, FLAG)
values (847126, '发行贵宾卡(现金)', null, null);
insert into YKT_CUR.T_PIF_TRADECODE (TRADECODE, TRADEMSG, SPLITCFG, FLAG)
values (847183, '交易冲正', null, null);
insert into YKT_CUR.T_PIF_TRADECODE (TRADECODE, TRADEMSG, SPLITCFG, FLAG)
values (847127, '手工借贷', null, null);
insert into YKT_CUR.T_PIF_TRADECODE (TRADECODE, TRADEMSG, SPLITCFG, FLAG)
values (240104, '领取补贴', '1', null);
insert into YKT_CUR.T_PIF_TRADECODE (TRADECODE, TRADEMSG, SPLITCFG, FLAG)
values (847202, '水控充值', null, null);
insert into YKT_CUR.T_PIF_TRADECODE (TRADECODE, TRADEMSG, SPLITCFG, FLAG)
values (847201, '水控转账', null, '1');
insert into YKT_CUR.T_PIF_TRADECODE (TRADECODE, TRADEMSG, SPLITCFG, FLAG)
values (847206, '电控转账', null, '1');
insert into YKT_CUR.T_PIF_TRADECODE (TRADECODE, TRADEMSG, SPLITCFG, FLAG)
values (847226, '发行授权卡', null, null);
insert into YKT_CUR.T_PIF_TRADECODE (TRADECODE, TRADEMSG, SPLITCFG, FLAG)
values (847227, '回收授权卡', null, null);
insert into YKT_CUR.T_PIF_TRADECODE (TRADECODE, TRADEMSG, SPLITCFG, FLAG)
values (847228, '更新授权卡', null, null);
insert into YKT_CUR.T_PIF_TRADECODE (TRADECODE, TRADEMSG, SPLITCFG, FLAG)
values (847229, '挂失授权卡', null, null);
insert into YKT_CUR.T_PIF_TRADECODE (TRADECODE, TRADEMSG, SPLITCFG, FLAG)
values (847230, '解挂授权卡', null, null);
insert into YKT_CUR.T_PIF_TRADECODE (TRADECODE, TRADEMSG, SPLITCFG, FLAG)
values (847220, '充值解款', null, null);
insert into YKT_CUR.T_PIF_TRADECODE (TRADECODE, TRADEMSG, SPLITCFG, FLAG)
values (847221, '充值解款冲正', null, null);
insert into YKT_CUR.T_PIF_TRADECODE (TRADECODE, TRADEMSG, SPLITCFG, FLAG)
values (847222, '商户消费解款', null, null);
insert into YKT_CUR.T_PIF_TRADECODE (TRADECODE, TRADEMSG, SPLITCFG, FLAG)
values (847223, '商户消费解款冲正', null, null);
insert into YKT_CUR.T_PIF_TRADECODE (TRADECODE, TRADEMSG, SPLITCFG, FLAG)
values (847300, '小钱包充值', null, null);
insert into YKT_CUR.T_PIF_TRADECODE (TRADECODE, TRADEMSG, SPLITCFG, FLAG)
values (847301, '水控转账', null, '1');
insert into YKT_CUR.T_PIF_TRADECODE (TRADECODE, TRADEMSG, SPLITCFG, FLAG)
values (847306, '采集金额', null, null);
insert into YKT_CUR.T_PIF_TRADECODE (TRADECODE, TRADEMSG, SPLITCFG, FLAG)
values (930030, '前置水控转帐', null, null);
insert into YKT_CUR.T_PIF_TRADECODE (TRADECODE, TRADEMSG, SPLITCFG, FLAG)
values (847134, '电控转账', null, null);
insert into YKT_CUR.T_PIF_TRADECODE (TRADECODE, TRADEMSG, SPLITCFG, FLAG)
values (847233, '考试报名', null, null);

insert into YKT_CUR.T_TIF_CFGSPLIT (TXTYPE, TXNAME, DBFLAG, CRFLAG, DBSUBNO, CRSUBNO, DBACTNO, CRACTNO, FUNDTYPE, SUMMARY)
values (1, '现金充值', 2, 1, '101', '201', '1011', null, null, null);
insert into YKT_CUR.T_TIF_CFGSPLIT (TXTYPE, TXNAME, DBFLAG, CRFLAG, DBSUBNO, CRSUBNO, DBACTNO, CRACTNO, FUNDTYPE, SUMMARY)
values (2, '支票充值', 2, 1, '103', '201', '1031', null, null, null);
insert into YKT_CUR.T_TIF_CFGSPLIT (TXTYPE, TXNAME, DBFLAG, CRFLAG, DBSUBNO, CRSUBNO, DBACTNO, CRACTNO, FUNDTYPE, SUMMARY)
values (3, '经费本充值', 2, 1, '104', '201', '1041', null, null, null);
insert into YKT_CUR.T_TIF_CFGSPLIT (TXTYPE, TXNAME, DBFLAG, CRFLAG, DBSUBNO, CRSUBNO, DBACTNO, CRACTNO, FUNDTYPE, SUMMARY)
values (4, '其他充值', 2, 1, '101', '201', '1011', null, null, null);
insert into YKT_CUR.T_TIF_CFGSPLIT (TXTYPE, TXNAME, DBFLAG, CRFLAG, DBSUBNO, CRSUBNO, DBACTNO, CRACTNO, FUNDTYPE, SUMMARY)
values (5, '现金支取', 1, 2, '201', '101', null, '1011', null, null);
insert into YKT_CUR.T_TIF_CFGSPLIT (TXTYPE, TXNAME, DBFLAG, CRFLAG, DBSUBNO, CRSUBNO, DBACTNO, CRACTNO, FUNDTYPE, SUMMARY)
values (6, '支票支取', 1, 2, '201', '103', null, '1031', null, null);
insert into YKT_CUR.T_TIF_CFGSPLIT (TXTYPE, TXNAME, DBFLAG, CRFLAG, DBSUBNO, CRSUBNO, DBACTNO, CRACTNO, FUNDTYPE, SUMMARY)
values (7, '经费本支取', 1, 2, '201', '104', null, '1041', null, null);
insert into YKT_CUR.T_TIF_CFGSPLIT (TXTYPE, TXNAME, DBFLAG, CRFLAG, DBSUBNO, CRSUBNO, DBACTNO, CRACTNO, FUNDTYPE, SUMMARY)
values (8, '其他支取', 1, 2, '201', '101', null, '1011', null, null);
insert into YKT_CUR.T_TIF_CFGSPLIT (TXTYPE, TXNAME, DBFLAG, CRFLAG, DBSUBNO, CRSUBNO, DBACTNO, CRACTNO, FUNDTYPE, SUMMARY)
values (9, '预收搭伙费(现金)', 2, 1, '101', '201', '1011', null, 7, null);
insert into YKT_CUR.T_TIF_CFGSPLIT (TXTYPE, TXNAME, DBFLAG, CRFLAG, DBSUBNO, CRSUBNO, DBACTNO, CRACTNO, FUNDTYPE, SUMMARY)
values (10, '商户收搭伙费', 1, 1, '201', '202', null,null, 7, null);
insert into YKT_CUR.T_TIF_CFGSPLIT (TXTYPE, TXNAME, DBFLAG, CRFLAG, DBSUBNO, CRSUBNO, DBACTNO, CRACTNO, FUNDTYPE, SUMMARY)
values (11, '收卡成本费(现金)', 2, 2, '101', '502', '1011', '5021', null, null);
insert into YKT_CUR.T_TIF_CFGSPLIT (TXTYPE, TXNAME, DBFLAG, CRFLAG, DBSUBNO, CRSUBNO, DBACTNO, CRACTNO, FUNDTYPE, SUMMARY)
values (12, '收手续费(现金)', 2, 2, '101', '501', '1011', '5011', null, null);
insert into YKT_CUR.T_TIF_CFGSPLIT (TXTYPE, TXNAME, DBFLAG, CRFLAG, DBSUBNO, CRSUBNO, DBACTNO, CRACTNO, FUNDTYPE, SUMMARY)
values (13, '收押金(现金)', 2, 2, '101', '205', '1011', '2051', null, null);
insert into YKT_CUR.T_TIF_CFGSPLIT (TXTYPE, TXNAME, DBFLAG, CRFLAG, DBSUBNO, CRSUBNO, DBACTNO, CRACTNO, FUNDTYPE, SUMMARY)
values (14, '学校收搭伙费', 1, 2, '201', '503',null,'5031',7, null);
insert into YKT_CUR.T_TIF_CFGSPLIT (TXTYPE, TXNAME, DBFLAG, CRFLAG, DBSUBNO, CRSUBNO, DBACTNO, CRACTNO, FUNDTYPE, SUMMARY)
values (15, '食堂消费', 1, 1, '201', '202', null, null, null, null);
insert into YKT_CUR.T_TIF_CFGSPLIT (TXTYPE, TXNAME, DBFLAG, CRFLAG, DBSUBNO, CRSUBNO, DBACTNO, CRACTNO, FUNDTYPE, SUMMARY)
values (16, '退押金(现金)', 2, 2, '205', '101', '2051', '1011', null, null);
insert into YKT_CUR.T_TIF_CFGSPLIT (TXTYPE, TXNAME, DBFLAG, CRFLAG, DBSUBNO, CRSUBNO, DBACTNO, CRACTNO, FUNDTYPE, SUMMARY)
values (17, '退搭伙费(现金)', 1, 2, '201', '101', null, '1011', 7, null);
insert into YKT_CUR.T_TIF_CFGSPLIT (TXTYPE, TXNAME, DBFLAG, CRFLAG, DBSUBNO, CRSUBNO, DBACTNO, CRACTNO, FUNDTYPE, SUMMARY)
values (18, '扣卡余额', 1, 2, '201', '504', null, '5041', null, null);
insert into YKT_CUR.T_TIF_CFGSPLIT (TXTYPE, TXNAME, DBFLAG, CRFLAG, DBSUBNO, CRSUBNO, DBACTNO, CRACTNO, FUNDTYPE, SUMMARY)
values (19, '扣搭伙费', 1, 2, '201', '504', null, '5041', 7, null);
insert into YKT_CUR.T_TIF_CFGSPLIT (TXTYPE, TXNAME, DBFLAG, CRFLAG, DBSUBNO, CRSUBNO, DBACTNO, CRACTNO, FUNDTYPE, SUMMARY)
values (20, '扣押金', 2, 2, '205', '502', '2051', '5021', null, null);
insert into YKT_CUR.T_TIF_CFGSPLIT (TXTYPE, TXNAME, DBFLAG, CRFLAG, DBSUBNO, CRSUBNO, DBACTNO, CRACTNO, FUNDTYPE, SUMMARY)
values (21, '银行转账', 2, 1, '102', '201', '1021', null, null, null);
insert into YKT_CUR.T_TIF_CFGSPLIT (TXTYPE, TXNAME, DBFLAG, CRFLAG, DBSUBNO, CRSUBNO, DBACTNO, CRACTNO, FUNDTYPE, SUMMARY)
values (23, '领取补助', 2, 1, '207', '201', '2071', null, null, null);
insert into YKT_CUR.T_TIF_CFGSPLIT (TXTYPE, TXNAME, DBFLAG, CRFLAG, DBSUBNO, CRSUBNO, DBACTNO, CRACTNO, FUNDTYPE, SUMMARY)
values (22, '转帐预收搭伙费', 2, 1, '102', '201', '1021', null, 7, null);
insert into YKT_CUR.T_TIF_CFGSPLIT (TXTYPE, TXNAME, DBFLAG, CRFLAG, DBSUBNO, CRSUBNO, DBACTNO, CRACTNO, FUNDTYPE, SUMMARY)
values (24, '下发补助(现金)', 2, 2, '101', '207', '1011', '2071', null, null);
insert into YKT_CUR.T_TIF_CFGSPLIT (TXTYPE, TXNAME, DBFLAG, CRFLAG, DBSUBNO, CRSUBNO, DBACTNO, CRACTNO, FUNDTYPE, SUMMARY)
values (25, '预收搭伙费(支票)', 2, 1, '103', '201', '1031', null, 7, null);
insert into YKT_CUR.T_TIF_CFGSPLIT (TXTYPE, TXNAME, DBFLAG, CRFLAG, DBSUBNO, CRSUBNO, DBACTNO, CRACTNO, FUNDTYPE, SUMMARY)
values (26, '预收搭伙费(经费本)', 2, 1, '104', '201', '1041', null, 7, null);
insert into YKT_CUR.T_TIF_CFGSPLIT (TXTYPE, TXNAME, DBFLAG, CRFLAG, DBSUBNO, CRSUBNO, DBACTNO, CRACTNO, FUNDTYPE, SUMMARY)
values (29, '收卡成本费(支票)', 2, 2, '103', '502', '1031', '5021', null, null);
insert into YKT_CUR.T_TIF_CFGSPLIT (TXTYPE, TXNAME, DBFLAG, CRFLAG, DBSUBNO, CRSUBNO, DBACTNO, CRACTNO, FUNDTYPE, SUMMARY)
values (30, '收卡成本费(经费本)', 2, 2, '104', '502', '1041', '5021', null, null);
insert into YKT_CUR.T_TIF_CFGSPLIT (TXTYPE, TXNAME, DBFLAG, CRFLAG, DBSUBNO, CRSUBNO, DBACTNO, CRACTNO, FUNDTYPE, SUMMARY)
values (27, '收手续费(支票)', 2, 2, '103', '501', '1031', '5011', null, null);
insert into YKT_CUR.T_TIF_CFGSPLIT (TXTYPE, TXNAME, DBFLAG, CRFLAG, DBSUBNO, CRSUBNO, DBACTNO, CRACTNO, FUNDTYPE, SUMMARY)
values (28, '收手续费(经费本)', 2, 2, '104', '501', '1041', '5011', null, null);
insert into YKT_CUR.T_TIF_CFGSPLIT (TXTYPE, TXNAME, DBFLAG, CRFLAG, DBSUBNO, CRSUBNO, DBACTNO, CRACTNO, FUNDTYPE, SUMMARY)
values (31, '收押金(支票)', 2, 2, '103', '205', '1031', '2051', null, null);
insert into YKT_CUR.T_TIF_CFGSPLIT (TXTYPE, TXNAME, DBFLAG, CRFLAG, DBSUBNO, CRSUBNO, DBACTNO, CRACTNO, FUNDTYPE, SUMMARY)
values (32, '收押金(经费本)', 2, 2, '104', '205', '1041', '2051', null, null);
insert into YKT_CUR.T_TIF_CFGSPLIT (TXTYPE, TXNAME, DBFLAG, CRFLAG, DBSUBNO, CRSUBNO, DBACTNO, CRACTNO, FUNDTYPE, SUMMARY)
values (54, '水控转账', 1, 1, '201', '202', null, null, null, null);
insert into YKT_CUR.T_TIF_CFGSPLIT (TXTYPE, TXNAME, DBFLAG, CRFLAG, DBSUBNO, CRSUBNO, DBACTNO, CRACTNO, FUNDTYPE, SUMMARY)
values (35, '退押金(支票)', 2, 2, '205', '103', '2051', '1031', null, null);
insert into YKT_CUR.T_TIF_CFGSPLIT (TXTYPE, TXNAME, DBFLAG, CRFLAG, DBSUBNO, CRSUBNO, DBACTNO, CRACTNO, FUNDTYPE, SUMMARY)
values (36, '退押金(经费本)', 2, 2, '205', '104', '2051', '1041', null, null);
insert into YKT_CUR.T_TIF_CFGSPLIT (TXTYPE, TXNAME, DBFLAG, CRFLAG, DBSUBNO, CRSUBNO, DBACTNO, CRACTNO, FUNDTYPE, SUMMARY)
values (37, '退搭伙费(支票)', 1, 2, '201', '103', null, '1031', 7, null);
insert into YKT_CUR.T_TIF_CFGSPLIT (TXTYPE, TXNAME, DBFLAG, CRFLAG, DBSUBNO, CRSUBNO, DBACTNO, CRACTNO, FUNDTYPE, SUMMARY)
values (38, '退搭伙费(经费本)', 1, 2, '201', '104', null, '1041', 7, null);
insert into YKT_CUR.T_TIF_CFGSPLIT (TXTYPE, TXNAME, DBFLAG, CRFLAG, DBSUBNO, CRSUBNO, DBACTNO, CRACTNO, FUNDTYPE, SUMMARY)
values (39, '退手续费(现金)', 2, 2, '501', '101', '5011', '1011', null, null);
insert into YKT_CUR.T_TIF_CFGSPLIT (TXTYPE, TXNAME, DBFLAG, CRFLAG, DBSUBNO, CRSUBNO, DBACTNO, CRACTNO, FUNDTYPE, SUMMARY)
values (41, '退手续费(经费本)', 2, 2, '501', '104', '5011', '1041', null, null);
insert into YKT_CUR.T_TIF_CFGSPLIT (TXTYPE, TXNAME, DBFLAG, CRFLAG, DBSUBNO, CRSUBNO, DBACTNO, CRACTNO, FUNDTYPE, SUMMARY)
values (40, '退手续费(支票)', 2, 2, '501', '103', '5011', '1031', null, null);
insert into YKT_CUR.T_TIF_CFGSPLIT (TXTYPE, TXNAME, DBFLAG, CRFLAG, DBSUBNO, CRSUBNO, DBACTNO, CRACTNO, FUNDTYPE, SUMMARY)
values (42, '退卡成本费(现金)', 2, 2, '502', '101', '5021', '1011', null, null);
insert into YKT_CUR.T_TIF_CFGSPLIT (TXTYPE, TXNAME, DBFLAG, CRFLAG, DBSUBNO, CRSUBNO, DBACTNO, CRACTNO, FUNDTYPE, SUMMARY)
values (43, '退卡成本费(支票)', 2, 2, '502', '103', '5021', '1031', null, null);
insert into YKT_CUR.T_TIF_CFGSPLIT (TXTYPE, TXNAME, DBFLAG, CRFLAG, DBSUBNO, CRSUBNO, DBACTNO, CRACTNO, FUNDTYPE, SUMMARY)
values (44, '退卡成本费(经费本)', 2, 2, '502', '104', '5021', '1041', null, null);
insert into YKT_CUR.T_TIF_CFGSPLIT (TXTYPE, TXNAME, DBFLAG, CRFLAG, DBSUBNO, CRSUBNO, DBACTNO, CRACTNO, FUNDTYPE, SUMMARY)
values (48, '手工借贷', 1, 1, null, null, null, null, null, null);
insert into YKT_CUR.T_TIF_CFGSPLIT (TXTYPE, TXNAME, DBFLAG, CRFLAG, DBSUBNO, CRSUBNO, DBACTNO, CRACTNO, FUNDTYPE, SUMMARY)
values (49, '下发补助(支票)', 2, 2, '103', '207', '1031', '2071', null, null);
insert into YKT_CUR.T_TIF_CFGSPLIT (TXTYPE, TXNAME, DBFLAG, CRFLAG, DBSUBNO, CRSUBNO, DBACTNO, CRACTNO, FUNDTYPE, SUMMARY)
values (50, '下发补助(经费本)', 2, 2, '104', '207', '1041', '2071', null, null);
insert into YKT_CUR.T_TIF_CFGSPLIT (TXTYPE, TXNAME, DBFLAG, CRFLAG, DBSUBNO, CRSUBNO, DBACTNO, CRACTNO, FUNDTYPE, SUMMARY)
values (51, '补助预收搭伙费(现金)', 2, 1, '207', '201', '2071', null, 7, null);
insert into YKT_CUR.T_TIF_CFGSPLIT (TXTYPE, TXNAME, DBFLAG, CRFLAG, DBSUBNO, CRSUBNO, DBACTNO, CRACTNO, FUNDTYPE, SUMMARY)
values (52, '补助预收搭伙费(支票)', 2, 1, '207', '201', '2071', null, 7, null);
insert into YKT_CUR.T_TIF_CFGSPLIT (TXTYPE, TXNAME, DBFLAG, CRFLAG, DBSUBNO, CRSUBNO, DBACTNO, CRACTNO, FUNDTYPE, SUMMARY)
values (53, '补助预收搭伙费(经费本)', 2, 1, '207', '201', '2071', null, 7, null);
insert into YKT_CUR.T_TIF_CFGSPLIT (TXTYPE, TXNAME, DBFLAG, CRFLAG, DBSUBNO, CRSUBNO, DBACTNO, CRACTNO, FUNDTYPE, SUMMARY)
values (55, '电控转账', 1, 1, '201', '202', null, null, null, null);
insert into YKT_CUR.T_TIF_CFGSPLIT (TXTYPE, TXNAME, DBFLAG, CRFLAG, DBSUBNO, CRSUBNO, DBACTNO, CRACTNO, FUNDTYPE, SUMMARY)
values (57, '消费解款', 1, 2, '202', '102', null, '1021', null, null);
insert into YKT_CUR.T_TIF_CFGSPLIT (TXTYPE, TXNAME, DBFLAG, CRFLAG, DBSUBNO, CRSUBNO, DBACTNO, CRACTNO, FUNDTYPE, SUMMARY)
values (58, '充值解款', 2, 2, '102', '101', '1021', '1011', null, null);
insert into YKT_CUR.T_TIF_CFGSPLIT (TXTYPE, TXNAME, DBFLAG, CRFLAG, DBSUBNO, CRSUBNO, DBACTNO, CRACTNO, FUNDTYPE, SUMMARY)
values (56, '采集总额', 2, 1, '208', '202', '2081', null, null, null);
INSERT INTO YKT_CUR.T_TIF_CFGSPLIT (TXTYPE, TXNAME, DBFLAG, CRFLAG, DBSUBNO, CRSUBNO, DBACTNO, CRACTNO, FUNDTYPE, SUMMARY) 
VALUES (62, '批量下发扣款', 2, 2, '122', '506', '1221', '5061', NULL, NULL); 
INSERT INTO YKT_CUR.T_TIF_CFGSPLIT (TXTYPE, TXNAME, DBFLAG, CRFLAG, DBSUBNO, CRSUBNO, DBACTNO, CRACTNO, FUNDTYPE, SUMMARY) 
VALUES (63, '领取扣款', 1, 2, '201', '122', NULL, '1221', NULL, NULL); 

insert into YKT_CUR.T_TIF_CFGTXFEE (FEE_TYPE, TX_CODE, FEE_LIST, IDXDBACTNO_LIST, IDXCRACTNO_LIST, FORMULA_LIST)
values (0, 847105, '18,19,20,5,17,16,6,37,35,7,38,36', null, null, '$0*(1-@5),$0*(1-@5),$2*(1-@6),$0*@5*@1,$1*@5*@1,$2*@6*@1,$0*@5*@2,$1*@5*@2,$2*@6*@2,$0*@5*@3,$1*@5*@3,$2*@6*@3');
insert into YKT_CUR.T_TIF_CFGTXFEE (FEE_TYPE, TX_CODE, FEE_LIST, IDXDBACTNO_LIST, IDXCRACTNO_LIST, FORMULA_LIST)
values (0, 847132, '24,49,50,', null, null, '$0*@1,$0*@2,$0*@3,$0*@4');
insert into YKT_CUR.T_TIF_CFGTXFEE (FEE_TYPE, TX_CODE, FEE_LIST, IDXDBACTNO_LIST, IDXCRACTNO_LIST, FORMULA_LIST)
values (0, 847107, '5,6,7', '0,0,0', null, '$0*@1,$0*@2,$0*@3');
insert into YKT_CUR.T_TIF_CFGTXFEE (FEE_TYPE, TX_CODE, FEE_LIST, IDXDBACTNO_LIST, IDXCRACTNO_LIST, FORMULA_LIST)
values (18, 847124, '12,13,9,1,27,31,25,2,28,32,26,3', null, '-1,-1,0,0,-1,-1,0,0,-1,-1,0,0', '0*@1,15*@1,($0-0-15)*0.1*@1,($0-15-($0-0-15)*0.1)*@1,0*@2,15*@2,($0-0-15)*0*@2,($0-0-15-($0-0-30)*0.1)*@2,0*@3,15*@3,($0-0-15)*0.1*@3,($0-0-15-($0-0-15)*0.1)*@3');
insert into YKT_CUR.T_TIF_CFGTXFEE (FEE_TYPE, TX_CODE, FEE_LIST, IDXDBACTNO_LIST, IDXCRACTNO_LIST, FORMULA_LIST)
values (18, 847125, '13,9,1', null, '-1,0,0', '15,($0-15)*0.1,$0-15-($0-15)*0.1');
insert into YKT_CUR.T_TIF_CFGTXFEE (FEE_TYPE, TX_CODE, FEE_LIST, IDXDBACTNO_LIST, IDXCRACTNO_LIST, FORMULA_LIST)
values (19, 847126, '11,1,29,2,30,3', null, '-1,0,-1,0,-1,0', '0*@1,($0-0)*@1,0*@2,($0-0)*@2,0*@3,($0-0)*@3');
insert into YKT_CUR.T_TIF_CFGTXFEE (FEE_TYPE, TX_CODE, FEE_LIST, IDXDBACTNO_LIST, IDXCRACTNO_LIST, FORMULA_LIST)
values (0, 930031, '15', '0', '1', '$0');
insert into YKT_CUR.T_TIF_CFGTXFEE (FEE_TYPE, TX_CODE, FEE_LIST, IDXDBACTNO_LIST, IDXCRACTNO_LIST, FORMULA_LIST)
values (12, 847101, '1,2,3', null, '0,0,0', '$0*@1,$0*@2,$0*@3');
insert into YKT_CUR.T_TIF_CFGTXFEE (FEE_TYPE, TX_CODE, FEE_LIST, IDXDBACTNO_LIST, IDXCRACTNO_LIST, FORMULA_LIST)
values (0, 930034, '1', null, '0', '$0');
insert into YKT_CUR.T_TIF_CFGTXFEE (FEE_TYPE, TX_CODE, FEE_LIST, IDXDBACTNO_LIST, IDXCRACTNO_LIST, FORMULA_LIST)
values (0, 930036, '9', null, '0', '$0');
insert into YKT_CUR.T_TIF_CFGTXFEE (FEE_TYPE, TX_CODE, FEE_LIST, IDXDBACTNO_LIST, IDXCRACTNO_LIST, FORMULA_LIST)
values (11, 847101, '1,2,3', null, '0,0,0', '$0*@1,$0*@2,$0*@3');
insert into YKT_CUR.T_TIF_CFGTXFEE (FEE_TYPE, TX_CODE, FEE_LIST, IDXDBACTNO_LIST, IDXCRACTNO_LIST, FORMULA_LIST)
values (0, 847183, '15', '0', '1', '$0');
insert into YKT_CUR.T_TIF_CFGTXFEE (FEE_TYPE, TX_CODE, FEE_LIST, IDXDBACTNO_LIST, IDXCRACTNO_LIST, FORMULA_LIST)
values (0, 8471040, '11,1', null, '-1,0', '13.5*@4,$0-13.5*@4');
insert into YKT_CUR.T_TIF_CFGTXFEE (FEE_TYPE, TX_CODE, FEE_LIST, IDXDBACTNO_LIST, IDXCRACTNO_LIST, FORMULA_LIST)
values (12, 240001, '22,21', null, '0,0', '$0*0,$0-$0*0');
insert into YKT_CUR.T_TIF_CFGTXFEE (FEE_TYPE, TX_CODE, FEE_LIST, IDXDBACTNO_LIST, IDXCRACTNO_LIST, FORMULA_LIST)
values (0, 240001, '21', null, '0', '$0');
insert into YKT_CUR.T_TIF_CFGTXFEE (FEE_TYPE, TX_CODE, FEE_LIST, IDXDBACTNO_LIST, IDXCRACTNO_LIST, FORMULA_LIST)
values (0, 847116, '13,1', null, '-1,0', '15,$0-15');
insert into YKT_CUR.T_TIF_CFGTXFEE (FEE_TYPE, TX_CODE, FEE_LIST, IDXDBACTNO_LIST, IDXCRACTNO_LIST, FORMULA_LIST)
values (1, 847127, '48', '0', '1', '$0');
insert into YKT_CUR.T_TIF_CFGTXFEE (FEE_TYPE, TX_CODE, FEE_LIST, IDXDBACTNO_LIST, IDXCRACTNO_LIST, FORMULA_LIST)
values (0, 240104, '23', null, '0', '$0');
insert into YKT_CUR.T_TIF_CFGTXFEE (FEE_TYPE, TX_CODE, FEE_LIST, IDXDBACTNO_LIST, IDXCRACTNO_LIST, FORMULA_LIST)
values (12, 240104, '22,23', null, '0,0', '$0*0,$0-$0*0');
insert into YKT_CUR.T_TIF_CFGTXFEE (FEE_TYPE, TX_CODE, FEE_LIST, IDXDBACTNO_LIST, IDXCRACTNO_LIST, FORMULA_LIST)
values (0, 847201, '54', '0', '1', '$0');
insert into YKT_CUR.T_TIF_CFGTXFEE (FEE_TYPE, TX_CODE, FEE_LIST, IDXDBACTNO_LIST, IDXCRACTNO_LIST, FORMULA_LIST)
values (0, 847206, '55', '0', '1', '$0');
insert into YKT_CUR.T_TIF_CFGTXFEE (FEE_TYPE, TX_CODE, FEE_LIST, IDXDBACTNO_LIST, IDXCRACTNO_LIST, FORMULA_LIST)
values (0, 240157, '21', null, '0', '$0');
insert into YKT_CUR.T_TIF_CFGTXFEE (FEE_TYPE, TX_CODE, FEE_LIST, IDXDBACTNO_LIST, IDXCRACTNO_LIST, FORMULA_LIST)
values (12, 240157, '22,21', null, '0,0', '$0*0,$0-$0*0');
insert into YKT_CUR.T_TIF_CFGTXFEE (FEE_TYPE, TX_CODE, FEE_LIST, IDXDBACTNO_LIST, IDXCRACTNO_LIST, FORMULA_LIST)
values (0, 847106, '1,2,3', null, '0,0,0', '$0*@1,$0*@2,$0*@3');
insert into YKT_CUR.T_TIF_CFGTXFEE (FEE_TYPE, TX_CODE, FEE_LIST, IDXDBACTNO_LIST, IDXCRACTNO_LIST, FORMULA_LIST)
values (13, 847101, '1,2,3', null, '0,0,0', '$0*@1,$0*@2,$0*@3');
insert into YKT_CUR.T_TIF_CFGTXFEE (FEE_TYPE, TX_CODE, FEE_LIST, IDXDBACTNO_LIST, IDXCRACTNO_LIST, FORMULA_LIST)
values (14, 847101, '1,2,3', null, '0,0,0', '$0*@1,$0*@2,$0*@3');
insert into YKT_CUR.T_TIF_CFGTXFEE (FEE_TYPE, TX_CODE, FEE_LIST, IDXDBACTNO_LIST, IDXCRACTNO_LIST, FORMULA_LIST)
values (15, 847101, '1,2,3', null, '0,0,0', '$0*@1,$0*@2,$0*@3');
insert into YKT_CUR.T_TIF_CFGTXFEE (FEE_TYPE, TX_CODE, FEE_LIST, IDXDBACTNO_LIST, IDXCRACTNO_LIST, FORMULA_LIST)
values (16, 847101, '1,2,3', null, '0,0,0', '$0*@1,$0*@2,$0*@3');
insert into YKT_CUR.T_TIF_CFGTXFEE (FEE_TYPE, TX_CODE, FEE_LIST, IDXDBACTNO_LIST, IDXCRACTNO_LIST, FORMULA_LIST)
values (17, 847101, '1,2,3', null, '0,0,0', '$0*@1,$0*@2,$0*@3');
insert into YKT_CUR.T_TIF_CFGTXFEE (FEE_TYPE, TX_CODE, FEE_LIST, IDXDBACTNO_LIST, IDXCRACTNO_LIST, FORMULA_LIST)
values (18, 847106, '9,1,25,2,26,3', null, '0,0,0,0,0,0', '($0*0.1)*@1,($0-$0*0.1)*@1,($0*0.1)*@2,($0-$0*0.1)*@2,($0*0.1)*@3,($0-$0*0.1)*@3');
insert into YKT_CUR.T_TIF_CFGTXFEE (FEE_TYPE, TX_CODE, FEE_LIST, IDXDBACTNO_LIST, IDXCRACTNO_LIST, FORMULA_LIST)
values (18, 930031, '15,10', '0,0', '1,1', '$0,($0*0.099)*@4');
insert into YKT_CUR.T_TIF_CFGTXFEE (FEE_TYPE, TX_CODE, FEE_LIST, IDXDBACTNO_LIST, IDXCRACTNO_LIST, FORMULA_LIST)
values (18, 847183, '15,10', '0,0', '1,1', '$0,($0*0.099)*@4');
insert into YKT_CUR.T_TIF_CFGTXFEE (FEE_TYPE, TX_CODE, FEE_LIST, IDXDBACTNO_LIST, IDXCRACTNO_LIST, FORMULA_LIST)
values (0, 847220, '58', NULL, NULL, '$0');
insert into YKT_CUR.T_TIF_CFGTXFEE (FEE_TYPE, TX_CODE, FEE_LIST, IDXDBACTNO_LIST, IDXCRACTNO_LIST, FORMULA_LIST)
values (0, 847221, '58', NULL, NULL, '$0');
insert into YKT_CUR.T_TIF_CFGTXFEE (FEE_TYPE, TX_CODE, FEE_LIST, IDXDBACTNO_LIST, IDXCRACTNO_LIST, FORMULA_LIST)
values (1, 847222, '57', '0', '-1', '$0');
insert into YKT_CUR.T_TIF_CFGTXFEE (FEE_TYPE, TX_CODE, FEE_LIST, IDXDBACTNO_LIST, IDXCRACTNO_LIST, FORMULA_LIST)
values (1, 847223, '57', '0', '-1', '$0');
insert into YKT_CUR.T_TIF_CFGTXFEE (FEE_TYPE, TX_CODE, FEE_LIST, IDXDBACTNO_LIST, IDXCRACTNO_LIST, FORMULA_LIST)
values (17, 240001, '1,10', null, null, '$0*0,$0*0-@3');
insert into YKT_CUR.T_TIF_CFGTXFEE (FEE_TYPE, TX_CODE, FEE_LIST, IDXDBACTNO_LIST, IDXCRACTNO_LIST, FORMULA_LIST)
values (0, 847301, '54', '0', '-1', '$0');
insert into YKT_CUR.T_TIF_CFGTXFEE (FEE_TYPE, TX_CODE, FEE_LIST, IDXDBACTNO_LIST, IDXCRACTNO_LIST, FORMULA_LIST)
values (0, 847306, '56', '-1', '1', '$0');
insert into YKT_CUR.T_TIF_CFGTXFEE (FEE_TYPE, TX_CODE, FEE_LIST, IDXDBACTNO_LIST, IDXCRACTNO_LIST, FORMULA_LIST)
values (0, 930030, '54', '0', '-1', '$0');
insert into YKT_CUR.T_TIF_SUBJECT (SUBNO, SUBNAME, SUBTYPE, DIRECT, KIND, FATHER, "LEVEL", ENDFLAG, SPARE1, SPARE2, SPARE3)
values ('101', '现金', 1, 1, 0, '0', 1, 1, '100', null, null);
insert into YKT_CUR.T_TIF_SUBJECT (SUBNO, SUBNAME, SUBTYPE, DIRECT, KIND, FATHER, "LEVEL", ENDFLAG, SPARE1, SPARE2, SPARE3)
values ('102', '银行存款', 1, 1, 0, '0', 1, 1, '110', null, null);
insert into YKT_CUR.T_TIF_SUBJECT (SUBNO, SUBNAME, SUBTYPE, DIRECT, KIND, FATHER, "LEVEL", ENDFLAG, SPARE1, SPARE2, SPARE3)
values ('204', '财务划拨', 2, 2, 0, '212', 2, 1, '220', null, null);
insert into YKT_CUR.T_TIF_SUBJECT (SUBNO, SUBNAME, SUBTYPE, DIRECT, KIND, FATHER, "LEVEL", ENDFLAG, SPARE1, SPARE2, SPARE3)
values ('201', '卡户存款', 2, 2, 0, '218', 2, 1, '250', null, null);
insert into YKT_CUR.T_TIF_SUBJECT (SUBNO, SUBNAME, SUBTYPE, DIRECT, KIND, FATHER, "LEVEL", ENDFLAG, SPARE1, SPARE2, SPARE3)
values ('202', '商户营业额', 2, 2, 0, '212', 2, 1, '210', null, null);
insert into YKT_CUR.T_TIF_SUBJECT (SUBNO, SUBNAME, SUBTYPE, DIRECT, KIND, FATHER, "LEVEL", ENDFLAG, SPARE1, SPARE2, SPARE3)
values ('203', '银行划拨', 2, 2, 0, '212', 2, 1, '230', null, null);
insert into YKT_CUR.T_TIF_SUBJECT (SUBNO, SUBNAME, SUBTYPE, DIRECT, KIND, FATHER, "LEVEL", ENDFLAG, SPARE1, SPARE2, SPARE3)
values ('205', '卡户押金', 2, 2, 0, '218', 2, 1, '260', null, null);
insert into YKT_CUR.T_TIF_SUBJECT (SUBNO, SUBNAME, SUBTYPE, DIRECT, KIND, FATHER, "LEVEL", ENDFLAG, SPARE1, SPARE2, SPARE3)
values ('206', '其他应付款', 2, 2, 0, '218', 2, 1, '280', null, null);
insert into YKT_CUR.T_TIF_SUBJECT (SUBNO, SUBNAME, SUBTYPE, DIRECT, KIND, FATHER, "LEVEL", ENDFLAG, SPARE1, SPARE2, SPARE3)
values ('501', '办卡管理费', 5, 2, 0, '530', 2, 1, '510', null, null);
insert into YKT_CUR.T_TIF_SUBJECT (SUBNO, SUBNAME, SUBTYPE, DIRECT, KIND, FATHER, "LEVEL", ENDFLAG, SPARE1, SPARE2, SPARE3)
values ('502', '卡成本费', 5, 2, 0, '530', 2, 1, '520', null, null);
insert into YKT_CUR.T_TIF_SUBJECT (SUBNO, SUBNAME, SUBTYPE, DIRECT, KIND, FATHER, "LEVEL", ENDFLAG, SPARE1, SPARE2, SPARE3)
values ('503', '搭伙费', 5, 2, 0, '530', 2, 1, '530', null, null);
insert into YKT_CUR.T_TIF_SUBJECT (SUBNO, SUBNAME, SUBTYPE, DIRECT, KIND, FATHER, "LEVEL", ENDFLAG, SPARE1, SPARE2, SPARE3)
values ('504', '退卡盈余', 5, 2, 0, '530', 2, 1, '540', null, null);
insert into YKT_CUR.T_TIF_SUBJECT (SUBNO, SUBNAME, SUBTYPE, DIRECT, KIND, FATHER, "LEVEL", ENDFLAG, SPARE1, SPARE2, SPARE3)
values ('207', '待领取补助', 2, 2, 0, '218', 2, 1, '270', null, null);
insert into YKT_CUR.T_TIF_SUBJECT (SUBNO, SUBNAME, SUBTYPE, DIRECT, KIND, FATHER, "LEVEL", ENDFLAG, SPARE1, SPARE2, SPARE3)
values ('103', '支票', 1, 1, 0, '111', 2, 1, '130', null, null);
insert into YKT_CUR.T_TIF_SUBJECT (SUBNO, SUBNAME, SUBTYPE, DIRECT, KIND, FATHER, "LEVEL", ENDFLAG, SPARE1, SPARE2, SPARE3)
values ('104', '经费本', 1, 1, 0, '111', 2, 1, '140', null, null);
insert into YKT_CUR.T_TIF_SUBJECT (SUBNO, SUBNAME, SUBTYPE, DIRECT, KIND, FATHER, "LEVEL", ENDFLAG, SPARE1, SPARE2, SPARE3)
values ('121', '应收暂付款', 1, 1, 0, '0', 1, 2, '150', null, null);
insert into YKT_CUR.T_TIF_SUBJECT (SUBNO, SUBNAME, SUBTYPE, DIRECT, KIND, FATHER, "LEVEL", ENDFLAG, SPARE1, SPARE2, SPARE3)
values ('122', '应收扣款', 1, 1, 0, '0', 1, 1, '155', null, null);
insert into YKT_CUR.T_TIF_SUBJECT (SUBNO, SUBNAME, SUBTYPE, DIRECT, KIND, FATHER, "LEVEL", ENDFLAG, SPARE1, SPARE2, SPARE3)
values ('111', '应收票据', 1, 1, 0, '0', 1, 2, '120', null, null);
insert into YKT_CUR.T_TIF_SUBJECT (SUBNO, SUBNAME, SUBTYPE, DIRECT, KIND, FATHER, "LEVEL", ENDFLAG, SPARE1, SPARE2, SPARE3)
values ('212', '应付帐款', 2, 2, 0, '0', 1, 2, '200', null, null);
insert into YKT_CUR.T_TIF_SUBJECT (SUBNO, SUBNAME, SUBTYPE, DIRECT, KIND, FATHER, "LEVEL", ENDFLAG, SPARE1, SPARE2, SPARE3)
values ('218', '其他应付款', 2, 2, 0, '0', 1, 2, '240', null, null);
insert into YKT_CUR.T_TIF_SUBJECT (SUBNO, SUBNAME, SUBTYPE, DIRECT, KIND, FATHER, "LEVEL", ENDFLAG, SPARE1, SPARE2, SPARE3)
values ('530', '营业外收入', 5, 2, 0, '0', 1, 2, '500', null, null);
insert into YKT_CUR.T_TIF_SUBJECT (SUBNO, SUBNAME, SUBTYPE, DIRECT, KIND, FATHER, "LEVEL", ENDFLAG, SPARE1, SPARE2, SPARE3)
values ('506', '补助扣款', 5, 2, 0, '530', 2, 1, '550', null, null);

insert into YKT_CUR.T_TIF_WARRANT (WARRANT_NO, WTYPE, WNAME, CUR_NO, BEGIN_NO, END_NO, COMMENTS)
values ('1', 100, '记帐凭证', '1', '1', '99999999999999999999', null);
insert into YKT_CUR.T_CIF_PHOTOLIMIT(OPER_CODE, OPER_NAME, PASSWORD, OPER_LIMIT)
values('admin','admin','0600000000000000D5F6DF38C95B167941536E82DF9232F3','11111111111111111111111111');
delete table ykt_query.T_LEADQUERY_OPERATOR;
delete table ykt_query.T_LEADQUERY_OPERLIMIT;
delete table ykt_query.T_LEADQUERY_FUNCLIST;
insert into ykt_query.T_LEADQUERY_OPERATOR(OPER_CODE, OPER_NAME, OPER_PWD, IS_SHOP_OWNER) values('admin', 'admin', 'PU8r8H3BvjiyDNbkaUmhBx+dDj0=', 0);
insert into ykt_query.T_LEADQUERY_OPERLIMIT(OPER_CODE, FUNC_CODE) values('admin', '1');
insert into ykt_query.T_LEADQUERY_OPERLIMIT(OPER_CODE, FUNC_CODE) values('admin', '1.1');
insert into ykt_query.T_LEADQUERY_FUNCLIST(FUNC_CODE, FUNC_NAME) values('1', '用户管理');
insert into ykt_query.T_LEADQUERY_FUNCLIST(FUNC_CODE, FUNC_NAME) values('2', '一卡通用户情况');
insert into ykt_query.T_LEADQUERY_FUNCLIST(FUNC_CODE, FUNC_NAME) values('3', '一卡通商户情况');
insert into ykt_query.T_LEADQUERY_FUNCLIST(FUNC_CODE, FUNC_NAME) values('4', '一卡通财务情况');
insert into ykt_query.T_LEADQUERY_FUNCLIST(FUNC_CODE, FUNC_NAME) values('5', '一卡通运行情况');
insert into ykt_query.T_LEADQUERY_FUNCLIST(FUNC_CODE, FUNC_NAME, FUNC_URL) values('1.1', '用户信息管理', '/usermanage/admin.do');
insert into ykt_query.T_LEADQUERY_FUNCLIST(FUNC_CODE, FUNC_NAME, FUNC_URL) values('2.1', '发卡情况统计', '/cardusecont.do');
insert into ykt_query.T_LEADQUERY_FUNCLIST(FUNC_CODE, FUNC_NAME, FUNC_URL) values('2.2', '卡片使用情况统计', '/cardopenlosebackcont.do');
insert into ykt_query.T_LEADQUERY_FUNCLIST(FUNC_CODE, FUNC_NAME, FUNC_URL) values('2.3', '存款总体情况统计', '/totlesavingcont.do');
insert into ykt_query.T_LEADQUERY_FUNCLIST(FUNC_CODE, FUNC_NAME, FUNC_URL) values('2.4', '存款分类情况统计', '/savingsortcont.do');
insert into ykt_query.T_LEADQUERY_FUNCLIST(FUNC_CODE, FUNC_NAME, FUNC_URL) values('2.5', '开户/销户情况', '/cardopendestorycont.do');
insert into ykt_query.T_LEADQUERY_FUNCLIST(FUNC_CODE, FUNC_NAME, FUNC_URL) values('2.6', '单位卡片使用情况', '/cardusebycont.do');
insert into ykt_query.T_LEADQUERY_FUNCLIST(FUNC_CODE, FUNC_NAME, FUNC_URL) values('2.7', '特殊人员查找', '/specialcont.do');
insert into ykt_query.T_LEADQUERY_FUNCLIST(FUNC_CODE, FUNC_NAME, FUNC_URL) values('3.1', '商户分布情况层次图', '/shopdistribution.do');
insert into ykt_query.T_LEADQUERY_FUNCLIST(FUNC_CODE, FUNC_NAME, FUNC_URL) values('3.2', '消费机消费情况统计', '/consumebyposcont.do');
insert into ykt_query.T_LEADQUERY_FUNCLIST(FUNC_CODE, FUNC_NAME, FUNC_URL) values('3.3', '商户整体财务变动情况', '/allshopaccountcont.do');
insert into ykt_query.T_LEADQUERY_FUNCLIST(FUNC_CODE, FUNC_NAME, FUNC_URL) values('3.4', '各商户营业情况统计', '/oneshopaccountcont.do');
insert into ykt_query.T_LEADQUERY_FUNCLIST(FUNC_CODE, FUNC_NAME, FUNC_URL) values('3.5', '商户营业情况对比', '/shopcomparecont.do');
insert into ykt_query.T_LEADQUERY_FUNCLIST(FUNC_CODE, FUNC_NAME, FUNC_URL) values('4.1', '整体帐务变动情况', '/allaccountcont.do');
insert into ykt_query.T_LEADQUERY_FUNCLIST(FUNC_CODE, FUNC_NAME, FUNC_URL) values('4.2', '个人帐务变动情况', '/oneaccountcont.do');
insert into ykt_query.T_LEADQUERY_FUNCLIST(FUNC_CODE, FUNC_NAME, FUNC_URL) values('4.3', '个人帐务消费明细', '/oneaccountcontdetail.do');
insert into ykt_query.T_LEADQUERY_FUNCLIST(FUNC_CODE, FUNC_NAME, FUNC_URL) values('4.4', '单位帐务变动情况', '/deptaccountcont.do');
insert into ykt_query.T_LEADQUERY_FUNCLIST(FUNC_CODE, FUNC_NAME, FUNC_URL) values('4.5', '整个单位消费情况', '/deptconsumecont.do');
insert into ykt_query.T_LEADQUERY_FUNCLIST(FUNC_CODE, FUNC_NAME, FUNC_URL) values('4.6', '消费情况总体统计', '/consumecont.do');
--insert into ykt_query.T_LEADQUERY_FUNCLIST(FUNC_CODE, FUNC_NAME, FUNC_URL) values('4.7', '各校区消费情况对比', '/consumecompare.do');
--insert into ykt_query.T_LEADQUERY_FUNCLIST(FUNC_CODE, FUNC_NAME, FUNC_URL) values('4.8', '各校区POS充值对比', '/possavingcont.do');
insert into ykt_query.T_LEADQUERY_FUNCLIST(FUNC_CODE, FUNC_NAME, FUNC_URL) values('4.9', '票据充值明细查询', '/ticketquerycont.do');
insert into ykt_query.T_LEADQUERY_FUNCLIST(FUNC_CODE, FUNC_NAME, FUNC_URL) values('5.1', '拍照情况统计', '/photocont.do');
insert into ykt_query.T_LEADQUERY_FUNCLIST(FUNC_CODE, FUNC_NAME, FUNC_URL) values('5.2', '终端设备使用率统计', '/devuseratecont.do');
insert into ykt_query.T_LEADQUERY_FUNCLIST(FUNC_CODE, FUNC_NAME, FUNC_URL) values('5.3', '圈存成功率统计', '/transfercont.do');
insert into ykt_query.T_LEADQUERY_FUNCLIST(FUNC_CODE, FUNC_NAME, FUNC_URL) values('5.4', '子系统访问统计', '/subsyscont.do');
--insert into ykt_query.T_LEADQUERY_FUNCLIST(FUNC_CODE, FUNC_NAME, FUNC_URL) values('5.5', '周报/月报生成', '/createdatacont.do');

delete from ykt_mon.map_alert_table;
insert into ykt_mon.map_alert_table values(43,'UncheckedRecord','未入账流水',0,0,1);
insert into ykt_mon.map_alert_table values(44,'ClockError','设备时钟错误',0,0,1);
insert into ykt_mon.map_alert_table values(45,'RecordLack','流水缺失',1,1,1);
insert into ykt_mon.map_alert_table values(46,'RollbackRecord','冲正流水',0,0,1);
insert into ykt_mon.map_alert_table values(47,'SuppressMonitor','压数监控',0,0,1);
insert into ykt_mon.map_alert_table values(48,'DeviceAbnormal','设备异常',0,0,1);
insert into ykt_mon.map_alert_table values(49,'LargeAmountRecord','大额消费',1,1,1);
insert into ykt_mon.map_alert_table values(50,'CAUnbalance','卡库不平',0,0,1);
insert into ykt_mon.map_alert_table values(51,'MidDrawRecord','中途拔卡',0,0,1);
insert into ykt_mon.map_alert_table values(52,'ChangedRecord','流水突变',0,0,1);
insert into ykt_mon.map_alert_table values(40,'BlackListDiff','黑名单版本号错误',1,1,1);
insert into ykt_mon.map_alert_table values(41,'OtheRecordException','其他异常流水',0,0,1);
insert into ykt_mon.map_alert_table values(42,'BlackCardComsumption','黑卡消费',1,1,1);

delete from ykt_mon.map_param_table;
insert into ykt_mon.map_param_table values(1,'ShortTimeMCCycle',+0000001.00,'短期多笔消费','小时',0);
insert into ykt_mon.map_param_table values(2,'BlackCardCycle',+0000001.00,'黑卡消费监控周期','小时',0);
insert into ykt_mon.map_param_table values(3,'SuppressTime',+0000024.00,'压数监控系统警戒时间长度','小时',0);
insert into ykt_mon.map_param_table values(4,'LargeAmountLimit',+0000050.00,'大额不正常流水消费金额警戒线','元',0);
insert into ykt_mon.map_param_table values(5,'MeMopercentage',+0000095.00,'内存应用百分比警戒值','%',0);
insert into ykt_mon.map_param_table values(6,'MidDrawCycle',+0000001.00,'中途拔卡监控周期','小时',0);
insert into ykt_mon.map_param_table values(7,'BlackListDistrCycle',+0000001.00,'黑名单下发监控周期','小时',0);
insert into ykt_mon.map_param_table values(8,'ClockErrorCycle',+0000001.00,'设备时钟校验校验频率','小时',0);
insert into ykt_mon.map_param_table values(9,'SuppressCycle',+0000001.00,'压数监控监控周期','小时',0);
insert into ykt_mon.map_param_table values(10,'BlackListDistrTime',+0000001.00,'黑名单下发时间警戒','小时',0);
insert into ykt_mon.map_param_table values(11,'CountLimit',+0000003.00,'短期多笔消费不允许的次数','次',0);
insert into ykt_mon.map_param_table values(12,'TradeLackCycle',+0000000.25,'流水缺号监控周期','小时',0);
insert into ykt_mon.map_param_table values(13,'ShortTimeLimit',+0000005.00,'短期多笔消费不允许时间间隔','分钟',0);
insert into ykt_mon.map_param_table values(14,'RollbackCycle',+0000001.00,'冲正监控监控周期','小时',0);
insert into ykt_mon.map_param_table values(15,'ClockErrorLimit',+0000010.00,'设备时钟校验时钟不匹配允许范围','分钟',0);
insert into ykt_mon.map_param_table values(16,'LargeAmountCycle',+0000001.00,'大额不正常流水监控周期','小时',0);
insert into ykt_mon.map_param_table values(17,'OtherCycle',+0000001.00,'其他异常流水监控周期','小时',0);
insert into ykt_mon.map_param_table values(18,'HeartInterval',+0000010.00,'设备心跳分析周期','分钟',0);
insert into ykt_mon.map_param_table values(19,'CAUnbalanceCycle',+0000012.00,'卡库不平监控周期','小时',0);
insert into ykt_mon.map_param_table values(20,'DeviceFlushTime',+0000010.00,'异常设备刷新时间','分钟',0);
insert into ykt_mon.map_param_table values(21,'CPUpercentage',+0000090.00,'CPU应用百分比警戒值','%',0);
insert into ykt_mon.map_param_table values(22,'MutationCycle',+0000001.00,'突变流水监控周期','小时',0);
insert into ykt_mon.map_param_table values(23,'UncheckedCycle',+0000001.00,'未入账流水监控周期','小时',0);
insert into ykt_mon.map_param_table values(24,'HWpercentage',+0000090.00,'硬盘应用百分比警戒值','%',0);
insert into ykt_mon.map_param_table values(25,'SingleAmountLimit',+0000019.00,'大额单笔消费限额','元',0);
insert into ykt_mon.map_param_table values(26,'TradeLackDealCycle',+0000001.00,'流水缺号处理周期','小时',0);
insert into ykt_mon.map_param_table values(27,'AccelateParam',+0000010.00,'流水分析加速时间','分钟',0);
insert into ykt_mon.map_param_table values(28,'SerialLostAccelateParam',+0000060.00,'流水缺失分析加速时间','分钟',0);
insert into ykt_mon.map_param_table values(29,'TradeLackCkCycle',+0000010.00,'流水缺失回归分析周期','天',0);
insert into ykt_mon.map_param_table values(30,'ServerExceptionParam',+0000600.00,'服务器延后心跳最大允许时间','秒',0);
insert into ykt_mon.map_param_table values(32,'ServiceExceptionCycle',+0000005.00,'服务监控周期','分钟',0);
insert into ykt_mon.map_param_table values(31,'ServerExceptionCycle',+0000005.00,'服务器监控周期','分钟',0);


delete from ykt_mon.map_sys_dictionary;
insert into ykt_mon.map_sys_dictionary values(1,'201','异常码','日期不合理','SERI_EXCEPTION');
insert into ykt_mon.map_sys_dictionary values(1,'202','异常码','流水号不合理','SERI_EXCEPTION');
insert into ykt_mon.map_sys_dictionary values(1,'203','异常码','出入卡金额错误','SERI_EXCEPTION');
insert into ykt_mon.map_sys_dictionary values(1,'204','异常码','设备id错误','SERI_EXCEPTION');
insert into ykt_mon.map_sys_dictionary values(1,'205','异常码','流水重复','SERI_EXCEPTION');
insert into ykt_mon.map_sys_dictionary values(1,'3','异常码','大额不正常流水','LARGE_EXCEPTION');
insert into ykt_mon.map_sys_dictionary values(1,'4','异常码','中途拔卡流水','MID_EXCEPTION');
insert into ykt_mon.map_sys_dictionary values(1,'51','异常码','黑卡正常消费','BSHEETVER_EXCEPTION');
insert into ykt_mon.map_sys_dictionary values(1,'52','异常码','白卡不能消费','BSHEETVER_EXCEPTION');
insert into ykt_mon.map_sys_dictionary values(1,'53','异常码','黑卡标记消费','BSHEETVER_EXCEPTION');
insert into ykt_mon.map_sys_dictionary values(1,'6','异常码','其他异常流水','OTHER_EXCEPTION');
insert into ykt_mon.map_sys_dictionary values(1,'7','异常码','流水缺号','SERI_LOSS');
insert into ykt_mon.map_sys_dictionary values(1,'8','异常码','压数监控','SUPRESS_EXCEPTION');
insert into ykt_mon.map_sys_dictionary values(1,'9','异常码','未入帐流水','UNCHECK_SERI');
insert into ykt_mon.map_sys_dictionary values(1,'10','异常码','充正流水','REVERSE_SERI');
insert into ykt_mon.map_sys_dictionary values(1,'11','异常码','黑名单版本不正确','BSHEETVER_ERROR');
insert into ykt_mon.map_sys_dictionary values(1,'12','异常码','设备时钟错误','SETTIME_ERROR');
insert into ykt_mon.map_sys_dictionary values(1,'13','异常码','卡库不平','UNBALANCE_ERROR');
insert into ykt_mon.map_sys_dictionary values(1,'14','异常码','短期多次消费','SHORTTIME_MUTI_COMSUMPTION');
insert into ykt_mon.map_sys_dictionary values(1,'101','异常码','设备脱机','DEVICE_EXCEPTION');
insert into ykt_mon.map_sys_dictionary values(2,'201','周期码表','日期不合理','MutationCycle');
insert into ykt_mon.map_sys_dictionary values(2,'202','周期码表','流水号不合理','MutationCycle');
insert into ykt_mon.map_sys_dictionary values(2,'203','周期码表','出入卡金额错误','MutationCycle');
insert into ykt_mon.map_sys_dictionary values(2,'204','周期码表','设备id错误','MutationCycle');
insert into ykt_mon.map_sys_dictionary values(2,'205','周期码表','流水重复','MutationCycle');
insert into ykt_mon.map_sys_dictionary values(2,'3','周期码表','大额不正常流水','LargeAmountCycle');
insert into ykt_mon.map_sys_dictionary values(2,'4','周期码表','中途拔卡流水','MidDrawCycle');
insert into ykt_mon.map_sys_dictionary values(2,'51','周期码表','黑卡正常消费','BlackCardCycle');
insert into ykt_mon.map_sys_dictionary values(2,'52','周期码表','白卡不能消费','BlackCardCycle');
insert into ykt_mon.map_sys_dictionary values(2,'53','周期码表','黑卡标记消费','BlackCardCycle');
insert into ykt_mon.map_sys_dictionary values(2,'6','周期码表','其他异常流水','OtherCycle');
insert into ykt_mon.map_sys_dictionary values(2,'7','周期码表','流水缺号','TradeLackCycle');
insert into ykt_mon.map_sys_dictionary values(2,'8','周期码表','压数监控','SuppressTime');
insert into ykt_mon.map_sys_dictionary values(2,'9','周期码表','未入帐流水','UncheckedCycle');
insert into ykt_mon.map_sys_dictionary values(2,'10','周期码表','充正流水','RollbackCycle');
insert into ykt_mon.map_sys_dictionary values(2,'11','周期码表','黑名单版本不正确','BlackListDistrCycle');
insert into ykt_mon.map_sys_dictionary values(2,'12','周期码表','设备时钟错误','ClockErrorCycle');
insert into ykt_mon.map_sys_dictionary values(2,'13','周期码表','卡库不平','CAUnbalanceCycle');
insert into ykt_mon.map_sys_dictionary values(2,'14','周期码表','短期多次消费','ShortTimeMCCycle');
insert into ykt_mon.map_sys_dictionary values(2,'101','周期码表','设备脱机','HeartInteval');
insert into ykt_mon.map_sys_dictionary values(2,'2','周期码表','突变流水','MutationCycle');
insert into ykt_mon.map_sys_dictionary values(2,'5','周期码表','黑卡消费','BlackCardCycle');
insert into ykt_mon.map_sys_dictionary values(1,'15','异常码','单笔大额不正常消费','SINGLE_LARGE_EXCEPTION');
delete from ykt_mon.map_user_table;
insert into ykt_mon.map_user_table values(1,'admin','超级管理员','e10adc3949ba59abbe56e057f20f883e','男','金仕达','admin_mon@kingstargroup.com','','9999','20060712135739',0,'admin','20051109135513');


delete from ykt_web.Counter;
delete from ykt_web.Company;
delete from ykt_web.Group_;
delete from ykt_web.Role_;
delete from ykt_web.Release_;
delete from ykt_web.INFO_TYPE;
delete from ykt_web.Layout;

INSERT INTO YKT_WEB.COUNTER ( NAME, CURRENTID ) 
		 VALUES ( 'com.liferay.portal.model.Address', 10 ) 
;
INSERT INTO YKT_WEB.COUNTER ( NAME, CURRENTID ) 
		 VALUES ( 'com.liferay.portal.model.Group', 20 ) 
;
INSERT INTO YKT_WEB.COUNTER ( NAME, CURRENTID ) 
		 VALUES ( 'com.liferay.portal.model.Role', 33 ) 
;
INSERT INTO YKT_WEB.COUNTER ( NAME, CURRENTID ) 
		 VALUES ( 'com.liferay.portal.model.User.liferay.com', 100 ) 
;
INSERT INTO YKT_WEB.COUNTER ( NAME, CURRENTID ) 
		 VALUES ( 'com.liferay.portlet.imagegallery.model.IGFolder', 20 ) 
;
INSERT INTO YKT_WEB.COUNTER ( NAME, CURRENTID ) 
		 VALUES ( 'com.liferay.portlet.imagegallery.model.IGImage.liferay.com', 42 ) 
;
INSERT INTO YKT_WEB.COUNTER ( NAME, CURRENTID ) 
		 VALUES ( 'com.liferay.portlet.polls.model.PollsQuestion', 10 ) 
;
INSERT INTO YKT_WEB.COUNTER ( NAME, CURRENTID ) 
		 VALUES ( 'com.liferay.portlet.shopping.model.ShoppingCategory', 20 ) 
;
INSERT INTO YKT_WEB.COUNTER ( NAME, CURRENTID ) 
		 VALUES ( 'com.liferay.portlet.shopping.ejb.ShoppingItem', 40 ) 
;
INSERT INTO YKT_WEB.COUNTER ( NAME, CURRENTID ) 
		 VALUES ( 'com.liferay.portlet.wiki.model.WikiNode', 10 ) 
;
INSERT INTO YKT_WEB.COUNTER ( NAME, CURRENTID ) 
		 VALUES ( 'com.liferay.portlet.admin.model.AdminConfig', 2 ) 
;
INSERT INTO YKT_WEB.COUNTER ( NAME, CURRENTID ) 
		 VALUES ( 'kingstargroup.webcounter', 0 ) 
;


--
-- TABLE INSERT STATEMENTS
--
INSERT INTO YKT_WEB.COMPANY ( COMPANYID, KEY_, PORTALURL, HOMEURL, MX, NAME, SHORTNAME, TYPE_, SIZE_, STREET, CITY, STATE, ZIP, PHONE, FAX, EMAILADDRESS ) 
VALUES ( 'kingstargroup.com','rO0ABXNyAB5jb20uc3VuLmNyeXB0by5wcm92aWRlci5ERVNLZXlrNJw12hVomAIAAVsAA2tleXQAAltCeHB1cgACW0Ks8xf4BghU4AIAAHhwAAAACCw39OXjtr+U', '10.49.188.50', '10.49.188.50', 'kingstargroup.com', 'Kingstar, LLC', 'Kingstar', 'biz', '', NULL, NULL, NULL, NULL, NULL, NULL, 'admin@kingstargroup.com' ) 
;


--
-- TABLE INSERT STATEMENTS
--
INSERT INTO YKT_WEB.GROUP_ ( GROUPID, COMPANYID, PARENTGROUPID, NAME, FRIENDLYURL, THEMEID, COLORSCHEMEID ) 
		 VALUES ( '1', 'kingstargroup.com', '-1', 'General Guest', '/guest', 'classic', '01' ) 
;
INSERT INTO YKT_WEB.GROUP_ ( GROUPID, COMPANYID, PARENTGROUPID, NAME, FRIENDLYURL, THEMEID, COLORSCHEMEID ) 
		 VALUES ( '2', 'kingstargroup.com', '-1', 'General User', '', 'classic', '01' ) 
;
INSERT INTO YKT_WEB.GROUP_ ( GROUPID, COMPANYID, PARENTGROUPID, NAME, FRIENDLYURL, THEMEID, COLORSCHEMEID ) 
		 VALUES ( '3', 'kingstargroup.com', '-1', 'YKT General Group', '/general', 'classic', '01' ) 
;
INSERT INTO YKT_WEB.GROUP_ ( GROUPID, COMPANYID, PARENTGROUPID, NAME, FRIENDLYURL, THEMEID, COLORSCHEMEID ) 
		 VALUES ( '4', 'kingstargroup.com', '-1', 'YKT Admin Group', '/admin', 'classic', '01' ) 
;


--
-- TABLE INSERT STATEMENTS
--
INSERT INTO YKT_WEB.ROLE_ ( ROLEID, COMPANYID, NAME ) 
		 VALUES ( '1', 'kingstargroup.com', 'Administrator' ) 
;
INSERT INTO YKT_WEB.ROLE_ ( ROLEID, COMPANYID, NAME ) 
		 VALUES ( '2', 'kingstargroup.com', 'Guest' ) 
;
INSERT INTO YKT_WEB.ROLE_ ( ROLEID, COMPANYID, NAME ) 
		 VALUES ( '3', 'kingstargroup.com', 'User' ) 
;
INSERT INTO YKT_WEB.ROLE_ ( ROLEID, COMPANYID, NAME ) 
		 VALUES ( '4', 'kingstargroup.com', 'YKT General User' ) 
;
INSERT INTO YKT_WEB.ROLE_ ( ROLEID, COMPANYID, NAME ) 
		 VALUES ( '5', 'kingstargroup.com', 'YKT Administrator' ) 
;
INSERT INTO YKT_WEB.ROLE_ ( ROLEID, COMPANYID, NAME ) 
		 VALUES ( '6', 'kingstargroup.com', 'YKT News Administrator' ) 
;
INSERT INTO YKT_WEB.ROLE_ ( ROLEID, COMPANYID, NAME ) 
		 VALUES ( '7', 'kingstargroup.com', 'YKT Rule Administrator' ) 
;
INSERT INTO YKT_WEB.ROLE_ ( ROLEID, COMPANYID, NAME ) 
		 VALUES ( '8', 'kingstargroup.com', 'YKT Map Administrator' ) 
;
INSERT INTO YKT_WEB.ROLE_ ( ROLEID, COMPANYID, NAME ) 
		 VALUES ( '9', 'kingstargroup.com', 'YKT Tutorial Administrator' ) 
;
INSERT INTO YKT_WEB.ROLE_ ( ROLEID, COMPANYID, NAME ) 
		 VALUES ( '10', 'kingstargroup.com', 'YKT FAQ Administrator' ) 
;
INSERT INTO YKT_WEB.ROLE_ ( ROLEID, COMPANYID, NAME ) 
		 VALUES ( '11', 'kingstargroup.com', 'YKT Msgboard Administrator' ) 
;
INSERT INTO YKT_WEB.ROLE_ ( ROLEID, COMPANYID, NAME ) 
		 VALUES ( '12', 'kingstargroup.com', 'YKT Cardtransaction Administrator' ) 
;
INSERT INTO YKT_WEB.ROLE_ ( ROLEID, COMPANYID, NAME ) 
		 VALUES ( '13', 'kingstargroup.com', 'YKT Cardlist Administrator' ) 
;
INSERT INTO YKT_WEB.ROLE_ ( ROLEID, COMPANYID, NAME ) 
		 VALUES ( '14', 'kingstargroup.com', 'YKT Document Administrator' ) 
;
INSERT INTO YKT_WEB.ROLE_ ( ROLEID, COMPANYID, NAME ) 
		 VALUES ( '21', 'kingstargroup.com', 'Bookmarks Admin' ) 
;
INSERT INTO YKT_WEB.ROLE_ ( ROLEID, COMPANYID, NAME ) 
		 VALUES ( '22', 'kingstargroup.com', 'Calendar Admin' ) 
;
INSERT INTO YKT_WEB.ROLE_ ( ROLEID, COMPANYID, NAME ) 
		 VALUES ( '23', 'kingstargroup.com', 'Document Library Admin' ) 
;
INSERT INTO YKT_WEB.ROLE_ ( ROLEID, COMPANYID, NAME ) 
		 VALUES ( '24', 'kingstargroup.com', 'Journal Admin' ) 
;
INSERT INTO YKT_WEB.ROLE_ ( ROLEID, COMPANYID, NAME ) 
		 VALUES ( '25', 'kingstargroup.com', 'Journal Designer' ) 
;
INSERT INTO YKT_WEB.ROLE_ ( ROLEID, COMPANYID, NAME ) 
		 VALUES ( '26', 'kingstargroup.com', 'Journal Editor' ) 
;
INSERT INTO YKT_WEB.ROLE_ ( ROLEID, COMPANYID, NAME ) 
		 VALUES ( '27', 'kingstargroup.com', 'Journal Writer' ) 
;
INSERT INTO YKT_WEB.ROLE_ ( ROLEID, COMPANYID, NAME ) 
		 VALUES ( '28', 'kingstargroup.com', 'Message Boards Admin' ) 
;
INSERT INTO YKT_WEB.ROLE_ ( ROLEID, COMPANYID, NAME ) 
		 VALUES ( '29', 'kingstargroup.com', 'Polls Admin' ) 
;
INSERT INTO YKT_WEB.ROLE_ ( ROLEID, COMPANYID, NAME ) 
		 VALUES ( '30', 'kingstargroup.com', 'Power User' ) 
;
INSERT INTO YKT_WEB.ROLE_ ( ROLEID, COMPANYID, NAME ) 
		 VALUES ( '31', 'kingstargroup.com', 'Project Admin' ) 
;
INSERT INTO YKT_WEB.ROLE_ ( ROLEID, COMPANYID, NAME ) 
		 VALUES ( '32', 'kingstargroup.com', 'Shopping Admin' ) 
;
INSERT INTO YKT_WEB.ROLE_ ( ROLEID, COMPANYID, NAME ) 
		 VALUES ( '33', 'kingstargroup.com', 'Wiki Admin' ) 
;
INSERT INTO YKT_WEB.ROLE_ ( ROLEID, COMPANYID, NAME ) 
		 VALUES ( '15', 'kingstargroup.com', 'YKT About Administrator' ) 
;
INSERT INTO YKT_WEB.ROLE_ ( ROLEID, COMPANYID, NAME ) 
		 VALUES ( '16', 'kingstargroup.com', 'YKT Hitinfo Administrator' ) 
;
INSERT INTO YKT_WEB.ROLE_ ( ROLEID, COMPANYID, NAME ) 
		 VALUES ( '17', 'kingstargroup.com', 'YKT Serviceinfo Administrator' ) 
;


--
-- TABLE INSERT STATEMENTS
--
INSERT INTO YKT_WEB.RELEASE_ ( RELEASEID, CREATEDATE, MODIFIEDDATE, BUILDNUMBER, BUILDDATE ) 
		 VALUES ( '1', CURRENT_TIMESTAMP, CURRENT_TIMESTAMP, 2215, CURRENT_TIMESTAMP ) 
;


--
-- TABLE INSERT STATEMENTS
--
INSERT INTO YKT_WEB.INFO_TYPE ( INFO_TYPE, INFO_NAME ) VALUES ('4','FAQ');
INSERT INTO YKT_WEB.INFO_TYPE ( INFO_TYPE, INFO_NAME ) VALUES ('4.1','FAQ综述');
INSERT INTO YKT_WEB.INFO_TYPE ( INFO_TYPE, INFO_NAME ) VALUES ('4.2','照片相关');
INSERT INTO YKT_WEB.INFO_TYPE ( INFO_TYPE, INFO_NAME ) VALUES ('4.3','卡片使用');
INSERT INTO YKT_WEB.INFO_TYPE ( INFO_TYPE, INFO_NAME ) VALUES ('4.4','一卡通设备使用');
INSERT INTO YKT_WEB.INFO_TYPE ( INFO_TYPE, INFO_NAME ) VALUES ('4.5','查询网站使用');
INSERT INTO YKT_WEB.INFO_TYPE ( INFO_TYPE, INFO_NAME ) VALUES ('4.6','校园卡办理');
INSERT INTO YKT_WEB.INFO_TYPE ( INFO_TYPE, INFO_NAME ) VALUES ('4.7','联系方式');


--
-- TABLE INSERT STATEMENTS
--
INSERT INTO YKT_WEB.LAYOUT ( LAYOUTID, USERID, COMPANYID, PARENTLAYOUTID, NAME, TYPE_, TYPESETTINGS, FRIENDLYURL, PRIORITY ) 
		 VALUES ( '1', 'group.3', 'kingstargroup.com', '-1', '首页', 'portlet', '
narrow-1=cardinfo,querydetail,ecardlink
wide-1=ecardnews,ecardlist
column-order=n1,w1,', '', 0 ) 
;
INSERT INTO YKT_WEB.LAYOUT ( LAYOUTID, USERID, COMPANYID, PARENTLAYOUTID, NAME, TYPE_, TYPESETTINGS, FRIENDLYURL, PRIORITY ) 
		 VALUES ( '2', 'group.3', 'kingstargroup.com', '-1', '校园卡使用', 'portlet', 'wide-1=ecardtransaction
state-max=
column-order=w1,', '', 1 ) 
;
INSERT INTO YKT_WEB.LAYOUT ( LAYOUTID, USERID, COMPANYID, PARENTLAYOUTID, NAME, TYPE_, TYPESETTINGS, FRIENDLYURL, PRIORITY ) 
		 VALUES ( '3', 'group.3', 'kingstargroup.com', '-1', '文档下载', 'portlet', 'wide-1=ecarddoc
state-max=
column-order=w1,', '', 2 ) 
;
INSERT INTO YKT_WEB.LAYOUT ( LAYOUTID, USERID, COMPANYID, PARENTLAYOUTID, NAME, TYPE_, TYPESETTINGS, FRIENDLYURL, PRIORITY ) 
		 VALUES ( '4', 'group.3', 'kingstargroup.com', '-1', '系统图集', 'portlet', 'wide-1=distributionmap
state-max=
column-order=w1,', '', 3 ) 
;
INSERT INTO YKT_WEB.LAYOUT ( LAYOUTID, USERID, COMPANYID, PARENTLAYOUTID, NAME, TYPE_, TYPESETTINGS, FRIENDLYURL, PRIORITY ) 
		 VALUES ( '5', 'group.3', 'kingstargroup.com', '-1', '规章制度', 'portlet', 'wide-1=ecardrule
state-max=
column-order=w1,', '', 4 ) 
;
INSERT INTO YKT_WEB.LAYOUT ( LAYOUTID, USERID, COMPANYID, PARENTLAYOUTID, NAME, TYPE_, TYPESETTINGS, FRIENDLYURL, PRIORITY ) 
		 VALUES ( '6', 'group.3', 'kingstargroup.com', '-1', '操作指南', 'portlet', 'wide-1=ecardtutorial
state-max=
column-order=w1,', '', 5 ) 
;
INSERT INTO YKT_WEB.LAYOUT ( LAYOUTID, USERID, COMPANYID, PARENTLAYOUTID, NAME, TYPE_, TYPESETTINGS, FRIENDLYURL, PRIORITY ) 
		 VALUES ( '7', 'group.3', 'kingstargroup.com', '-1', 'FAQ', 'portlet', 'wide-1=ecardfaq
state-max=
column-order=w1,', '', 6 ) 
;
INSERT INTO YKT_WEB.LAYOUT ( LAYOUTID, USERID, COMPANYID, PARENTLAYOUTID, NAME, TYPE_, TYPESETTINGS, FRIENDLYURL, PRIORITY ) 
		 VALUES ( '8', 'group.3', 'kingstargroup.com', '-1', '留言本', 'portlet', 'wide-1=ecardmsgboard
state-max=
column-order=w1,', '', 7 ) 
;
INSERT INTO YKT_WEB.LAYOUT ( LAYOUTID, USERID, COMPANYID, PARENTLAYOUTID, NAME, TYPE_, TYPESETTINGS, FRIENDLYURL, PRIORITY ) 
		 VALUES ( '9', 'group.3', 'kingstargroup.com', '-1', '系统简介', 'portlet', 'wide-1=ecardabout
state-max=
column-order=w1,', '', 8 ) 
;
INSERT INTO YKT_WEB.LAYOUT ( LAYOUTID, USERID, COMPANYID, PARENTLAYOUTID, NAME, TYPE_, TYPESETTINGS, FRIENDLYURL, PRIORITY ) 
		 VALUES ( '10', 'group.3', 'kingstargroup.com', '-1', '服务信息', 'portlet', 'wide-1=ecardservice
state-max=
column-order=w1,', '', 9 ) 
;
INSERT INTO YKT_WEB.LAYOUT ( LAYOUTID, USERID, COMPANYID, PARENTLAYOUTID, NAME, TYPE_, TYPESETTINGS, FRIENDLYURL, PRIORITY ) 
		 VALUES ( '1.1', 'group.1', 'kingstargroup.com', '-1', '首页', 'portlet', 'narrow-1=58,ecardlink
wide-1=ecardnews,ecardlist
state-max=
column-order=n1,w1,', '/home', 0 ) 
;
INSERT INTO YKT_WEB.LAYOUT ( LAYOUTID, USERID, COMPANYID, PARENTLAYOUTID, NAME, TYPE_, TYPESETTINGS, FRIENDLYURL, PRIORITY ) 
		 VALUES ( '1.2', 'group.1', 'kingstargroup.com', '-1', '文档下载', 'portlet', 'wide-1=ecarddoc
state-max=
column-order=w1,', '/ecarddoc', 1 ) 
;
INSERT INTO YKT_WEB.LAYOUT ( LAYOUTID, USERID, COMPANYID, PARENTLAYOUTID, NAME, TYPE_, TYPESETTINGS, FRIENDLYURL, PRIORITY ) 
		 VALUES ( '1.3', 'group.1', 'kingstargroup.com', '-1', '系统图集', 'portlet', 'wide-1=distributionmap
state-max=
column-order=w1,', '/distributionmap', 2 ) 
;
INSERT INTO YKT_WEB.LAYOUT ( LAYOUTID, USERID, COMPANYID, PARENTLAYOUTID, NAME, TYPE_, TYPESETTINGS, FRIENDLYURL, PRIORITY ) 
		 VALUES ( '1.4', 'group.1', 'kingstargroup.com', '-1', '规章制度', 'portlet', 'wide-1=ecardrule
state-max=
column-order=w1,', '/ecardrule', 3 ) 
;
INSERT INTO YKT_WEB.LAYOUT ( LAYOUTID, USERID, COMPANYID, PARENTLAYOUTID, NAME, TYPE_, TYPESETTINGS, FRIENDLYURL, PRIORITY ) 
		 VALUES ( '1.5', 'group.1', 'kingstargroup.com', '-1', '操作指南', 'portlet', 'wide-1=ecardtutorial
state-max=
column-order=w1,', '/ecardtutorial', 4 ) 
;
INSERT INTO YKT_WEB.LAYOUT ( LAYOUTID, USERID, COMPANYID, PARENTLAYOUTID, NAME, TYPE_, TYPESETTINGS, FRIENDLYURL, PRIORITY ) 
		 VALUES ( '1.6', 'group.1', 'kingstargroup.com', '-1', 'FAQ', 'portlet', 'wide-1=ecardfaq
state-max=
column-order=w1,', '/ecardfaq', 5 ) 
;
INSERT INTO YKT_WEB.LAYOUT ( LAYOUTID, USERID, COMPANYID, PARENTLAYOUTID, NAME, TYPE_, TYPESETTINGS, FRIENDLYURL, PRIORITY ) 
		 VALUES ( '1.7', 'group.1', 'kingstargroup.com', '-1', '系统简介', 'portlet', 'wide-1=ecardabout
state-max=
column-order=w1,', '/ecardabout', 6 ) 
;
INSERT INTO YKT_WEB.LAYOUT ( LAYOUTID, USERID, COMPANYID, PARENTLAYOUTID, NAME, TYPE_, TYPESETTINGS, FRIENDLYURL, PRIORITY ) 
		 VALUES ( '1.8', 'group.1', 'kingstargroup.com', '-1', '服务信息', 'portlet', 'wide-1=ecardservice
state-max=
column-order=w1,', '/ecardservice', 7 ) 
;
INSERT INTO YKT_WEB.LAYOUT ( LAYOUTID, USERID, COMPANYID, PARENTLAYOUTID, NAME, TYPE_, TYPESETTINGS, FRIENDLYURL, PRIORITY ) 
		 VALUES ( '1', 'group.4', 'kingstargroup.com', '-1', '首页', 'portlet', '
wide-1=ecardnews,ecardlist
column-order=w1,', '', 0 ) 
;
INSERT INTO YKT_WEB.LAYOUT ( LAYOUTID, USERID, COMPANYID, PARENTLAYOUTID, NAME, TYPE_, TYPESETTINGS, FRIENDLYURL, PRIORITY ) 
		 VALUES ( '3', 'group.4', 'kingstargroup.com', '-1', '文档下载', 'portlet', 'wide-1=ecarddoc
state-max=
column-order=w1,', '', 2 ) 
;
INSERT INTO YKT_WEB.LAYOUT ( LAYOUTID, USERID, COMPANYID, PARENTLAYOUTID, NAME, TYPE_, TYPESETTINGS, FRIENDLYURL, PRIORITY ) 
		 VALUES ( '4', 'group.4', 'kingstargroup.com', '-1', '系统图集', 'portlet', 'wide-1=distributionmap
state-max=
column-order=w1,', '', 3 ) 
;
INSERT INTO YKT_WEB.LAYOUT ( LAYOUTID, USERID, COMPANYID, PARENTLAYOUTID, NAME, TYPE_, TYPESETTINGS, FRIENDLYURL, PRIORITY ) 
		 VALUES ( '5', 'group.4', 'kingstargroup.com', '-1', '规章制度', 'portlet', 'wide-1=ecardrule
state-max=
column-order=w1,', '', 4 ) 
;
INSERT INTO YKT_WEB.LAYOUT ( LAYOUTID, USERID, COMPANYID, PARENTLAYOUTID, NAME, TYPE_, TYPESETTINGS, FRIENDLYURL, PRIORITY ) 
		 VALUES ( '6', 'group.4', 'kingstargroup.com', '-1', '操作指南', 'portlet', 'wide-1=ecardtutorial
state-max=
column-order=w1,', '', 5 ) 
;
INSERT INTO YKT_WEB.LAYOUT ( LAYOUTID, USERID, COMPANYID, PARENTLAYOUTID, NAME, TYPE_, TYPESETTINGS, FRIENDLYURL, PRIORITY ) 
		 VALUES ( '7', 'group.4', 'kingstargroup.com', '-1', 'FAQ', 'portlet', 'wide-1=ecardfaq
state-max=
column-order=w1,', '', 6 ) 
;
INSERT INTO YKT_WEB.LAYOUT ( LAYOUTID, USERID, COMPANYID, PARENTLAYOUTID, NAME, TYPE_, TYPESETTINGS, FRIENDLYURL, PRIORITY ) 
		 VALUES ( '8', 'group.4', 'kingstargroup.com', '-1', '留言本', 'portlet', 'wide-1=ecardmsgboard
state-max=
column-order=w1,', '', 7 ) 
;
INSERT INTO YKT_WEB.LAYOUT ( LAYOUTID, USERID, COMPANYID, PARENTLAYOUTID, NAME, TYPE_, TYPESETTINGS, FRIENDLYURL, PRIORITY ) 
		 VALUES ( '9', 'group.4', 'kingstargroup.com', '-1', '滚动新闻', 'portlet', 'wide-1=ecardhit
state-max=
column-order=w1,', '', 8 ) 
;
INSERT INTO YKT_WEB.LAYOUT ( LAYOUTID, USERID, COMPANYID, PARENTLAYOUTID, NAME, TYPE_, TYPESETTINGS, FRIENDLYURL, PRIORITY ) 
		 VALUES ( '10', 'group.4', 'kingstargroup.com', '-1', '系统简介', 'portlet', 'wide-1=ecardabout
state-max=
column-order=w1,', '', 9 ) 
;
INSERT INTO YKT_WEB.LAYOUT ( LAYOUTID, USERID, COMPANYID, PARENTLAYOUTID, NAME, TYPE_, TYPESETTINGS, FRIENDLYURL, PRIORITY ) 
		 VALUES ( '11', 'group.4', 'kingstargroup.com', '-1', '服务信息', 'portlet', 'wide-1=ecardservice
state-max=
column-order=w1,', '', 10 ) 
;




delete from ykt_web.User_;
--
-- TABLE INSERT STATEMENTS
--
INSERT INTO YKT_WEB.USER_ ( USERID, COMPANYID, CREATEDATE, PASSWORD_, PASSWORDENCRYPTED, PASSWORDEXPIRATIONDATE, PASSWORDRESET, FIRSTNAME, MIDDLENAME, LASTNAME, NICKNAME, MALE, BIRTHDAY, EMAILADDRESS, SMSID, AIMID, ICQID, MSNID, YMID, FAVORITEACTIVITY, FAVORITEBIBLEVERSE, FAVORITEFOOD, FAVORITEMOVIE, FAVORITEMUSIC, LANGUAGEID, TIMEZONEID, THEMEID, COLORSCHEMEID, GREETING, RESOLUTION, COMMENTS, LOGINDATE, LOGINIP, LASTLOGINDATE, LASTLOGINIP, FAILEDLOGINATTEMPTS, AGREEDTOTERMSOFUSE, ACTIVE_ ) 
		 VALUES ( 'admin', 'kingstargroup.com',CURRENT_TIMESTAMP , 'test', '0', NULL, '0', '', '', '', '', '1', CURRENT_TIMESTAMP , 'admin@kingstargroup.com', NULL, NULL, NULL, NULL, NULL, NULL, NULL, NULL, NULL, NULL, 'zh_cn', NULL, 'classic', '01', '欢迎您,管理员!', '1024x768', NULL, CURRENT_TIMESTAMP , NULL, NULL, NULL, 0, '1', '1' ) 
;
INSERT INTO YKT_WEB.USER_ ( USERID, COMPANYID, CREATEDATE, PASSWORD_, PASSWORDENCRYPTED, PASSWORDEXPIRATIONDATE, PASSWORDRESET, FIRSTNAME, MIDDLENAME, LASTNAME, NICKNAME, MALE, BIRTHDAY, EMAILADDRESS, SMSID, AIMID, ICQID, MSNID, YMID, FAVORITEACTIVITY, FAVORITEBIBLEVERSE, FAVORITEFOOD, FAVORITEMOVIE, FAVORITEMUSIC, LANGUAGEID, TIMEZONEID, THEMEID, COLORSCHEMEID, GREETING, RESOLUTION, COMMENTS, LOGINDATE, LOGINIP, LASTLOGINDATE, LASTLOGINIP, FAILEDLOGINATTEMPTS, AGREEDTOTERMSOFUSE, ACTIVE_ ) 
		 VALUES ( 'kingstargroup.com.default', 'default', CURRENT_TIMESTAMP , 'password', '0', NULL, '0', '', '', '', '', '1', CURRENT_TIMESTAMP , 'default@kingstargroup.com', NULL, NULL, NULL, NULL, NULL, NULL, NULL, NULL, NULL, NULL, 'zh_cn', NULL, 'classic', '01', '欢迎访问校园一卡通综合查询!', '1024x768', NULL, CURRENT_TIMESTAMP , NULL, NULL, NULL, 0, '1', '1' ) 
;
delete from ykt_web.Users_Groups;
--
-- TABLE INSERT STATEMENTS
--
INSERT INTO YKT_WEB.USERS_GROUPS ( USERID, GROUPID ) 
		 VALUES ( 'admin', '4' ) 
;

delete from ykt_web.GROUPS_ROLES;
insert INTO ykt_web.GROUPS_ROLES(groupid, roleid) values('3', '4');
delete from ykt_web.Users_Roles;
insert INTO ykt_web.Users_Roles values('admin', '5');
insert INTO ykt_web.Users_Roles values('admin', '6');
insert INTO ykt_web.Users_Roles values('admin', '7');
insert INTO ykt_web.Users_Roles values('admin', '8');
insert INTO ykt_web.Users_Roles values('admin', '9');
insert INTO ykt_web.Users_Roles values('admin', '10');
insert INTO ykt_web.Users_Roles values('admin', '11');
insert INTO ykt_web.Users_Roles values('admin', '12');
insert INTO ykt_web.Users_Roles values('admin', '13');
insert INTO ykt_web.Users_Roles values('admin', '14');
insert INTO ykt_web.Users_Roles values('admin', '15');
insert INTO ykt_web.Users_Roles values('admin', '16');
insert INTO ykt_web.Users_Roles values('admin', '17');
delete from ykt_web.Ecard_Information; 
--
-- TABLE INSERT STATEMENTS
--
INSERT INTO YKT_WEB.ECARD_INFORMATION ( ID, INFO_TYPE, INFO_TITLE, INFO_CONTENT, ATTACHMENTS, CREATE_DATE, CREATER ) 
		 VALUES ( 1, '8', '', '', '', CURRENT_TIMESTAMP , 'admin' ) 
;
INSERT INTO YKT_WEB.ECARD_INFORMATION ( ID, INFO_TYPE, INFO_TITLE, INFO_CONTENT, ATTACHMENTS, CREATE_DATE, CREATER ) 
		 VALUES ( 2, '9', '', '', '', CURRENT_TIMESTAMP , 'admin' ) 
;

commit;
quit;