insert into YKT_CUR.T_AIF_ACCOUNT (ACCOUNT_ID, ACT_TYPE, CUSTOMER_ID, CUT_NAME, CUT_TYPE, STUEMP_NO, CARD_ID, PURSE_ID, CARD_TYPE, SUBNO, PASSWORD, CURRENT_STATE, ISAUTOTRA, LAST_BALA, LAST_FREEBALA, LAST_FROZEBALA, CUR_BALA, CUR_FREEBALA, CUR_FROZEBALA, OUT_BALA, IN_BALA, OUT_COUNT, IN_COUNT, CARD_BALANCE, NOBALA_NUM, CONSUME_COUNT, OPEN_DATE, OPEN_TIME, CLOSE_DATE, CLOSE_TIME, RESERVE_1, RESERVE_2, RESERVE_3, COMMENTS, DEPOSIT_BALA)
values ('1011            ', 7, 0, '现金', 0, null, 0, 1, 0, '101', null, 1, null, 4341633.3, 4341633.3, 0, 4342731.3, 4342731.3, 0, 0, 0, 0, 0, 0, 0, 0, '20041013', '000000', null, null, null, null, null, null, null);
insert into YKT_CUR.T_AIF_ACCOUNT (ACCOUNT_ID, ACT_TYPE, CUSTOMER_ID, CUT_NAME, CUT_TYPE, STUEMP_NO, CARD_ID, PURSE_ID, CARD_TYPE, SUBNO, PASSWORD, CURRENT_STATE, ISAUTOTRA, LAST_BALA, LAST_FREEBALA, LAST_FROZEBALA, CUR_BALA, CUR_FREEBALA, CUR_FROZEBALA, OUT_BALA, IN_BALA, OUT_COUNT, IN_COUNT, CARD_BALANCE, NOBALA_NUM, CONSUME_COUNT, OPEN_DATE, OPEN_TIME, CLOSE_DATE, CLOSE_TIME, RESERVE_1, RESERVE_2, RESERVE_3, COMMENTS, DEPOSIT_BALA)
values ('1021            ', 7, 0, '银行存款', 0, null, 0, 2, 0, '102', null, 1, null, 1970, 1970, 0, 1970, 1970, 0, 0, 0, 0, 0, 0, 0, 0, '20041013', '000000', null, null, null, null, null, null, null);
insert into YKT_CUR.T_AIF_ACCOUNT (ACCOUNT_ID, ACT_TYPE, CUSTOMER_ID, CUT_NAME, CUT_TYPE, STUEMP_NO, CARD_ID, PURSE_ID, CARD_TYPE, SUBNO, PASSWORD, CURRENT_STATE, ISAUTOTRA, LAST_BALA, LAST_FREEBALA, LAST_FROZEBALA, CUR_BALA, CUR_FREEBALA, CUR_FROZEBALA, OUT_BALA, IN_BALA, OUT_COUNT, IN_COUNT, CARD_BALANCE, NOBALA_NUM, CONSUME_COUNT, OPEN_DATE, OPEN_TIME, CLOSE_DATE, CLOSE_TIME, RESERVE_1, RESERVE_2, RESERVE_3, COMMENTS, DEPOSIT_BALA)
values ('1031            ', 7, 0, '支票', 0, null, 0, 0, 0, '103', null, 1, null, 0, 0, 0, 0, 0, 0, 0, 0, 0, 0, 0, 0, 0, null, null, null, null, null, null, null, null, null);
insert into YKT_CUR.T_AIF_ACCOUNT (ACCOUNT_ID, ACT_TYPE, CUSTOMER_ID, CUT_NAME, CUT_TYPE, STUEMP_NO, CARD_ID, PURSE_ID, CARD_TYPE, SUBNO, PASSWORD, CURRENT_STATE, ISAUTOTRA, LAST_BALA, LAST_FREEBALA, LAST_FROZEBALA, CUR_BALA, CUR_FREEBALA, CUR_FROZEBALA, OUT_BALA, IN_BALA, OUT_COUNT, IN_COUNT, CARD_BALANCE, NOBALA_NUM, CONSUME_COUNT, OPEN_DATE, OPEN_TIME, CLOSE_DATE, CLOSE_TIME, RESERVE_1, RESERVE_2, RESERVE_3, COMMENTS, DEPOSIT_BALA)
values ('1041            ', 7, 0, '经费本', 0, null, 0, 0, 0, '104', null, 1, null, 0, 0, 0, 0, 0, 0, 0, 0, 0, 0, 0, 0, 0, null, null, null, null, null, null, null, null, null);
insert into YKT_CUR.T_AIF_ACCOUNT (ACCOUNT_ID, ACT_TYPE, CUSTOMER_ID, CUT_NAME, CUT_TYPE, STUEMP_NO, CARD_ID, PURSE_ID, CARD_TYPE, SUBNO, PASSWORD, CURRENT_STATE, ISAUTOTRA, LAST_BALA, LAST_FREEBALA, LAST_FROZEBALA, CUR_BALA, CUR_FREEBALA, CUR_FROZEBALA, OUT_BALA, IN_BALA, OUT_COUNT, IN_COUNT, CARD_BALANCE, NOBALA_NUM, CONSUME_COUNT, OPEN_DATE, OPEN_TIME, CLOSE_DATE, CLOSE_TIME, RESERVE_1, RESERVE_2, RESERVE_3, COMMENTS, DEPOSIT_BALA)
values ('1071            ', 7, 0, '下发补助', 0, null, 0, 0, 0, '107', null, 1, null, 0, 0, 0, 0, 0, 0, 0, 0, 0, 0, 0, 0, 0, '20050928', '131400', null, null, null, null, null, null, null);
insert into YKT_CUR.T_AIF_ACCOUNT (ACCOUNT_ID, ACT_TYPE, CUSTOMER_ID, CUT_NAME, CUT_TYPE, STUEMP_NO, CARD_ID, PURSE_ID, CARD_TYPE, SUBNO, PASSWORD, CURRENT_STATE, ISAUTOTRA, LAST_BALA, LAST_FREEBALA, LAST_FROZEBALA, CUR_BALA, CUR_FREEBALA, CUR_FROZEBALA, OUT_BALA, IN_BALA, OUT_COUNT, IN_COUNT, CARD_BALANCE, NOBALA_NUM, CONSUME_COUNT, OPEN_DATE, OPEN_TIME, CLOSE_DATE, CLOSE_TIME, RESERVE_1, RESERVE_2, RESERVE_3, COMMENTS, DEPOSIT_BALA)
values ('2031            ', 7, 0, '银行划拨', 0, null, 0, 4, 0, '203', null, 1, null, 0, 0, 0, 0, 0, 0, 0, 0, 0, 0, 0, 0, 0, '20041013', '000000', null, null, null, null, null, null, null);
insert into YKT_CUR.T_AIF_ACCOUNT (ACCOUNT_ID, ACT_TYPE, CUSTOMER_ID, CUT_NAME, CUT_TYPE, STUEMP_NO, CARD_ID, PURSE_ID, CARD_TYPE, SUBNO, PASSWORD, CURRENT_STATE, ISAUTOTRA, LAST_BALA, LAST_FREEBALA, LAST_FROZEBALA, CUR_BALA, CUR_FREEBALA, CUR_FROZEBALA, OUT_BALA, IN_BALA, OUT_COUNT, IN_COUNT, CARD_BALANCE, NOBALA_NUM, CONSUME_COUNT, OPEN_DATE, OPEN_TIME, CLOSE_DATE, CLOSE_TIME, RESERVE_1, RESERVE_2, RESERVE_3, COMMENTS, DEPOSIT_BALA)
values ('2041            ', 7, 0, '财务划拨', 0, null, 0, 3, 0, '204', null, 1, null, 0, 0, 0, 0, 0, 0, 0, 0, 0, 0, 0, 0, 0, '20041013', '000000', null, null, null, null, null, null, null);
insert into YKT_CUR.T_AIF_ACCOUNT (ACCOUNT_ID, ACT_TYPE, CUSTOMER_ID, CUT_NAME, CUT_TYPE, STUEMP_NO, CARD_ID, PURSE_ID, CARD_TYPE, SUBNO, PASSWORD, CURRENT_STATE, ISAUTOTRA, LAST_BALA, LAST_FREEBALA, LAST_FROZEBALA, CUR_BALA, CUR_FREEBALA, CUR_FROZEBALA, OUT_BALA, IN_BALA, OUT_COUNT, IN_COUNT, CARD_BALANCE, NOBALA_NUM, CONSUME_COUNT, OPEN_DATE, OPEN_TIME, CLOSE_DATE, CLOSE_TIME, RESERVE_1, RESERVE_2, RESERVE_3, COMMENTS, DEPOSIT_BALA)
values ('2051            ', 7, 0, '押金', 0, null, 0, 5, 0, '205', null, 1, null, 240, 240, 0, 240, 240, 0, 0, 0, 0, 0, 0, 0, 0, '20041013', '000000', null, null, null, null, null, null, null);
insert into YKT_CUR.T_AIF_ACCOUNT (ACCOUNT_ID, ACT_TYPE, CUSTOMER_ID, CUT_NAME, CUT_TYPE, STUEMP_NO, CARD_ID, PURSE_ID, CARD_TYPE, SUBNO, PASSWORD, CURRENT_STATE, ISAUTOTRA, LAST_BALA, LAST_FREEBALA, LAST_FROZEBALA, CUR_BALA, CUR_FREEBALA, CUR_FROZEBALA, OUT_BALA, IN_BALA, OUT_COUNT, IN_COUNT, CARD_BALANCE, NOBALA_NUM, CONSUME_COUNT, OPEN_DATE, OPEN_TIME, CLOSE_DATE, CLOSE_TIME, RESERVE_1, RESERVE_2, RESERVE_3, COMMENTS, DEPOSIT_BALA)
values ('2061            ', 7, 0, '其他应付款', 0, null, 0, 6, 0, '206', null, 1, null, 0, 0, 0, 0, 0, 0, 0, 0, 0, 0, 0, 0, 0, '20041013', '000000', null, null, null, null, null, null, null);
insert into YKT_CUR.T_AIF_ACCOUNT (ACCOUNT_ID, ACT_TYPE, CUSTOMER_ID, CUT_NAME, CUT_TYPE, STUEMP_NO, CARD_ID, PURSE_ID, CARD_TYPE, SUBNO, PASSWORD, CURRENT_STATE, ISAUTOTRA, LAST_BALA, LAST_FREEBALA, LAST_FROZEBALA, CUR_BALA, CUR_FREEBALA, CUR_FROZEBALA, OUT_BALA, IN_BALA, OUT_COUNT, IN_COUNT, CARD_BALANCE, NOBALA_NUM, CONSUME_COUNT, OPEN_DATE, OPEN_TIME, CLOSE_DATE, CLOSE_TIME, RESERVE_1, RESERVE_2, RESERVE_3, COMMENTS, DEPOSIT_BALA)
values ('2071            ', 7, 0, '待领补助', 0, null, 0, 0, 0, '207', null, 1, null, 306, 306, 0, 176, 176, 0, 0, 0, 0, 0, 0, 0, 0, '20050928', '131400', null, null, null, null, null, null, null);
insert into YKT_CUR.T_AIF_ACCOUNT (ACCOUNT_ID, ACT_TYPE, CUSTOMER_ID, CUT_NAME, CUT_TYPE, STUEMP_NO, CARD_ID, PURSE_ID, CARD_TYPE, SUBNO, PASSWORD, CURRENT_STATE, ISAUTOTRA, LAST_BALA, LAST_FREEBALA, LAST_FROZEBALA, CUR_BALA, CUR_FREEBALA, CUR_FROZEBALA, OUT_BALA, IN_BALA, OUT_COUNT, IN_COUNT, CARD_BALANCE, NOBALA_NUM, CONSUME_COUNT, OPEN_DATE, OPEN_TIME, CLOSE_DATE, CLOSE_TIME, RESERVE_1, RESERVE_2, RESERVE_3, COMMENTS, DEPOSIT_BALA)
values ('5011            ', 7, 0, '管理费用', 0, null, 0, 7, 0, '501', null, 1, null, 33.59, 33.59, 0, 33.59, 33.59, 0, 0, 0, 0, 0, 0, 0, 0, '20041013', '000000', null, null, null, null, null, null, null);
insert into YKT_CUR.T_AIF_ACCOUNT (ACCOUNT_ID, ACT_TYPE, CUSTOMER_ID, CUT_NAME, CUT_TYPE, STUEMP_NO, CARD_ID, PURSE_ID, CARD_TYPE, SUBNO, PASSWORD, CURRENT_STATE, ISAUTOTRA, LAST_BALA, LAST_FREEBALA, LAST_FROZEBALA, CUR_BALA, CUR_FREEBALA, CUR_FROZEBALA, OUT_BALA, IN_BALA, OUT_COUNT, IN_COUNT, CARD_BALANCE, NOBALA_NUM, CONSUME_COUNT, OPEN_DATE, OPEN_TIME, CLOSE_DATE, CLOSE_TIME, RESERVE_1, RESERVE_2, RESERVE_3, COMMENTS, DEPOSIT_BALA)
values ('5021            ', 7, 0, '卡成本费', 0, null, 0, 8, 0, '502', null, 1, null, 4711.5, 4711.5, 0, 4711.5, 4711.5, 0, 0, 0, 0, 0, 0, 0, 0, '20041013', '000000', null, null, null, null, null, null, null);
insert into YKT_CUR.T_AIF_ACCOUNT (ACCOUNT_ID, ACT_TYPE, CUSTOMER_ID, CUT_NAME, CUT_TYPE, STUEMP_NO, CARD_ID, PURSE_ID, CARD_TYPE, SUBNO, PASSWORD, CURRENT_STATE, ISAUTOTRA, LAST_BALA, LAST_FREEBALA, LAST_FROZEBALA, CUR_BALA, CUR_FREEBALA, CUR_FROZEBALA, OUT_BALA, IN_BALA, OUT_COUNT, IN_COUNT, CARD_BALANCE, NOBALA_NUM, CONSUME_COUNT, OPEN_DATE, OPEN_TIME, CLOSE_DATE, CLOSE_TIME, RESERVE_1, RESERVE_2, RESERVE_3, COMMENTS, DEPOSIT_BALA)
values ('5041            ', 7, 0, '营业外收入', 0, null, 0, 0, 0, '504', null, 1, null, 0, 0, 0, 0, 0, 0, 0, 0, 0, 0, 0, 0, 0, null, null, null, null, null, null, null, null, null);
update YKT_CUR.T_AIF_ACCOUNT
set LAST_BALA=0, LAST_FREEBALA=0, LAST_FROZEBALA=0, CUR_BALA=0, CUR_FREEBALA=0, 
    CUR_FROZEBALA=0, OUT_BALA=0, IN_BALA=0, OUT_COUNT=0, IN_COUNT=0, CARD_BALANCE=0;
	
insert into YKT_CUR.T_CIF_DEPT (DEPT_CODE, IS_ACADEMY, DEPT_NAME, E_NAME, PARENTDEPT_CODE, DEPT_LEVEL, IS_AVAILABILITY, COMMENTS, DWGLM, RESERVE1, RESERVE2, RESERVE3)
values ('1', null, '新一代一卡通', null, 'NA', 0, null, null, null, null, null, null);
insert into YKT_CUR.T_CIF_SHOP (SHOP_ID, CUT_ID, DEPT_ID, SHOP_NAME, SHOP_TYPE, IS_INDEP, IS_LEAF, SHOP_STATE, SHOP_MANAGER, MAN, SEX, NATION, MAN_ID, TEL, ADDRESS, IS_GETFEE, RATIO, MANAGER_TYPE, DUTY_TYPE, REG_TIME, COMMENTS, CAN_TIME, B_ACT_ID, B_ACT_NAME)
values (1, 0, 0, '新一代一卡通', 3, '2', '2', 1, null, null, ' ', null, '1', null, null, ' ', null, null, 0, null, null, '20041113172909', null, null);
insert into YKT_CUR.T_PIF_APP_FUNC_LIST (OPER_STYLE, APP_FUNC_NO, APP_NO, APP_FUNC_NAME, APP_FUNC_FULL_NAME)
values ('1', 0, '1', 'wj', 'wenjian');
insert into YKT_CUR.T_PIF_AREA (AREA_NO, FATHER_AREA_NO, AREA_NAME, AREALEVEL, ADDRESS, COMMENTS)
values (1, null, '新一代一卡通', 1, null, null);
insert into YKT_CUR.T_PIF_DEVICE (DEVICE_ID, DEVICE_NAME, DEV999_ID, DEVPHY999_ID, DEV999_NO, DEVTYPE, DEVVERSION, CARDSTR, CARDTYPE, PORTCOUNT, FDEV_ID, PORTNO, STATE_ID, JOINMODE, COMADD, PORT, BAUDRATE, COMTYPE, BSHEETVDATE, BSHEETVER, LASTTRASERNO, LASTTRADATE, LASTSHUTSERNO, LASTSHUTDATE, SYSPWD, ADMPWD, PWDONOFF, PUSERNO, CARDSET, FUNONOFF, CARDUSENUM, MAXDEPOSIT, MINDEPOSIT, RATION, MAXTRADE, SHUTTIMES, CARD65PWD, AUTHPWD, FTFLAG, FEETYPE, PHYTYPE, WEB_LEVEL, SUBSYSTEM_ID, AREA, INIT_KEY, MANAGER, TEL, ADDRESS, OPERATE_TIME, COMMENTS, IS_FEE_CODE, MODE_CODE, OPEN_TIME1, OPEN_TIME2, IS_ALLEYWAY, IS_SAVE_DATA, IS_LCD_DISPLAY, DOOR_LST_VER, DEV_USAGE)
values (1, '新一代一卡通', 'FFFFFFFF', 'FFFFFFFF', 0, '1', null, null, null, null, -1, null, null, null, null, null, null, null, null, '000000000000', null, null, null, null, null, null, null, null, null, null, null, null, null, null, null, null, null, null, null, null, null, null, null, null, null, null, null, null, null, null, 0, null, null, null, null, null, null, '000000000000', null);
update YKT_CUR.T_PIF_DEVICE set state_id=1 where device_id=1;

INSERT INTO YKT_CUR.T_PIF_CUR_SYSPARA (ID, VALUE, PARA_NAME, USETIME, OPTIME, UNIT, COMMENTS, IS_DISPLAY) 
values (1, '0', '日结标志', '20001212121212', '20070426181545', null, null , null);
INSERT INTO YKT_CUR.T_PIF_CUR_SYSPARA (ID, VALUE, PARA_NAME, USETIME, OPTIME, UNIT, COMMENTS, IS_DISPLAY)
values (6, '991231121212', '黑名单有效期', '20001212121212', '20001212121212', null, null, null);
INSERT INTO YKT_CUR.T_PIF_CUR_SYSPARA (ID, VALUE, PARA_NAME, USETIME, OPTIME, UNIT, COMMENTS, IS_DISPLAY)
values (7, '1', '过渡临时卡有效期', '20001212121212', '20050804153712', '天', null, '1');
INSERT INTO YKT_CUR.T_PIF_CUR_SYSPARA (ID, VALUE, PARA_NAME, USETIME, OPTIME, UNIT, COMMENTS, IS_DISPLAY)
values (9, '0', '挂失补办正式卡期限', '20001212121212', '20050804153113', '天', null, '1');
INSERT INTO YKT_CUR.T_PIF_CUR_SYSPARA (ID, VALUE, PARA_NAME, USETIME, OPTIME, UNIT, COMMENTS, IS_DISPLAY)
values (11, '5', '允许卡库不平最大次数邋（天数）', '20001212121212', '20001212121212', '天', null, null);
INSERT INTO YKT_CUR.T_PIF_CUR_SYSPARA (ID, VALUE, PARA_NAME, USETIME, OPTIME, UNIT, COMMENTS, IS_DISPLAY)
values (12, '50', '允许卡库不平最大金额', '20001212121212', '20001212121212', '元', null, null);
INSERT INTO YKT_CUR.T_PIF_CUR_SYSPARA (ID, VALUE, PARA_NAME, USETIME, OPTIME, UNIT, COMMENTS, IS_DISPLAY)
values (15, '新一代一卡通', '机构名', '20001212121212', '20001212121212', '', null, '1');
INSERT INTO YKT_CUR.T_PIF_CUR_SYSPARA (ID, VALUE, PARA_NAME, USETIME, OPTIME, UNIT, COMMENTS, IS_DISPLAY)
values (2006, '4344334539413846', '设备授权密钥', '20001212121212', '20001212121212', null, null, null);
INSERT INTO YKT_CUR.T_PIF_CUR_SYSPARA (ID, VALUE, PARA_NAME, USETIME, OPTIME, UNIT, COMMENTS, IS_DISPLAY)
values (2007, '4344334539413846', '65类卡密钥', '20001212121212', '20001212121212', null, null, null);
INSERT INTO YKT_CUR.T_PIF_CUR_SYSPARA (ID, VALUE, PARA_NAME, USETIME, OPTIME, UNIT, COMMENTS, IS_DISPLAY)
values (2, '999', '卡最大充值金额', '20001212121212', '20001212121212', '元', null, '1');
INSERT INTO YKT_CUR.T_PIF_CUR_SYSPARA (ID, VALUE, PARA_NAME, USETIME, OPTIME, UNIT, COMMENTS, IS_DISPLAY)
values (3003, '1500', '水表号上限', '20001212121212', '20001212121212', ' ', null, null);
INSERT INTO YKT_CUR.T_PIF_CUR_SYSPARA (ID, VALUE, PARA_NAME, USETIME, OPTIME, UNIT, COMMENTS, IS_DISPLAY)
values (3002, '30.0', '水价', '20001212121212', '20060911164907', '元/吨', null, null);
INSERT INTO YKT_CUR.T_PIF_CUR_SYSPARA (ID, VALUE, PARA_NAME, USETIME, OPTIME, UNIT, COMMENTS, IS_DISPLAY)
values (3001, '4000', '水控钱包上限', '20001212121212', '20060911202056', '升', null, '1');
INSERT INTO YKT_CUR.T_PIF_CUR_SYSPARA (ID, VALUE, PARA_NAME, USETIME, OPTIME, UNIT, COMMENTS, IS_DISPLAY)
values (2009, 'ACF7855E2565CBE3', '小钱包密钥', '20001212121212', '20001212121212', null, null, null);
INSERT INTO YKT_CUR.T_PIF_CUR_SYSPARA (ID, VALUE, PARA_NAME, USETIME, OPTIME, UNIT, COMMENTS, IS_DISPLAY)
values (4000, '50.0', '水控钱包上限', '20001212121212', '20060911202056', '升', null, null);

insert into YKT_CUR.T_PIF_DICTIONARY (DICT_NO, DICT_VALUE, DICT_NAME, DICT_CAPTION)
values (84, '2', '门禁状态', '正常');
insert into YKT_CUR.T_PIF_DICTIONARY (DICT_NO, DICT_VALUE, DICT_NAME, DICT_CAPTION)
values (84, '1', '门禁状态', '未下传');
insert into YKT_CUR.T_PIF_DICTIONARY (DICT_NO, DICT_VALUE, DICT_NAME, DICT_CAPTION)
values (84, '8', '门禁状态', '等待删除');
insert into YKT_CUR.T_PIF_DICTIONARY (DICT_NO, DICT_VALUE, DICT_NAME, DICT_CAPTION)
values (84, '9', '门禁状态', '已删除');
insert into YKT_CUR.T_PIF_DICTIONARY (DICT_NO, DICT_VALUE, DICT_NAME, DICT_CAPTION)
values (50, '9', '三九链路模式', '级联');
insert into YKT_CUR.T_PIF_DICTIONARY (DICT_NO, DICT_VALUE, DICT_NAME, DICT_CAPTION)
values (86, '1', '事件代码', '正常');
insert into YKT_CUR.T_PIF_DICTIONARY (DICT_NO, DICT_VALUE, DICT_NAME, DICT_CAPTION)
values (86, '2', '事件代码', 'Master Card');
insert into YKT_CUR.T_PIF_DICTIONARY (DICT_NO, DICT_VALUE, DICT_NAME, DICT_CAPTION)
values (86, '3', '事件代码', 'Release Code');
insert into YKT_CUR.T_PIF_DICTIONARY (DICT_NO, DICT_VALUE, DICT_NAME, DICT_CAPTION)
values (86, '4', '事件代码', '胁迫卡');
insert into YKT_CUR.T_PIF_DICTIONARY (DICT_NO, DICT_VALUE, DICT_NAME, DICT_CAPTION)
values (86, '5', '事件代码', '胁迫码');
insert into YKT_CUR.T_PIF_DICTIONARY (DICT_NO, DICT_VALUE, DICT_NAME, DICT_CAPTION)
values (86, '6', '事件代码', '临时卡');
insert into YKT_CUR.T_PIF_DICTIONARY (DICT_NO, DICT_VALUE, DICT_NAME, DICT_CAPTION)
values (86, '7', '事件代码', '黑名单');
insert into YKT_CUR.T_PIF_DICTIONARY (DICT_NO, DICT_VALUE, DICT_NAME, DICT_CAPTION)
values (86, '8', '事件代码', '来宾卡');
insert into YKT_CUR.T_PIF_DICTIONARY (DICT_NO, DICT_VALUE, DICT_NAME, DICT_CAPTION)
values (86, '9', '事件代码', '来宾卡(不限次数)');
insert into YKT_CUR.T_PIF_DICTIONARY (DICT_NO, DICT_VALUE, DICT_NAME, DICT_CAPTION)
values (86, '10', '事件代码', '非法卡');
insert into YKT_CUR.T_PIF_DICTIONARY (DICT_NO, DICT_VALUE, DICT_NAME, DICT_CAPTION)
values (86, '11', '事件代码', '刷卡正确+密码正确');
insert into YKT_CUR.T_PIF_DICTIONARY (DICT_NO, DICT_VALUE, DICT_NAME, DICT_CAPTION)
values (86, '12', '事件代码', '刷卡正确+密码不正确');
insert into YKT_CUR.T_PIF_DICTIONARY (DICT_NO, DICT_VALUE, DICT_NAME, DICT_CAPTION)
values (86, '13', '事件代码', '刷卡密码时,刷卡是用按键输入');
insert into YKT_CUR.T_PIF_DICTIONARY (DICT_NO, DICT_VALUE, DICT_NAME, DICT_CAPTION)
values (86, '14', '事件代码', 'Anti 错误');
insert into YKT_CUR.T_PIF_DICTIONARY (DICT_NO, DICT_VALUE, DICT_NAME, DICT_CAPTION)
values (47, '9001', '汉军机型代码', 'RAC2000P');
insert into YKT_CUR.T_PIF_DICTIONARY (DICT_NO, DICT_VALUE, DICT_NAME, DICT_CAPTION)
values (47, '9002', '汉军机型代码', 'RAC2000G');
insert into YKT_CUR.T_PIF_DICTIONARY (DICT_NO, DICT_VALUE, DICT_NAME, DICT_CAPTION)
values (47, '9003', '汉军机型代码', 'GCU3');
insert into YKT_CUR.T_PIF_DICTIONARY (DICT_NO, DICT_VALUE, DICT_NAME, DICT_CAPTION)
values (47, '9004', '汉军机型代码', 'NCU3');
insert into YKT_CUR.T_PIF_DICTIONARY (DICT_NO, DICT_VALUE, DICT_NAME, DICT_CAPTION)
values (47, '9000', '汉军机型代码', '门禁');
insert into YKT_CUR.T_PIF_DICTIONARY (DICT_NO, DICT_VALUE, DICT_NAME, DICT_CAPTION)
values (84, '7', '门禁状态', '可以删除');
insert into YKT_CUR.T_PIF_DICTIONARY (DICT_NO, DICT_VALUE, DICT_NAME, DICT_CAPTION)
values (78, '1', '与会人员性质', '出席');
insert into YKT_CUR.T_PIF_DICTIONARY (DICT_NO, DICT_VALUE, DICT_NAME, DICT_CAPTION)
values (47, '9005', '汉军机型代码', '汉军BF430');
insert into YKT_CUR.T_PIF_DICTIONARY (DICT_NO, DICT_VALUE, DICT_NAME, DICT_CAPTION)
values (78, '2', '与会人员性质', '列席');
insert into YKT_CUR.T_PIF_DICTIONARY (DICT_NO, DICT_VALUE, DICT_NAME, DICT_CAPTION)
values (78, '3', '与会人员性质', '特邀');
insert into YKT_CUR.T_PIF_DICTIONARY (DICT_NO, DICT_VALUE, DICT_NAME, DICT_CAPTION)
values (78, '4', '与会人员性质', '其它');
insert into YKT_CUR.T_PIF_DICTIONARY (DICT_NO, DICT_VALUE, DICT_NAME, DICT_CAPTION)
values (80, '0', '会议状态', '正常');
insert into YKT_CUR.T_PIF_DICTIONARY (DICT_NO, DICT_VALUE, DICT_NAME, DICT_CAPTION)
values (80, '1', '会议状态', '修改');
insert into YKT_CUR.T_PIF_DICTIONARY (DICT_NO, DICT_VALUE, DICT_NAME, DICT_CAPTION)
values (80, '9', '会议状态', '取消');
insert into YKT_CUR.T_PIF_DICTIONARY (DICT_NO, DICT_VALUE, DICT_NAME, DICT_CAPTION)
values (79, '00', '签到标志', '未签到');
insert into YKT_CUR.T_PIF_DICTIONARY (DICT_NO, DICT_VALUE, DICT_NAME, DICT_CAPTION)
values (79, '11', '签到标志', '持卡签到');
insert into YKT_CUR.T_PIF_DICTIONARY (DICT_NO, DICT_VALUE, DICT_NAME, DICT_CAPTION)
values (79, '12', '签到标志', '无卡签到');
insert into YKT_CUR.T_PIF_DICTIONARY (DICT_NO, DICT_VALUE, DICT_NAME, DICT_CAPTION)
values (79, '13', '签到标志', '代替签到');
insert into YKT_CUR.T_PIF_DICTIONARY (DICT_NO, DICT_VALUE, DICT_NAME, DICT_CAPTION)
values (79, '21', '签到标志', '持卡签到（迟到）');
insert into YKT_CUR.T_PIF_DICTIONARY (DICT_NO, DICT_VALUE, DICT_NAME, DICT_CAPTION)
values (79, '22', '签到标志', '无卡签到（迟到）');
insert into YKT_CUR.T_PIF_DICTIONARY (DICT_NO, DICT_VALUE, DICT_NAME, DICT_CAPTION)
values (79, '23', '签到标志', '代替签到（迟到）');
insert into YKT_CUR.T_PIF_DICTIONARY (DICT_NO, DICT_VALUE, DICT_NAME, DICT_CAPTION)
values (79, '30', '签到标志', '请假');
insert into YKT_CUR.T_PIF_DICTIONARY (DICT_NO, DICT_VALUE, DICT_NAME, DICT_CAPTION)
values (83, '1', '授权卡状态', '正常');
insert into YKT_CUR.T_PIF_DICTIONARY (DICT_NO, DICT_VALUE, DICT_NAME, DICT_CAPTION)
values (83, '2', '授权卡状态', '挂失');
insert into YKT_CUR.T_PIF_DICTIONARY (DICT_NO, DICT_VALUE, DICT_NAME, DICT_CAPTION)
values (83, '4', '授权卡状态', '注销');
insert into YKT_CUR.T_PIF_DICTIONARY (DICT_NO, DICT_VALUE, DICT_NAME, DICT_CAPTION)
values (1, '1', '系统状态', '流水入帐状态');
insert into YKT_CUR.T_PIF_DICTIONARY (DICT_NO, DICT_VALUE, DICT_NAME, DICT_CAPTION)
values (1, '2', '系统状态', '结算状态');
insert into YKT_CUR.T_PIF_DICTIONARY (DICT_NO, DICT_VALUE, DICT_NAME, DICT_CAPTION)
values (1, '3', '系统状态', '结算超时状态');
insert into YKT_CUR.T_PIF_DICTIONARY (DICT_NO, DICT_VALUE, DICT_NAME, DICT_CAPTION)
values (2, '1', '是否', '是');
insert into YKT_CUR.T_PIF_DICTIONARY (DICT_NO, DICT_VALUE, DICT_NAME, DICT_CAPTION)
values (2, '2', '是否', '否');
insert into YKT_CUR.T_PIF_DICTIONARY (DICT_NO, DICT_VALUE, DICT_NAME, DICT_CAPTION)
values (3, '1', '流水状态', '发起未入帐');
insert into YKT_CUR.T_PIF_DICTIONARY (DICT_NO, DICT_VALUE, DICT_NAME, DICT_CAPTION)
values (3, '2', '流水状态', '已入帐');
insert into YKT_CUR.T_PIF_DICTIONARY (DICT_NO, DICT_VALUE, DICT_NAME, DICT_CAPTION)
values (3, '3', '流水状态', '已结算汇总');
insert into YKT_CUR.T_PIF_DICTIONARY (DICT_NO, DICT_VALUE, DICT_NAME, DICT_CAPTION)
values (3, '4', '流水状态', '已冲正');
insert into YKT_CUR.T_PIF_DICTIONARY (DICT_NO, DICT_VALUE, DICT_NAME, DICT_CAPTION)
values (3, '5', '流水状态', '结算时段采集未入帐流水');
insert into YKT_CUR.T_PIF_DICTIONARY (DICT_NO, DICT_VALUE, DICT_NAME, DICT_CAPTION)
values (3, '6', '流水状态', '重复上传异常状态');
insert into YKT_CUR.T_PIF_DICTIONARY (DICT_NO, DICT_VALUE, DICT_NAME, DICT_CAPTION)
values (3, '7', '流水状态', '已归档');
insert into YKT_CUR.T_PIF_DICTIONARY (DICT_NO, DICT_VALUE, DICT_NAME, DICT_CAPTION)
values (3, '8', '流水状态', '入帐异常');
insert into YKT_CUR.T_PIF_DICTIONARY (DICT_NO, DICT_VALUE, DICT_NAME, DICT_CAPTION)
values (3, '9', '流水状态', '发起');
insert into YKT_CUR.T_PIF_DICTIONARY (DICT_NO, DICT_VALUE, DICT_NAME, DICT_CAPTION)
values (3, '10', '流水状态', '上传流水数据错误');
insert into YKT_CUR.T_PIF_DICTIONARY (DICT_NO, DICT_VALUE, DICT_NAME, DICT_CAPTION)
values (4, '1', '写卡状态', '发起未写入白名单');
insert into YKT_CUR.T_PIF_DICTIONARY (DICT_NO, DICT_VALUE, DICT_NAME, DICT_CAPTION)
values (4, '2', '写卡状态', '写入白名单');
insert into YKT_CUR.T_PIF_DICTIONARY (DICT_NO, DICT_VALUE, DICT_NAME, DICT_CAPTION)
values (4, '3', '写卡状态', '已写卡');
insert into YKT_CUR.T_PIF_DICTIONARY (DICT_NO, DICT_VALUE, DICT_NAME, DICT_CAPTION)
values (5, '1', '设备状态', '注册');
insert into YKT_CUR.T_PIF_DICTIONARY (DICT_NO, DICT_VALUE, DICT_NAME, DICT_CAPTION)
values (5, '2', '设备状态', '签到后联机');
insert into YKT_CUR.T_PIF_DICTIONARY (DICT_NO, DICT_VALUE, DICT_NAME, DICT_CAPTION)
values (5, '3', '设备状态', '签到后脱机');
insert into YKT_CUR.T_PIF_DICTIONARY (DICT_NO, DICT_VALUE, DICT_NAME, DICT_CAPTION)
values (5, '4', '设备状态', '签出');
insert into YKT_CUR.T_PIF_DICTIONARY (DICT_NO, DICT_VALUE, DICT_NAME, DICT_CAPTION)
values (5, '5', '设备状态', '注销');
insert into YKT_CUR.T_PIF_DICTIONARY (DICT_NO, DICT_VALUE, DICT_NAME, DICT_CAPTION)
values (6, '1', '设备类型', '已删除被三九机型代码代替');
insert into YKT_CUR.T_PIF_DICTIONARY (DICT_NO, DICT_VALUE, DICT_NAME, DICT_CAPTION)
values (7, '1', '子系统状态', '预注册');
insert into YKT_CUR.T_PIF_DICTIONARY (DICT_NO, DICT_VALUE, DICT_NAME, DICT_CAPTION)
values (7, '2', '子系统状态', '注册');
insert into YKT_CUR.T_PIF_DICTIONARY (DICT_NO, DICT_VALUE, DICT_NAME, DICT_CAPTION)
values (7, '3', '子系统状态', '签到后联机');
insert into YKT_CUR.T_PIF_DICTIONARY (DICT_NO, DICT_VALUE, DICT_NAME, DICT_CAPTION)
values (7, '4', '子系统状态', '签到后脱机');
insert into YKT_CUR.T_PIF_DICTIONARY (DICT_NO, DICT_VALUE, DICT_NAME, DICT_CAPTION)
values (7, '5', '子系统状态', '签出');
insert into YKT_CUR.T_PIF_DICTIONARY (DICT_NO, DICT_VALUE, DICT_NAME, DICT_CAPTION)
values (7, '6', '子系统状态', '注销');
insert into YKT_CUR.T_PIF_DICTIONARY (DICT_NO, DICT_VALUE, DICT_NAME, DICT_CAPTION)
values (8, '12', '子系统类型', '三九前置机');
insert into YKT_CUR.T_PIF_DICTIONARY (DICT_NO, DICT_VALUE, DICT_NAME, DICT_CAPTION)
values (8, '13', '子系统类型', '前台程序');
insert into YKT_CUR.T_PIF_DICTIONARY (DICT_NO, DICT_VALUE, DICT_NAME, DICT_CAPTION)
values (9, '1', '学生状态', '注册');
insert into YKT_CUR.T_PIF_DICTIONARY (DICT_NO, DICT_VALUE, DICT_NAME, DICT_CAPTION)
values (9, '2', '学生状态', '休学');
insert into YKT_CUR.T_PIF_DICTIONARY (DICT_NO, DICT_VALUE, DICT_NAME, DICT_CAPTION)
values (9, '3', '学生状态', '毕业注销');
insert into YKT_CUR.T_PIF_DICTIONARY (DICT_NO, DICT_VALUE, DICT_NAME, DICT_CAPTION)
values (9, '4', '学生状态', '退学注销');
insert into YKT_CUR.T_PIF_DICTIONARY (DICT_NO, DICT_VALUE, DICT_NAME, DICT_CAPTION)
values (10, '1', '已删除', '已删除');
insert into YKT_CUR.T_PIF_DICTIONARY (DICT_NO, DICT_VALUE, DICT_NAME, DICT_CAPTION)
values (11, '1', '员工状态', '注册');
insert into YKT_CUR.T_PIF_DICTIONARY (DICT_NO, DICT_VALUE, DICT_NAME, DICT_CAPTION)
values (11, '2', '员工状态', '注销');
insert into YKT_CUR.T_PIF_DICTIONARY (DICT_NO, DICT_VALUE, DICT_NAME, DICT_CAPTION)
values (12, '1', '已删除', '已删除');
insert into YKT_CUR.T_PIF_DICTIONARY (DICT_NO, DICT_VALUE, DICT_NAME, DICT_CAPTION)
values (13, '1', '商户状态', '注册');
insert into YKT_CUR.T_PIF_DICTIONARY (DICT_NO, DICT_VALUE, DICT_NAME, DICT_CAPTION)
values (13, '2', '商户状态', '注销');
insert into YKT_CUR.T_PIF_DICTIONARY (DICT_NO, DICT_VALUE, DICT_NAME, DICT_CAPTION)
values (14, '1', '商户类型', '独立核算盈利类');
insert into YKT_CUR.T_PIF_DICTIONARY (DICT_NO, DICT_VALUE, DICT_NAME, DICT_CAPTION)
values (14, '2', '商户类型', '非独立核算盈利类');
insert into YKT_CUR.T_PIF_DICTIONARY (DICT_NO, DICT_VALUE, DICT_NAME, DICT_CAPTION)
values (14, '3', '商户类型', '学校公共类');
insert into YKT_CUR.T_PIF_DICTIONARY (DICT_NO, DICT_VALUE, DICT_NAME, DICT_CAPTION)
values (15, '1', '客户状态', '注册');
insert into YKT_CUR.T_PIF_DICTIONARY (DICT_NO, DICT_VALUE, DICT_NAME, DICT_CAPTION)
values (15, '2', '客户状态', '注销');
insert into YKT_CUR.T_PIF_DICTIONARY (DICT_NO, DICT_VALUE, DICT_NAME, DICT_CAPTION)
values (16, '1', '已删除', '已删除');
insert into YKT_CUR.T_PIF_DICTIONARY (DICT_NO, DICT_VALUE, DICT_NAME, DICT_CAPTION)
values (17, '1000', '卡状态', '正常');
insert into YKT_CUR.T_PIF_DICTIONARY (DICT_NO, DICT_VALUE, DICT_NAME, DICT_CAPTION)
values (17, '2000', '卡状态', '注销');
insert into YKT_CUR.T_PIF_DICTIONARY (DICT_NO, DICT_VALUE, DICT_NAME, DICT_CAPTION)
values (17, '1100', '卡状态', '挂失');
insert into YKT_CUR.T_PIF_DICTIONARY (DICT_NO, DICT_VALUE, DICT_NAME, DICT_CAPTION)
values (17, '1010', '卡状态', '冻结');
insert into YKT_CUR.T_PIF_DICTIONARY (DICT_NO, DICT_VALUE, DICT_NAME, DICT_CAPTION)
values (17, '1001', '卡状态', '写卡失败');
insert into YKT_CUR.T_PIF_DICTIONARY (DICT_NO, DICT_VALUE, DICT_NAME, DICT_CAPTION)
values (17, '1011', '卡状态', '冻结写卡失败');
insert into YKT_CUR.T_PIF_DICTIONARY (DICT_NO, DICT_VALUE, DICT_NAME, DICT_CAPTION)
values (17, '1101', '卡状态', '挂失写卡失败');
insert into YKT_CUR.T_PIF_DICTIONARY (DICT_NO, DICT_VALUE, DICT_NAME, DICT_CAPTION)
values (17, '1110', '卡状态', '挂失冻结');
insert into YKT_CUR.T_PIF_DICTIONARY (DICT_NO, DICT_VALUE, DICT_NAME, DICT_CAPTION)
values (17, '1111', '卡状态', '挂失冻结写卡失败');
insert into YKT_CUR.T_PIF_DICTIONARY (DICT_NO, DICT_VALUE, DICT_NAME, DICT_CAPTION)
values (18, '1', '卡类型', '正式卡');
insert into YKT_CUR.T_PIF_DICTIONARY (DICT_NO, DICT_VALUE, DICT_NAME, DICT_CAPTION)
values (18, '2', '卡类型', '临时卡');
insert into YKT_CUR.T_PIF_DICTIONARY (DICT_NO, DICT_VALUE, DICT_NAME, DICT_CAPTION)
values (18, '3', '卡类型', '不记名临时卡');
insert into YKT_CUR.T_PIF_DICTIONARY (DICT_NO, DICT_VALUE, DICT_NAME, DICT_CAPTION)
values (19, '1', '帐户状态', '注册');
insert into YKT_CUR.T_PIF_DICTIONARY (DICT_NO, DICT_VALUE, DICT_NAME, DICT_CAPTION)
values (19, '2', '帐户状态', '注销');
insert into YKT_CUR.T_PIF_DICTIONARY (DICT_NO, DICT_VALUE, DICT_NAME, DICT_CAPTION)
values (19, '3', '帐户状态', '冻结');
insert into YKT_CUR.T_PIF_DICTIONARY (DICT_NO, DICT_VALUE, DICT_NAME, DICT_CAPTION)
values (20, '1', '已删除', '已删除');
insert into YKT_CUR.T_PIF_DICTIONARY (DICT_NO, DICT_VALUE, DICT_NAME, DICT_CAPTION)
values (21, '1', '入帐资金类型', '食堂、商店消费类');
insert into YKT_CUR.T_PIF_DICTIONARY (DICT_NO, DICT_VALUE, DICT_NAME, DICT_CAPTION)
values (21, '2', '入帐资金类型', '手续费');
insert into YKT_CUR.T_PIF_DICTIONARY (DICT_NO, DICT_VALUE, DICT_NAME, DICT_CAPTION)
values (21, '3', '入帐资金类型', '押金');
insert into YKT_CUR.T_PIF_DICTIONARY (DICT_NO, DICT_VALUE, DICT_NAME, DICT_CAPTION)
values (21, '4', '入帐资金类型', '充值金');
insert into YKT_CUR.T_PIF_DICTIONARY (DICT_NO, DICT_VALUE, DICT_NAME, DICT_CAPTION)
values (21, '5', '入帐资金类型', '退回金');
insert into YKT_CUR.T_PIF_DICTIONARY (DICT_NO, DICT_VALUE, DICT_NAME, DICT_CAPTION)
values (21, '6', '入帐资金类型', '管理费');
insert into YKT_CUR.T_PIF_DICTIONARY (DICT_NO, DICT_VALUE, DICT_NAME, DICT_CAPTION)
values (22, '1', '已删除', '已删除');
insert into YKT_CUR.T_PIF_DICTIONARY (DICT_NO, DICT_VALUE, DICT_NAME, DICT_CAPTION)
values (23, '1', '已删除', '已删除');
insert into YKT_CUR.T_PIF_DICTIONARY (DICT_NO, DICT_VALUE, DICT_NAME, DICT_CAPTION)
values (24, '1', '归档内容', '流水表');
insert into YKT_CUR.T_PIF_DICTIONARY (DICT_NO, DICT_VALUE, DICT_NAME, DICT_CAPTION)
values (24, '2', '归档内容', '汇总、结算表');
insert into YKT_CUR.T_PIF_DICTIONARY (DICT_NO, DICT_VALUE, DICT_NAME, DICT_CAPTION)
values (24, '3', '归档内容', '流水表、汇总、结算表');
insert into YKT_CUR.T_PIF_DICTIONARY (DICT_NO, DICT_VALUE, DICT_NAME, DICT_CAPTION)
values (25, '1', '挂失期限类别', '无限延期');
insert into YKT_CUR.T_PIF_DICTIONARY (DICT_NO, DICT_VALUE, DICT_NAME, DICT_CAPTION)
values (25, '2', '挂失期限类别', '用户指定');
insert into YKT_CUR.T_PIF_DICTIONARY (DICT_NO, DICT_VALUE, DICT_NAME, DICT_CAPTION)
values (26, '1', '借贷标识', '借方');
insert into YKT_CUR.T_PIF_DICTIONARY (DICT_NO, DICT_VALUE, DICT_NAME, DICT_CAPTION)
values (26, '2', '借贷标识', '贷方');
insert into YKT_CUR.T_PIF_DICTIONARY (DICT_NO, DICT_VALUE, DICT_NAME, DICT_CAPTION)
values (27, '1', '借方标志', '读默认');
insert into YKT_CUR.T_PIF_DICTIONARY (DICT_NO, DICT_VALUE, DICT_NAME, DICT_CAPTION)
values (27, '2', '借方标志', '读输入');
insert into YKT_CUR.T_PIF_DICTIONARY (DICT_NO, DICT_VALUE, DICT_NAME, DICT_CAPTION)
values (27, '3', '借方标志', '读配置');
insert into YKT_CUR.T_PIF_DICTIONARY (DICT_NO, DICT_VALUE, DICT_NAME, DICT_CAPTION)
values (28, '1', '凭证类别', '收款凭证');
insert into YKT_CUR.T_PIF_DICTIONARY (DICT_NO, DICT_VALUE, DICT_NAME, DICT_CAPTION)
values (28, '2', '凭证类别', '付款凭证');
insert into YKT_CUR.T_PIF_DICTIONARY (DICT_NO, DICT_VALUE, DICT_NAME, DICT_CAPTION)
values (28, '3', '凭证类别', '转帐凭证');
insert into YKT_CUR.T_PIF_DICTIONARY (DICT_NO, DICT_VALUE, DICT_NAME, DICT_CAPTION)
values (29, '1', '科目类别', '资产');
insert into YKT_CUR.T_PIF_DICTIONARY (DICT_NO, DICT_VALUE, DICT_NAME, DICT_CAPTION)
values (29, '2', '科目类别', '负债');
insert into YKT_CUR.T_PIF_DICTIONARY (DICT_NO, DICT_VALUE, DICT_NAME, DICT_CAPTION)
values (29, '3', '科目类别', '所有者权益');
insert into YKT_CUR.T_PIF_DICTIONARY (DICT_NO, DICT_VALUE, DICT_NAME, DICT_CAPTION)
values (29, '4', '科目类别', '成本');
insert into YKT_CUR.T_PIF_DICTIONARY (DICT_NO, DICT_VALUE, DICT_NAME, DICT_CAPTION)
values (29, '5', '科目类别', '损益');
insert into YKT_CUR.T_PIF_DICTIONARY (DICT_NO, DICT_VALUE, DICT_NAME, DICT_CAPTION)
values (30, '1', '科目余额方向', '借');
insert into YKT_CUR.T_PIF_DICTIONARY (DICT_NO, DICT_VALUE, DICT_NAME, DICT_CAPTION)
values (30, '2', '科目余额方向', '贷');
insert into YKT_CUR.T_PIF_DICTIONARY (DICT_NO, DICT_VALUE, DICT_NAME, DICT_CAPTION)
values (64, '1', '开关', '是');
insert into YKT_CUR.T_PIF_DICTIONARY (DICT_NO, DICT_VALUE, DICT_NAME, DICT_CAPTION)
values (31, '1', '科目性质', '现金');
insert into YKT_CUR.T_PIF_DICTIONARY (DICT_NO, DICT_VALUE, DICT_NAME, DICT_CAPTION)
values (31, '2', '科目性质', '银行');
insert into YKT_CUR.T_PIF_DICTIONARY (DICT_NO, DICT_VALUE, DICT_NAME, DICT_CAPTION)
values (31, '3', '科目性质', '往来');
insert into YKT_CUR.T_PIF_DICTIONARY (DICT_NO, DICT_VALUE, DICT_NAME, DICT_CAPTION)
values (31, '4', '科目性质', '费用');
insert into YKT_CUR.T_PIF_DICTIONARY (DICT_NO, DICT_VALUE, DICT_NAME, DICT_CAPTION)
values (31, '5', '科目性质', '数量');
insert into YKT_CUR.T_PIF_DICTIONARY (DICT_NO, DICT_VALUE, DICT_NAME, DICT_CAPTION)
values (31, '6', '科目性质', '部门');
insert into YKT_CUR.T_PIF_DICTIONARY (DICT_NO, DICT_VALUE, DICT_NAME, DICT_CAPTION)
values (31, '7', '科目性质', '个人');
insert into YKT_CUR.T_PIF_DICTIONARY (DICT_NO, DICT_VALUE, DICT_NAME, DICT_CAPTION)
values (31, '8', '科目性质', '项目');
insert into YKT_CUR.T_PIF_DICTIONARY (DICT_NO, DICT_VALUE, DICT_NAME, DICT_CAPTION)
values (31, '9', '科目性质', '对帐');
insert into YKT_CUR.T_PIF_DICTIONARY (DICT_NO, DICT_VALUE, DICT_NAME, DICT_CAPTION)
values (31, '10', '科目性质', '转帐');
insert into YKT_CUR.T_PIF_DICTIONARY (DICT_NO, DICT_VALUE, DICT_NAME, DICT_CAPTION)
values (32, '1', '末级标志', '是');
insert into YKT_CUR.T_PIF_DICTIONARY (DICT_NO, DICT_VALUE, DICT_NAME, DICT_CAPTION)
values (32, '2', '末级标志', '非');
insert into YKT_CUR.T_PIF_DICTIONARY (DICT_NO, DICT_VALUE, DICT_NAME, DICT_CAPTION)
values (33, '1', '已删除', '已删除');
insert into YKT_CUR.T_PIF_DICTIONARY (DICT_NO, DICT_VALUE, DICT_NAME, DICT_CAPTION)
values (34, '1', '已删除', '已删除');
insert into YKT_CUR.T_PIF_DICTIONARY (DICT_NO, DICT_VALUE, DICT_NAME, DICT_CAPTION)
values (35, '1', '已删除', '已删除');
insert into YKT_CUR.T_PIF_DICTIONARY (DICT_NO, DICT_VALUE, DICT_NAME, DICT_CAPTION)
values (36, '1', '卡生产厂商', '飞利浦');
insert into YKT_CUR.T_PIF_DICTIONARY (DICT_NO, DICT_VALUE, DICT_NAME, DICT_CAPTION)
values (36, '2', '卡生产厂商', '微星');
insert into YKT_CUR.T_PIF_DICTIONARY (DICT_NO, DICT_VALUE, DICT_NAME, DICT_CAPTION)
values (37, '1', '区域级别', '根');
insert into YKT_CUR.T_PIF_DICTIONARY (DICT_NO, DICT_VALUE, DICT_NAME, DICT_CAPTION)
values (37, '2', '区域级别', '校区');
insert into YKT_CUR.T_PIF_DICTIONARY (DICT_NO, DICT_VALUE, DICT_NAME, DICT_CAPTION)
values (37, '3', '区域级别', '楼');
insert into YKT_CUR.T_PIF_DICTIONARY (DICT_NO, DICT_VALUE, DICT_NAME, DICT_CAPTION)
values (37, '4', '区域级别', '楼层');
insert into YKT_CUR.T_PIF_DICTIONARY (DICT_NO, DICT_VALUE, DICT_NAME, DICT_CAPTION)
values (37, '5', '区域级别', '窗口');
insert into YKT_CUR.T_PIF_DICTIONARY (DICT_NO, DICT_VALUE, DICT_NAME, DICT_CAPTION)
values (38, '1', '账号类别', '个人主账号');
insert into YKT_CUR.T_PIF_DICTIONARY (DICT_NO, DICT_VALUE, DICT_NAME, DICT_CAPTION)
values (38, '2', '账号类别', '商户主账号');
insert into YKT_CUR.T_PIF_DICTIONARY (DICT_NO, DICT_VALUE, DICT_NAME, DICT_CAPTION)
values (38, '3', '账号类别', '个人副账号');
insert into YKT_CUR.T_PIF_DICTIONARY (DICT_NO, DICT_VALUE, DICT_NAME, DICT_CAPTION)
values (38, '4', '账号类别', '商户副账号');
insert into YKT_CUR.T_PIF_DICTIONARY (DICT_NO, DICT_VALUE, DICT_NAME, DICT_CAPTION)
values (38, '5', '账号类别', '学校虚拟账号-与学校交互');
insert into YKT_CUR.T_PIF_DICTIONARY (DICT_NO, DICT_VALUE, DICT_NAME, DICT_CAPTION)
values (38, '6', '账号类别', '学校虚拟账号-与银行交互');
insert into YKT_CUR.T_PIF_DICTIONARY (DICT_NO, DICT_VALUE, DICT_NAME, DICT_CAPTION)
values (38, '7', '账号类别', '学校虚拟账号-与现金交互');
insert into YKT_CUR.T_PIF_DICTIONARY (DICT_NO, DICT_VALUE, DICT_NAME, DICT_CAPTION)
values (38, '8', '账号类别', '学校虚拟账号-与财务交互');
insert into YKT_CUR.T_PIF_DICTIONARY (DICT_NO, DICT_VALUE, DICT_NAME, DICT_CAPTION)
values (39, '1', '性别', '男');
insert into YKT_CUR.T_PIF_DICTIONARY (DICT_NO, DICT_VALUE, DICT_NAME, DICT_CAPTION)
values (39, '2', '性别', '女');
insert into YKT_CUR.T_PIF_DICTIONARY (DICT_NO, DICT_VALUE, DICT_NAME, DICT_CAPTION)
values (40, '1', '已删除', '已删除');
insert into YKT_CUR.T_PIF_DICTIONARY (DICT_NO, DICT_VALUE, DICT_NAME, DICT_CAPTION)
values (41, '1', '外部系统标识', '农行1');
insert into YKT_CUR.T_PIF_DICTIONARY (DICT_NO, DICT_VALUE, DICT_NAME, DICT_CAPTION)
values (41, '2', '外部系统标识', '农行2');
insert into YKT_CUR.T_PIF_DICTIONARY (DICT_NO, DICT_VALUE, DICT_NAME, DICT_CAPTION)
values (42, '1', '授权卡状态', '注册');
insert into YKT_CUR.T_PIF_DICTIONARY (DICT_NO, DICT_VALUE, DICT_NAME, DICT_CAPTION)
values (42, '2', '授权卡状态', '注销');
insert into YKT_CUR.T_PIF_DICTIONARY (DICT_NO, DICT_VALUE, DICT_NAME, DICT_CAPTION)
values (43, '1', '授权卡类别', '授权母卡');
insert into YKT_CUR.T_PIF_DICTIONARY (DICT_NO, DICT_VALUE, DICT_NAME, DICT_CAPTION)
values (43, '2', '授权卡类别', '消费密钥卡');
insert into YKT_CUR.T_PIF_DICTIONARY (DICT_NO, DICT_VALUE, DICT_NAME, DICT_CAPTION)
values (43, '3', '授权卡类别', '充值密钥卡');
insert into YKT_CUR.T_PIF_DICTIONARY (DICT_NO, DICT_VALUE, DICT_NAME, DICT_CAPTION)
values (44, '1', '增删标志', '增加');
insert into YKT_CUR.T_PIF_DICTIONARY (DICT_NO, DICT_VALUE, DICT_NAME, DICT_CAPTION)
values (44, '2', '增删标志', '删除');
insert into YKT_CUR.T_PIF_DICTIONARY (DICT_NO, DICT_VALUE, DICT_NAME, DICT_CAPTION)
values (45, '1', '消息队列状态', '等待发起请求');
insert into YKT_CUR.T_PIF_DICTIONARY (DICT_NO, DICT_VALUE, DICT_NAME, DICT_CAPTION)
values (45, '2', '消息队列状态', '已发起请求');
insert into YKT_CUR.T_PIF_DICTIONARY (DICT_NO, DICT_VALUE, DICT_NAME, DICT_CAPTION)
values (45, '3', '消息队列状态', '执行成功');
insert into YKT_CUR.T_PIF_DICTIONARY (DICT_NO, DICT_VALUE, DICT_NAME, DICT_CAPTION)
values (45, '4', '消息队列状态', '执行失败');
insert into YKT_CUR.T_PIF_DICTIONARY (DICT_NO, DICT_VALUE, DICT_NAME, DICT_CAPTION)
values (46, '1', '三九机号', '1');
insert into YKT_CUR.T_PIF_DICTIONARY (DICT_NO, DICT_VALUE, DICT_NAME, DICT_CAPTION)
values (46, '2', '三九机号', '2');
insert into YKT_CUR.T_PIF_DICTIONARY (DICT_NO, DICT_VALUE, DICT_NAME, DICT_CAPTION)
values (47, '5301', '三九机型代码', 'Lanport');
insert into YKT_CUR.T_PIF_DICTIONARY (DICT_NO, DICT_VALUE, DICT_NAME, DICT_CAPTION)
values (47, '0201', '三九机型代码', '增值机');
insert into YKT_CUR.T_PIF_DICTIONARY (DICT_NO, DICT_VALUE, DICT_NAME, DICT_CAPTION)
values (47, '0226', '三九机型代码', '收费机');
insert into YKT_CUR.T_PIF_DICTIONARY (DICT_NO, DICT_VALUE, DICT_NAME, DICT_CAPTION)
values (47, '0228', '三九机型代码', '车载机');
insert into YKT_CUR.T_PIF_DICTIONARY (DICT_NO, DICT_VALUE, DICT_NAME, DICT_CAPTION)
values (47, '0230', '三九机型代码', '管理机');
insert into YKT_CUR.T_PIF_DICTIONARY (DICT_NO, DICT_VALUE, DICT_NAME, DICT_CAPTION)
values (47, '0232', '三九机型代码', '上机上网机');
insert into YKT_CUR.T_PIF_DICTIONARY (DICT_NO, DICT_VALUE, DICT_NAME, DICT_CAPTION)
values (47, '0234', '三九机型代码', '淋浴管理机');
insert into YKT_CUR.T_PIF_DICTIONARY (DICT_NO, DICT_VALUE, DICT_NAME, DICT_CAPTION)
values (47, '0240', '三九机型代码', '售票机');
insert into YKT_CUR.T_PIF_DICTIONARY (DICT_NO, DICT_VALUE, DICT_NAME, DICT_CAPTION)
values (47, '0130', '三九机型代码', '身份识别机');
insert into YKT_CUR.T_PIF_DICTIONARY (DICT_NO, DICT_VALUE, DICT_NAME, DICT_CAPTION)
values (47, '0140', '三九机型代码', '检票机');
insert into YKT_CUR.T_PIF_DICTIONARY (DICT_NO, DICT_VALUE, DICT_NAME, DICT_CAPTION)
values (47, '0121', '三九机型代码', '计时宝');
insert into YKT_CUR.T_PIF_DICTIONARY (DICT_NO, DICT_VALUE, DICT_NAME, DICT_CAPTION)
values (47, '0224', '三九机型代码', '挂失机');
insert into YKT_CUR.T_PIF_DICTIONARY (DICT_NO, DICT_VALUE, DICT_NAME, DICT_CAPTION)
values (47, '0236', '三九机型代码', '独立式淋浴计费器');
insert into YKT_CUR.T_PIF_DICTIONARY (DICT_NO, DICT_VALUE, DICT_NAME, DICT_CAPTION)
values (47, '1055', '三九机型代码', '手持机（计费）');
insert into YKT_CUR.T_PIF_DICTIONARY (DICT_NO, DICT_VALUE, DICT_NAME, DICT_CAPTION)
values (47, '5501', '三九机型代码', '扇型通道机');
insert into YKT_CUR.T_PIF_DICTIONARY (DICT_NO, DICT_VALUE, DICT_NAME, DICT_CAPTION)
values (47, '1056', '三九机型代码', '手持机(计费+补助)');
insert into YKT_CUR.T_PIF_DICTIONARY (DICT_NO, DICT_VALUE, DICT_NAME, DICT_CAPTION)
values (48, '00', '三九卡片结构', 'M1卡');
insert into YKT_CUR.T_PIF_DICTIONARY (DICT_NO, DICT_VALUE, DICT_NAME, DICT_CAPTION)
values (48, '64', '三九卡片结构', 'V22 卡');
insert into YKT_CUR.T_PIF_DICTIONARY (DICT_NO, DICT_VALUE, DICT_NAME, DICT_CAPTION)
values (48, '65', '三九卡片结构', 'V10 卡');
insert into YKT_CUR.T_PIF_DICTIONARY (DICT_NO, DICT_VALUE, DICT_NAME, DICT_CAPTION)
values (49, '1', '已删除', '已删除');
insert into YKT_CUR.T_PIF_DICTIONARY (DICT_NO, DICT_VALUE, DICT_NAME, DICT_CAPTION)
values (50, '1', '三九链路模式', '串口');
insert into YKT_CUR.T_PIF_DICTIONARY (DICT_NO, DICT_VALUE, DICT_NAME, DICT_CAPTION)
values (50, '2', '三九链路模式', 'MODEM');
insert into YKT_CUR.T_PIF_DICTIONARY (DICT_NO, DICT_VALUE, DICT_NAME, DICT_CAPTION)
values (50, '3', '三九链路模式', 'TCP/IP协议');
insert into YKT_CUR.T_PIF_DICTIONARY (DICT_NO, DICT_VALUE, DICT_NAME, DICT_CAPTION)
values (51, '1', '三九数据通讯方式', '设备是被动方');
insert into YKT_CUR.T_PIF_DICTIONARY (DICT_NO, DICT_VALUE, DICT_NAME, DICT_CAPTION)
values (51, '2', '三九数据通讯方式', '设备是主动方');
insert into YKT_CUR.T_PIF_DICTIONARY (DICT_NO, DICT_VALUE, DICT_NAME, DICT_CAPTION)
values (52, '1', '三九密码开关', '使用密码');
insert into YKT_CUR.T_PIF_DICTIONARY (DICT_NO, DICT_VALUE, DICT_NAME, DICT_CAPTION)
values (52, '0', '三九密码开关', '不使用密码');
insert into YKT_CUR.T_PIF_DICTIONARY (DICT_NO, DICT_VALUE, DICT_NAME, DICT_CAPTION)
values (53, '1', '已删除', '已删除');
insert into YKT_CUR.T_PIF_DICTIONARY (DICT_NO, DICT_VALUE, DICT_NAME, DICT_CAPTION)
values (54, '1', '已删除', '已删除');
insert into YKT_CUR.T_PIF_DICTIONARY (DICT_NO, DICT_VALUE, DICT_NAME, DICT_CAPTION)
values (55, '00', '三九收费机增强功能开关', '全部关');
insert into YKT_CUR.T_PIF_DICTIONARY (DICT_NO, DICT_VALUE, DICT_NAME, DICT_CAPTION)
values (55, '20', '三九收费机增强功能开关', '补助开');
insert into YKT_CUR.T_PIF_DICTIONARY (DICT_NO, DICT_VALUE, DICT_NAME, DICT_CAPTION)
values (55, '40', '三九收费机增强功能开关', '签到开');
insert into YKT_CUR.T_PIF_DICTIONARY (DICT_NO, DICT_VALUE, DICT_NAME, DICT_CAPTION)
values (55, '60', '三九收费机增强功能开关', '补助签到开');
insert into YKT_CUR.T_PIF_DICTIONARY (DICT_NO, DICT_VALUE, DICT_NAME, DICT_CAPTION)
values (55, '80', '三九收费机增强功能开关', '结帐开');
insert into YKT_CUR.T_PIF_DICTIONARY (DICT_NO, DICT_VALUE, DICT_NAME, DICT_CAPTION)
values (55, 'A0', '三九收费机增强功能开关', '结帐补助开');
insert into YKT_CUR.T_PIF_DICTIONARY (DICT_NO, DICT_VALUE, DICT_NAME, DICT_CAPTION)
values (55, 'C0', '三九收费机增强功能开关', '结帐签到开');
insert into YKT_CUR.T_PIF_DICTIONARY (DICT_NO, DICT_VALUE, DICT_NAME, DICT_CAPTION)
values (55, 'E0', '三九收费机增强功能开关', '全部开');
insert into YKT_CUR.T_PIF_DICTIONARY (DICT_NO, DICT_VALUE, DICT_NAME, DICT_CAPTION)
values (56, '1', '三九防火防盗状态', '常态');
insert into YKT_CUR.T_PIF_DICTIONARY (DICT_NO, DICT_VALUE, DICT_NAME, DICT_CAPTION)
values (56, '2', '三九防火防盗状态', '防火');
insert into YKT_CUR.T_PIF_DICTIONARY (DICT_NO, DICT_VALUE, DICT_NAME, DICT_CAPTION)
values (56, '3', '三九防火防盗状态', '防盗');
insert into YKT_CUR.T_PIF_DICTIONARY (DICT_NO, DICT_VALUE, DICT_NAME, DICT_CAPTION)
values (57, '1200', '三九波特率', '1200');
insert into YKT_CUR.T_PIF_DICTIONARY (DICT_NO, DICT_VALUE, DICT_NAME, DICT_CAPTION)
values (57, '2400', '三九波特率', '2400');
insert into YKT_CUR.T_PIF_DICTIONARY (DICT_NO, DICT_VALUE, DICT_NAME, DICT_CAPTION)
values (57, '4800', '三九波特率', '4800');
insert into YKT_CUR.T_PIF_DICTIONARY (DICT_NO, DICT_VALUE, DICT_NAME, DICT_CAPTION)
values (57, '9600', '三九波特率', '9600');
insert into YKT_CUR.T_PIF_DICTIONARY (DICT_NO, DICT_VALUE, DICT_NAME, DICT_CAPTION)
values (57, '19200', '三九波特率', '19200');
insert into YKT_CUR.T_PIF_DICTIONARY (DICT_NO, DICT_VALUE, DICT_NAME, DICT_CAPTION)
values (57, '28800', '三九波特率', '28800');
insert into YKT_CUR.T_PIF_DICTIONARY (DICT_NO, DICT_VALUE, DICT_NAME, DICT_CAPTION)
values (57, '38400', '三九波特率', '38400');
insert into YKT_CUR.T_PIF_DICTIONARY (DICT_NO, DICT_VALUE, DICT_NAME, DICT_CAPTION)
values (57, '57600', '三九波特率', '57600');
insert into YKT_CUR.T_PIF_DICTIONARY (DICT_NO, DICT_VALUE, DICT_NAME, DICT_CAPTION)
values (57, '115200', '三九波特率', '115200');
insert into YKT_CUR.T_PIF_DICTIONARY (DICT_NO, DICT_VALUE, DICT_NAME, DICT_CAPTION)
values (58, '10001', '三九通讯端口', '三九通讯端口');
insert into YKT_CUR.T_PIF_DICTIONARY (DICT_NO, DICT_VALUE, DICT_NAME, DICT_CAPTION)
values (59, '1', '三九钱包号', '钱包1');
insert into YKT_CUR.T_PIF_DICTIONARY (DICT_NO, DICT_VALUE, DICT_NAME, DICT_CAPTION)
values (59, '2', '三九钱包号', '钱包2');
insert into YKT_CUR.T_PIF_DICTIONARY (DICT_NO, DICT_VALUE, DICT_NAME, DICT_CAPTION)
values (59, '3', '三九钱包号', '钱包3');
insert into YKT_CUR.T_PIF_DICTIONARY (DICT_NO, DICT_VALUE, DICT_NAME, DICT_CAPTION)
values (59, '4', '三九钱包号', '钱包4');
insert into YKT_CUR.T_PIF_DICTIONARY (DICT_NO, DICT_VALUE, DICT_NAME, DICT_CAPTION)
values (60, '1', '已删除', '已删除');
insert into YKT_CUR.T_PIF_DICTIONARY (DICT_NO, DICT_VALUE, DICT_NAME, DICT_CAPTION)
values (61, '1', '设备任务', '下传设备时钟');
insert into YKT_CUR.T_PIF_DICTIONARY (DICT_NO, DICT_VALUE, DICT_NAME, DICT_CAPTION)
values (61, '2', '设备任务', '上传设备时钟');
insert into YKT_CUR.T_PIF_DICTIONARY (DICT_NO, DICT_VALUE, DICT_NAME, DICT_CAPTION)
values (61, '3', '设备任务', '下传黑名单');
insert into YKT_CUR.T_PIF_DICTIONARY (DICT_NO, DICT_VALUE, DICT_NAME, DICT_CAPTION)
values (61, '4', '设备任务', '删除黑名单');
insert into YKT_CUR.T_PIF_DICTIONARY (DICT_NO, DICT_VALUE, DICT_NAME, DICT_CAPTION)
values (61, '5', '设备任务', '下传增量黑名单');
insert into YKT_CUR.T_PIF_DICTIONARY (DICT_NO, DICT_VALUE, DICT_NAME, DICT_CAPTION)
values (61, '6', '设备任务', '下传搭伙费比率');
insert into YKT_CUR.T_PIF_DICTIONARY (DICT_NO, DICT_VALUE, DICT_NAME, DICT_CAPTION)
values (61, '7', '设备任务', '下传设备主参数');
insert into YKT_CUR.T_PIF_DICTIONARY (DICT_NO, DICT_VALUE, DICT_NAME, DICT_CAPTION)
values (61, '8', '设备任务', '上传设备主参数');
insert into YKT_CUR.T_PIF_DICTIONARY (DICT_NO, DICT_VALUE, DICT_NAME, DICT_CAPTION)
values (61, '9', '设备任务', '设置补助开关');
insert into YKT_CUR.T_PIF_DICTIONARY (DICT_NO, DICT_VALUE, DICT_NAME, DICT_CAPTION)
values (61, '10', '设备任务', '下传大额消费限额');
insert into YKT_CUR.T_PIF_DICTIONARY (DICT_NO, DICT_VALUE, DICT_NAME, DICT_CAPTION)
values (61, '11', '设备任务', '设置消费编号及版本');
insert into YKT_CUR.T_PIF_DICTIONARY (DICT_NO, DICT_VALUE, DICT_NAME, DICT_CAPTION)
values (61, '12', '设备任务', '设置消费快捷编号');
insert into YKT_CUR.T_PIF_DICTIONARY (DICT_NO, DICT_VALUE, DICT_NAME, DICT_CAPTION)
values (61, '13', '设备任务', '设置消费时间段参数');
insert into YKT_CUR.T_PIF_DICTIONARY (DICT_NO, DICT_VALUE, DICT_NAME, DICT_CAPTION)
values (61, '14', '设备任务', '防火防盗状态设置');
insert into YKT_CUR.T_PIF_DICTIONARY (DICT_NO, DICT_VALUE, DICT_NAME, DICT_CAPTION)
values (61, '15', '设备任务', '设备控制');
insert into YKT_CUR.T_PIF_DICTIONARY (DICT_NO, DICT_VALUE, DICT_NAME, DICT_CAPTION)
values (61, '16', '设备任务', '采集历史消费流水');
insert into YKT_CUR.T_PIF_DICTIONARY (DICT_NO, DICT_VALUE, DICT_NAME, DICT_CAPTION)
values (61, '17', '设备任务', '采集历史补助发放流水');
insert into YKT_CUR.T_PIF_DICTIONARY (DICT_NO, DICT_VALUE, DICT_NAME, DICT_CAPTION)
values (61, '18', '设备任务', '采集历史现金充值流水');
insert into YKT_CUR.T_PIF_DICTIONARY (DICT_NO, DICT_VALUE, DICT_NAME, DICT_CAPTION)
values (61, '19', '设备任务', '采集历史设备结账流水');
insert into YKT_CUR.T_PIF_DICTIONARY (DICT_NO, DICT_VALUE, DICT_NAME, DICT_CAPTION)
values (61, '20', '设备任务', '下传补助发放名单');
insert into YKT_CUR.T_PIF_DICTIONARY (DICT_NO, DICT_VALUE, DICT_NAME, DICT_CAPTION)
values (61, '21', '设备任务', '下传设备档案信息');
insert into YKT_CUR.T_PIF_DICTIONARY (DICT_NO, DICT_VALUE, DICT_NAME, DICT_CAPTION)
values (61, '22', '设备任务', '下传设备监控参数');
insert into YKT_CUR.T_PIF_DICTIONARY (DICT_NO, DICT_VALUE, DICT_NAME, DICT_CAPTION)
values (61, '23', '设备任务', '采集现金充值管理费流水');
insert into YKT_CUR.T_PIF_DICTIONARY (DICT_NO, DICT_VALUE, DICT_NAME, DICT_CAPTION)
values (61, '24', '设备任务', '设置一天累计消费限额');
insert into YKT_CUR.T_PIF_DICTIONARY (DICT_NO, DICT_VALUE, DICT_NAME, DICT_CAPTION)
values (61, '25', '设备任务', '初始化LPORT端口参数');
insert into YKT_CUR.T_PIF_DICTIONARY (DICT_NO, DICT_VALUE, DICT_NAME, DICT_CAPTION)
values (61, '26', '设备任务', '设置终端管理员密码');
insert into YKT_CUR.T_PIF_DICTIONARY (DICT_NO, DICT_VALUE, DICT_NAME, DICT_CAPTION)
values (61, '27', '设备任务', '获取lport指定端口的设备参数');
insert into YKT_CUR.T_PIF_DICTIONARY (DICT_NO, DICT_VALUE, DICT_NAME, DICT_CAPTION)
values (62, '1', '操作员状态', '注册');
insert into YKT_CUR.T_PIF_DICTIONARY (DICT_NO, DICT_VALUE, DICT_NAME, DICT_CAPTION)
values (62, '2', '操作员状态', '注销');
insert into YKT_CUR.T_PIF_DICTIONARY (DICT_NO, DICT_VALUE, DICT_NAME, DICT_CAPTION)
values (62, '3', '操作员状态', '登陆');
insert into YKT_CUR.T_PIF_DICTIONARY (DICT_NO, DICT_VALUE, DICT_NAME, DICT_CAPTION)
values (62, '4', '操作员状态', '登出');
insert into YKT_CUR.T_PIF_DICTIONARY (DICT_NO, DICT_VALUE, DICT_NAME, DICT_CAPTION)
values (1000, '1', '设备心跳状态', '联机');
insert into YKT_CUR.T_PIF_DICTIONARY (DICT_NO, DICT_VALUE, DICT_NAME, DICT_CAPTION)
values (1000, '2', '设备心跳状态', '脱机');
insert into YKT_CUR.T_PIF_DICTIONARY (DICT_NO, DICT_VALUE, DICT_NAME, DICT_CAPTION)
values (1001, '1', '异常流水状态', '发起');
insert into YKT_CUR.T_PIF_DICTIONARY (DICT_NO, DICT_VALUE, DICT_NAME, DICT_CAPTION)
values (1001, '2', '异常流水状态', '已通知');
insert into YKT_CUR.T_PIF_DICTIONARY (DICT_NO, DICT_VALUE, DICT_NAME, DICT_CAPTION)
values (1001, '3', '异常流水状态', '已处理');
insert into YKT_CUR.T_PIF_DICTIONARY (DICT_NO, DICT_VALUE, DICT_NAME, DICT_CAPTION)
values (1002, '1', '报警流水状态', '已报警');
insert into YKT_CUR.T_PIF_DICTIONARY (DICT_NO, DICT_VALUE, DICT_NAME, DICT_CAPTION)
values (1002, '2', '报警流水状态', '已处理完成');
insert into YKT_CUR.T_PIF_DICTIONARY (DICT_NO, DICT_VALUE, DICT_NAME, DICT_CAPTION)
values (1002, '3', '报警流水状态', '超期未完成');
insert into YKT_CUR.T_PIF_DICTIONARY (DICT_NO, DICT_VALUE, DICT_NAME, DICT_CAPTION)
values (2000, '1', '政治面貌', '共产党员');
insert into YKT_CUR.T_PIF_DICTIONARY (DICT_NO, DICT_VALUE, DICT_NAME, DICT_CAPTION)
values (2000, '2', '政治面貌', '共青团员');
insert into YKT_CUR.T_PIF_DICTIONARY (DICT_NO, DICT_VALUE, DICT_NAME, DICT_CAPTION)
values (2001, '1', '民族代码', '汉族');
insert into YKT_CUR.T_PIF_DICTIONARY (DICT_NO, DICT_VALUE, DICT_NAME, DICT_CAPTION)
values (2001, '2', '民族代码', '满族');
insert into YKT_CUR.T_PIF_DICTIONARY (DICT_NO, DICT_VALUE, DICT_NAME, DICT_CAPTION)
values (2001, '3', '民族代码', '朝鲜族');
insert into YKT_CUR.T_PIF_DICTIONARY (DICT_NO, DICT_VALUE, DICT_NAME, DICT_CAPTION)
values (2002, '1', '职称代码', '讲师');
insert into YKT_CUR.T_PIF_DICTIONARY (DICT_NO, DICT_VALUE, DICT_NAME, DICT_CAPTION)
values (2002, '2', '职称代码', '教授');
insert into YKT_CUR.T_PIF_DICTIONARY (DICT_NO, DICT_VALUE, DICT_NAME, DICT_CAPTION)
values (2002, '3', '职称代码', '副教授');
insert into YKT_CUR.T_PIF_DICTIONARY (DICT_NO, DICT_VALUE, DICT_NAME, DICT_CAPTION)
values (2002, '4', '职称代码', '院士');
insert into YKT_CUR.T_PIF_DICTIONARY (DICT_NO, DICT_VALUE, DICT_NAME, DICT_CAPTION)
values (2002, '5', '职称代码', '书记');
insert into YKT_CUR.T_PIF_DICTIONARY (DICT_NO, DICT_VALUE, DICT_NAME, DICT_CAPTION)
values (2002, '6', '职称代码', '科长');
insert into YKT_CUR.T_PIF_DICTIONARY (DICT_NO, DICT_VALUE, DICT_NAME, DICT_CAPTION)
values (2002, '7', '职称代码', '会计');
insert into YKT_CUR.T_PIF_DICTIONARY (DICT_NO, DICT_VALUE, DICT_NAME, DICT_CAPTION)
values (2003, '1', '学生类型', '普通正式专科');
insert into YKT_CUR.T_PIF_DICTIONARY (DICT_NO, DICT_VALUE, DICT_NAME, DICT_CAPTION)
values (2003, '2', '学生类型', '普通正式本科');
insert into YKT_CUR.T_PIF_DICTIONARY (DICT_NO, DICT_VALUE, DICT_NAME, DICT_CAPTION)
values (2003, '3', '学生类型', '普通正式硕士');
insert into YKT_CUR.T_PIF_DICTIONARY (DICT_NO, DICT_VALUE, DICT_NAME, DICT_CAPTION)
values (2003, '4', '学生类型', '普通正式博士');
insert into YKT_CUR.T_PIF_DICTIONARY (DICT_NO, DICT_VALUE, DICT_NAME, DICT_CAPTION)
values (2003, '5', '学生类型', '普通正式博士后');
insert into YKT_CUR.T_PIF_DICTIONARY (DICT_NO, DICT_VALUE, DICT_NAME, DICT_CAPTION)
values (2003, '6', '学生类型', '普通自考专科');
insert into YKT_CUR.T_PIF_DICTIONARY (DICT_NO, DICT_VALUE, DICT_NAME, DICT_CAPTION)
values (2003, '7', '学生类型', '普通自考本科');
insert into YKT_CUR.T_PIF_DICTIONARY (DICT_NO, DICT_VALUE, DICT_NAME, DICT_CAPTION)
values (2003, '8', '学生类型', '普通成人专科');
insert into YKT_CUR.T_PIF_DICTIONARY (DICT_NO, DICT_VALUE, DICT_NAME, DICT_CAPTION)
values (2003, '9', '学生类型', '普通成人本科');
insert into YKT_CUR.T_PIF_DICTIONARY (DICT_NO, DICT_VALUE, DICT_NAME, DICT_CAPTION)
values (2004, '1', '员工类型', '后勤');
insert into YKT_CUR.T_PIF_DICTIONARY (DICT_NO, DICT_VALUE, DICT_NAME, DICT_CAPTION)
values (2004, '2', '员工类型', '机关');
insert into YKT_CUR.T_PIF_DICTIONARY (DICT_NO, DICT_VALUE, DICT_NAME, DICT_CAPTION)
values (2004, '3', '员工类型', '教师');
insert into YKT_CUR.T_PIF_DICTIONARY (DICT_NO, DICT_VALUE, DICT_NAME, DICT_CAPTION)
values (2005, '1', '学制', '2.5年');
insert into YKT_CUR.T_PIF_DICTIONARY (DICT_NO, DICT_VALUE, DICT_NAME, DICT_CAPTION)
values (2005, '2', '学制', '7年');
insert into YKT_CUR.T_PIF_DICTIONARY (DICT_NO, DICT_VALUE, DICT_NAME, DICT_CAPTION)
values (2005, '3', '学制', '4年');
insert into YKT_CUR.T_PIF_DICTIONARY (DICT_NO, DICT_VALUE, DICT_NAME, DICT_CAPTION)
values (2005, '4', '学制', '5年');
insert into YKT_CUR.T_PIF_DICTIONARY (DICT_NO, DICT_VALUE, DICT_NAME, DICT_CAPTION)
values (2006, '1', '设备资产类别', '设备资产类别');
insert into YKT_CUR.T_PIF_DICTIONARY (DICT_NO, DICT_VALUE, DICT_NAME, DICT_CAPTION)
values (63, '1', '充值方式', '现金');
insert into YKT_CUR.T_PIF_DICTIONARY (DICT_NO, DICT_VALUE, DICT_NAME, DICT_CAPTION)
values (63, '2', '充值方式', '支票');
insert into YKT_CUR.T_PIF_DICTIONARY (DICT_NO, DICT_VALUE, DICT_NAME, DICT_CAPTION)
values (63, '3', '充值方式', '经费本');
insert into YKT_CUR.T_PIF_DICTIONARY (DICT_NO, DICT_VALUE, DICT_NAME, DICT_CAPTION)
values (18, '4', '卡类型', 'VIP卡');
insert into YKT_CUR.T_PIF_DICTIONARY (DICT_NO, DICT_VALUE, DICT_NAME, DICT_CAPTION)
values (18, '5', '卡类型', '记名临时卡');
insert into YKT_CUR.T_PIF_DICTIONARY (DICT_NO, DICT_VALUE, DICT_NAME, DICT_CAPTION)
values (8, '14', '子系统状态', '外接子系统');
insert into YKT_CUR.T_PIF_DICTIONARY (DICT_NO, DICT_VALUE, DICT_NAME, DICT_CAPTION)
values (64, '0', '开关', '否');
insert into YKT_CUR.T_PIF_DICTIONARY (DICT_NO, DICT_VALUE, DICT_NAME, DICT_CAPTION)
values (65, '3', '计时宝工作模式', '模式3');
insert into YKT_CUR.T_PIF_DICTIONARY (DICT_NO, DICT_VALUE, DICT_NAME, DICT_CAPTION)
values (65, '2', '计时宝工作模式', '模式2');
insert into YKT_CUR.T_PIF_DICTIONARY (DICT_NO, DICT_VALUE, DICT_NAME, DICT_CAPTION)
values (65, '1', '计时宝工作模式', '模式1');
insert into YKT_CUR.T_PIF_DICTIONARY (DICT_NO, DICT_VALUE, DICT_NAME, DICT_CAPTION)
values (66, '2', '医院收费', '自费');
insert into YKT_CUR.T_PIF_DICTIONARY (DICT_NO, DICT_VALUE, DICT_NAME, DICT_CAPTION)
values (66, '1', '医院收费', '公费');
insert into YKT_CUR.T_PIF_DICTIONARY (DICT_NO, DICT_VALUE, DICT_NAME, DICT_CAPTION)
values (67, '0', '门禁机人员名单状态', '正常');
insert into YKT_CUR.T_PIF_DICTIONARY (DICT_NO, DICT_VALUE, DICT_NAME, DICT_CAPTION)
values (67, '1', '门禁机人员名单状态', '删除');
insert into YKT_CUR.T_PIF_DICTIONARY (DICT_NO, DICT_VALUE, DICT_NAME, DICT_CAPTION)
values (68, '1', '门禁机人员名单发送状态', '已发送');
insert into YKT_CUR.T_PIF_DICTIONARY (DICT_NO, DICT_VALUE, DICT_NAME, DICT_CAPTION)
values (68, '0', '门禁机人员名单发送状态', '待发送');
insert into YKT_CUR.T_PIF_DICTIONARY (DICT_NO, DICT_VALUE, DICT_NAME, DICT_CAPTION)
values (69, '1', '门禁星期', '星期一');
insert into YKT_CUR.T_PIF_DICTIONARY (DICT_NO, DICT_VALUE, DICT_NAME, DICT_CAPTION)
values (69, '2', '门禁星期', '星期二');
insert into YKT_CUR.T_PIF_DICTIONARY (DICT_NO, DICT_VALUE, DICT_NAME, DICT_CAPTION)
values (69, '3', '门禁星期', '星期三');
insert into YKT_CUR.T_PIF_DICTIONARY (DICT_NO, DICT_VALUE, DICT_NAME, DICT_CAPTION)
values (69, '4', '门禁星期', '星期四');
insert into YKT_CUR.T_PIF_DICTIONARY (DICT_NO, DICT_VALUE, DICT_NAME, DICT_CAPTION)
values (69, '5', '门禁星期', '星期五');
insert into YKT_CUR.T_PIF_DICTIONARY (DICT_NO, DICT_VALUE, DICT_NAME, DICT_CAPTION)
values (69, '6', '门禁星期', '星期六');
insert into YKT_CUR.T_PIF_DICTIONARY (DICT_NO, DICT_VALUE, DICT_NAME, DICT_CAPTION)
values (69, '7', '门禁星期', '星期日');
insert into YKT_CUR.T_PIF_DICTIONARY (DICT_NO, DICT_VALUE, DICT_NAME, DICT_CAPTION)
values (69, '8', '门禁星期', '假日');
insert into YKT_CUR.T_PIF_DICTIONARY (DICT_NO, DICT_VALUE, DICT_NAME, DICT_CAPTION)
values (70, '12', '状态', '离校');
insert into YKT_CUR.T_PIF_DICTIONARY (DICT_NO, DICT_VALUE, DICT_NAME, DICT_CAPTION)
values (70, '11', '状态', '在校');
insert into YKT_CUR.T_PIF_DICTIONARY (DICT_NO, DICT_VALUE, DICT_NAME, DICT_CAPTION)
values (70, '13', '状态', '毕业');
insert into YKT_CUR.T_PIF_DICTIONARY (DICT_NO, DICT_VALUE, DICT_NAME, DICT_CAPTION)
values (70, '21', '状态', '在职');
insert into YKT_CUR.T_PIF_DICTIONARY (DICT_NO, DICT_VALUE, DICT_NAME, DICT_CAPTION)
values (70, '22', '状态', '退休');
insert into YKT_CUR.T_PIF_DICTIONARY (DICT_NO, DICT_VALUE, DICT_NAME, DICT_CAPTION)
values (70, '25', '状态', '离休');
insert into YKT_CUR.T_PIF_DICTIONARY (DICT_NO, DICT_VALUE, DICT_NAME, DICT_CAPTION)
values (70, '24', '状态', '死亡');
insert into YKT_CUR.T_PIF_DICTIONARY (DICT_NO, DICT_VALUE, DICT_NAME, DICT_CAPTION)
values (70, '23', '状态', '离职');
insert into YKT_CUR.T_PIF_DICTIONARY (DICT_NO, DICT_VALUE, DICT_NAME, DICT_CAPTION)
values (71, '教职工', '人员类别', ' ');
insert into YKT_CUR.T_PIF_DICTIONARY (DICT_NO, DICT_VALUE, DICT_NAME, DICT_CAPTION)
values (71, '学生', '人员类别', ' ');
insert into YKT_CUR.T_PIF_DICTIONARY (DICT_NO, DICT_VALUE, DICT_NAME, DICT_CAPTION)
values (72, '0', '子系统传输加密方式', '不加密');
insert into YKT_CUR.T_PIF_DICTIONARY (DICT_NO, DICT_VALUE, DICT_NAME, DICT_CAPTION)
values (72, '1', '子系统传输加密方式', 'AES128位加密');
insert into YKT_CUR.T_PIF_DICTIONARY (DICT_NO, DICT_VALUE, DICT_NAME, DICT_CAPTION)
values (73, '0', '子系统名单类型', '挂失');
insert into YKT_CUR.T_PIF_DICTIONARY (DICT_NO, DICT_VALUE, DICT_NAME, DICT_CAPTION)
values (73, '1', '子系统名单类型', '解挂');
insert into YKT_CUR.T_PIF_DICTIONARY (DICT_NO, DICT_VALUE, DICT_NAME, DICT_CAPTION)
values (73, '2', '子系统名单类型', '注销');
insert into YKT_CUR.T_PIF_DICTIONARY (DICT_NO, DICT_VALUE, DICT_NAME, DICT_CAPTION)
values (73, '9', '子系统名单类型', '换卡');
insert into YKT_CUR.T_PIF_DICTIONARY (DICT_NO, DICT_VALUE, DICT_NAME, DICT_CAPTION)
values (73, '10', '子系统名单类型', '发新卡');
insert into YKT_CUR.T_PIF_DICTIONARY (DICT_NO, DICT_VALUE, DICT_NAME, DICT_CAPTION)
values (74, '400000', '子系统模块功能', '挂失解挂注销换卡');
insert into YKT_CUR.T_PIF_DICTIONARY (DICT_NO, DICT_VALUE, DICT_NAME, DICT_CAPTION)
values (74, '400002', '子系统模块功能', '发新卡');
insert into YKT_CUR.T_PIF_DICTIONARY (DICT_NO, DICT_VALUE, DICT_NAME, DICT_CAPTION)
values (75, '1', 'POS流水状态', '未入账');
insert into YKT_CUR.T_PIF_DICTIONARY (DICT_NO, DICT_VALUE, DICT_NAME, DICT_CAPTION)
values (75, '2', 'POS流水状态', '入账失败');
insert into YKT_CUR.T_PIF_DICTIONARY (DICT_NO, DICT_VALUE, DICT_NAME, DICT_CAPTION)
values (75, '3', 'POS流水状态', '已入账');
insert into YKT_CUR.T_PIF_DICTIONARY (DICT_NO, DICT_VALUE, DICT_NAME, DICT_CAPTION)
values (75, '4', 'POS流水状态', '已冲正');
insert into YKT_CUR.T_PIF_DICTIONARY (DICT_NO, DICT_VALUE, DICT_NAME, DICT_CAPTION)
values (75, '5', 'POS流水状态', '无效');
insert into YKT_CUR.T_PIF_DICTIONARY (DICT_NO, DICT_VALUE, DICT_NAME, DICT_CAPTION)
values (75, '6', 'POS流水状态', '中途拔卡');
insert into YKT_CUR.T_PIF_DICTIONARY (DICT_NO, DICT_VALUE, DICT_NAME, DICT_CAPTION)
values (75, '7', 'POS流水状态', '黑卡消费');
insert into YKT_CUR.T_PIF_DICTIONARY (DICT_NO, DICT_VALUE, DICT_NAME, DICT_CAPTION)
values (76, '1', '补助状态', '未下发');
insert into YKT_CUR.T_PIF_DICTIONARY (DICT_NO, DICT_VALUE, DICT_NAME, DICT_CAPTION)
values (76, '2', '补助状态', '未领取');
insert into YKT_CUR.T_PIF_DICTIONARY (DICT_NO, DICT_VALUE, DICT_NAME, DICT_CAPTION)
values (76, '3', '补助状态', '已领取');
insert into YKT_CUR.T_PIF_DICTIONARY (DICT_NO, DICT_VALUE, DICT_NAME, DICT_CAPTION)
values (17, '3000', '卡状态', '换卡失败');
insert into YKT_CUR.T_PIF_DICTIONARY (DICT_NO, DICT_VALUE, DICT_NAME, DICT_CAPTION)
values (77, '2', '补助类型', '扣款');
insert into YKT_CUR.T_PIF_DICTIONARY (DICT_NO, DICT_VALUE, DICT_NAME, DICT_CAPTION)
values (77, '1', '补助类型', '补贴');
insert into YKT_CUR.T_PIF_DICTIONARY (DICT_NO, DICT_VALUE, DICT_NAME, DICT_CAPTION)
values (81, '1004', '设备用途', '考勤');
insert into YKT_CUR.T_PIF_DICTIONARY (DICT_NO, DICT_VALUE, DICT_NAME, DICT_CAPTION)
values (81, '1003', '设备用途', '会议签到');
insert into YKT_CUR.T_PIF_DICTIONARY (DICT_NO, DICT_VALUE, DICT_NAME, DICT_CAPTION)
values (81, '1002', '设备用途', '医疗认证');
insert into YKT_CUR.T_PIF_DICTIONARY (DICT_NO, DICT_VALUE, DICT_NAME, DICT_CAPTION)
values (81, '1001', '设备用途', '门禁计时宝');
insert into YKT_CUR.T_PIF_DICTIONARY (DICT_NO, DICT_VALUE, DICT_NAME, DICT_CAPTION)
values (81, '2001', '设备用途', '消费POS机');
insert into YKT_CUR.T_PIF_DICTIONARY (DICT_NO, DICT_VALUE, DICT_NAME, DICT_CAPTION)
values (82, '2003', '一卡通子系统', '监控系统');
insert into YKT_CUR.T_PIF_DICTIONARY (DICT_NO, DICT_VALUE, DICT_NAME, DICT_CAPTION)
values (82, '2002', '一卡通子系统', '领导查询系统');
insert into YKT_CUR.T_PIF_DICTIONARY (DICT_NO, DICT_VALUE, DICT_NAME, DICT_CAPTION)
values (82, '2001', '一卡通子系统', '多媒体查询系统');
insert into YKT_CUR.T_PIF_DICTIONARY (DICT_NO, DICT_VALUE, DICT_NAME, DICT_CAPTION)
values (82, '2000', '一卡通子系统', '综合查询系统');
insert into YKT_CUR.T_PIF_DICTIONARY (DICT_NO, DICT_VALUE, DICT_NAME, DICT_CAPTION)
values (82, '1001', '一卡通子系统', '圈存系统');
insert into YKT_CUR.T_PIF_DICTIONARY (DICT_NO, DICT_VALUE, DICT_NAME, DICT_CAPTION)
values (82, '1000', '一卡通子系统', '电话语音系统');
insert into YKT_CUR.T_PIF_DICTIONARY (DICT_NO, DICT_VALUE, DICT_NAME, DICT_CAPTION)
values (82, '2005', '一卡通子系统', '考勤系统');
insert into YKT_CUR.T_PIF_DICTIONARY (DICT_NO, DICT_VALUE, DICT_NAME, DICT_CAPTION)
values (82, '2004', '一卡通子系统', '会议签到系统');
insert into YKT_CUR.T_PIF_DICTIONARY (DICT_NO, DICT_VALUE, DICT_NAME, DICT_CAPTION)
values (8, '15', '子系统类型', '通用前置机');
insert into YKT_CUR.T_PIF_DICTIONARY (DICT_NO, DICT_VALUE, DICT_NAME, DICT_CAPTION)
values (2006, '2', '设备资产类别', '设备资产类别1');
insert into YKT_CUR.T_PIF_DICTIONARY (DICT_NO, DICT_VALUE, DICT_NAME, DICT_CAPTION)
values (47, '0248', '三九机型代码', '转帐机');
insert into YKT_CUR.T_PIF_DICTIONARY (DICT_NO, DICT_VALUE, DICT_NAME, DICT_CAPTION)
values (86, '101', '事件代码', '胁迫码通过');
insert into YKT_CUR.T_PIF_DICTIONARY (DICT_NO, DICT_VALUE, DICT_NAME, DICT_CAPTION)
values (86, '102', '事件代码', '解除码解除警报');
insert into YKT_CUR.T_PIF_DICTIONARY (DICT_NO, DICT_VALUE, DICT_NAME, DICT_CAPTION)
values (86, '103', '事件代码', 'Master Card(Code)修改');
insert into YKT_CUR.T_PIF_DICTIONARY (DICT_NO, DICT_VALUE, DICT_NAME, DICT_CAPTION)
values (86, '104', '事件代码', '侦测外力破坏');
insert into YKT_CUR.T_PIF_DICTIONARY (DICT_NO, DICT_VALUE, DICT_NAME, DICT_CAPTION)
values (86, '105', '事件代码', '冷开机');
insert into YKT_CUR.T_PIF_DICTIONARY (DICT_NO, DICT_VALUE, DICT_NAME, DICT_CAPTION)
values (86, '106', '事件代码', '重新启动');
insert into YKT_CUR.T_PIF_DICTIONARY (DICT_NO, DICT_VALUE, DICT_NAME, DICT_CAPTION)
values (86, '107', '事件代码', '门被外力开启');
insert into YKT_CUR.T_PIF_DICTIONARY (DICT_NO, DICT_VALUE, DICT_NAME, DICT_CAPTION)
values (86, '108', '事件代码', '门持续开启警告');
insert into YKT_CUR.T_PIF_DICTIONARY (DICT_NO, DICT_VALUE, DICT_NAME, DICT_CAPTION)
values (86, '109', '事件代码', '门持续开启警告解除');
insert into YKT_CUR.T_PIF_DICTIONARY (DICT_NO, DICT_VALUE, DICT_NAME, DICT_CAPTION)
values (86, '110', '事件代码', '开门');
insert into YKT_CUR.T_PIF_DICTIONARY (DICT_NO, DICT_VALUE, DICT_NAME, DICT_CAPTION)
values (86, '111', '事件代码', '关门');
insert into YKT_CUR.T_PIF_DICTIONARY (DICT_NO, DICT_VALUE, DICT_NAME, DICT_CAPTION)
values (86, '112', '事件代码', '开门钮触动');
insert into YKT_CUR.T_PIF_DICTIONARY (DICT_NO, DICT_VALUE, DICT_NAME, DICT_CAPTION)
values (86, '113', '事件代码', '内存已满');
insert into YKT_CUR.T_PIF_DICTIONARY (DICT_NO, DICT_VALUE, DICT_NAME, DICT_CAPTION)
values (86, '114', '事件代码', '系统初始化');
insert into YKT_CUR.T_PIF_DICTIONARY (DICT_NO, DICT_VALUE, DICT_NAME, DICT_CAPTION)
values (86, '-9999', '事件代码', '未知事件');
insert into YKT_CUR.T_PIF_FEETYPE (FEE_TYPE, FEE_NAME, COMMENTS, IS_OUTFEE)
values (17, '教职工', null, '2');
insert into YKT_CUR.T_PIF_FEETYPE (FEE_TYPE, FEE_NAME, COMMENTS, IS_OUTFEE)
values (16, '教授', null, '2');
insert into YKT_CUR.T_PIF_FEETYPE (FEE_TYPE, FEE_NAME, COMMENTS, IS_OUTFEE)
values (15, '离退休', null, '2');
insert into YKT_CUR.T_PIF_FEETYPE (FEE_TYPE, FEE_NAME, COMMENTS, IS_OUTFEE)
values (14, '专升本', null, '2');
insert into YKT_CUR.T_PIF_FEETYPE (FEE_TYPE, FEE_NAME, COMMENTS, IS_OUTFEE)
values (13, '博士研究生', null, '2');
insert into YKT_CUR.T_PIF_FEETYPE (FEE_TYPE, FEE_NAME, COMMENTS, IS_OUTFEE)
values (12, '硕士研究生', null, '2');
insert into YKT_CUR.T_PIF_FEETYPE (FEE_TYPE, FEE_NAME, COMMENTS, IS_OUTFEE)
values (11, '本科生', null, '2');
insert into YKT_CUR.T_PIF_FEETYPE (FEE_TYPE, FEE_NAME, COMMENTS, IS_OUTFEE)
values (19, '重要宾客', null, '2');
insert into YKT_CUR.T_PIF_FEETYPE (FEE_TYPE, FEE_NAME, COMMENTS, IS_OUTFEE)
values (18, '临时人员', null, '1');
insert into YKT_CUR.T_PIF_OPERATOR (OPER_CODE, EMPLOYEE_ID, CARD_ID, OPER_NAME, PHONE, MOBILE, ADDR, ZIP, EMAIL, IF_STATION, IF_ACCESS, PWD, STATUS, MENU_SET, FUNC_SET, LOGIN_TIME, LOGOUT_TIME, MODULE_QTY, FAIL_NUMBER, LOGIN_IP, MAC_ADDR, LOGIN_FLAG, LOGIN_APP, REG_DATE, REG_TIME, ORDER_STATUS, SEAT_NO, MAIN_FUNC, RECV_RSP_FLAG, RECV_INFO_FLAG, LOGIN_BATCH, SOURCE_NO, NODE_ID, SPECIFY_FUNC_FLAG, FORCE_LOGOUT_REASON, COMMENTS)
values ('system', null, null, '超级操作员', null, null, null, null, null, '0', '0', 'C9968BF75B07B360', '3', '11111111111111111111111111111111111111111111111111111111111111111111111111111111111111111111111111111111111111111111111111111111111111111111111111111111111111111111111111111111111111111111111111111111111111111111111111111111111111111111111111111111111111111111111111111111111111111111111111111111111111111111111111111111111111111111111111111111111111111111111111111111111111111111111111111111111111111111111111111111111111111111111111111111111111111111111111111111111111111111111111111111111111111111111111111111111111111111111111111111111111111111111111111111111111111111111111111111111111111111111111111111111111111111111111111111111111111111111111111111111111111111111111111111111111111111111111111111111111111111111111111111111111111111111111111111111111111111111111111111111111111111111111111111', '1111111111111111111111111111111111111111111111111111111111111111111111111111111111111111111111111111111111111111111111111111111111111111111111111111111', '2007-06-04-09.57.04.032637', '2007-06-04-09.37.00.898287', null, 0, '10.49.188.13', '001125D1265A', '1', 'B', null, null, '1', '0', 0, '0', '1', null, 1, 1, '1', null, null);
insert into YKT_CUR.T_PIF_PHYDEVICE (PHYTYPE, DNAME, DTYPE, FACTORY, COMMENTS)
values (1002, '汉军门禁', 'hundure', '汉军', null);
insert into YKT_CUR.T_PIF_PHYDEVICE (PHYTYPE, DNAME, DTYPE, FACTORY, COMMENTS)
values (1000, '三九设备', '999', '三九智慧', '备注');
insert into YKT_CUR.T_PIF_PHYDEVICE (PHYTYPE, DNAME, DTYPE, FACTORY, COMMENTS)
values (1001, '汇多设备', 'hd', '汇多', null);
insert into YKT_CUR.T_PIF_SYSKEY (KEY_CODE, KEY_NAME, KEY_VALUE, MAX_VALUE, KEY_TYPE)
values ('T_AIF_ACCOUNT', '账号', 0, 999999999, '0');
insert into YKT_CUR.T_PIF_SYSKEY (KEY_CODE, KEY_NAME, KEY_VALUE, MAX_VALUE, KEY_TYPE)
values ('T_PIF_CARD', '卡号', 0, 1048575, '0');
insert into YKT_CUR.T_PIF_SYSKEY (KEY_CODE, KEY_NAME, KEY_VALUE, MAX_VALUE, KEY_TYPE)
values ('T_PIF_CARDSTRUT', '卡结构', 0, 999999999, '0');
insert into YKT_CUR.T_PIF_SYSKEY (KEY_CODE, KEY_NAME, KEY_VALUE, MAX_VALUE, KEY_TYPE)
values ('T_CIF_CUSTOMER', '客户号', 0, 999999999, '0');
insert into YKT_CUR.T_PIF_SYSKEY (KEY_CODE, KEY_NAME, KEY_VALUE, MAX_VALUE, KEY_TYPE)
values ('T_CIF_SHOP', '商户号', 0, 999999999, '0');
insert into YKT_CUR.T_PIF_SYSKEY (KEY_CODE, KEY_NAME, KEY_VALUE, MAX_VALUE, KEY_TYPE)
values ('T_PIF_SUBSYSTEM', '子系统注册表', 0, 999999999, '0');
insert into YKT_CUR.T_PIF_SYSKEY (KEY_CODE, KEY_NAME, KEY_VALUE, MAX_VALUE, KEY_TYPE)
values ('T_PIF_DEVICE', '设备表', 0, 999999999, '0');
insert into YKT_CUR.T_PIF_SYSKEY (KEY_CODE, KEY_NAME, KEY_VALUE, MAX_VALUE, KEY_TYPE)
values ('T_PIF_PHYDEVICE', '设备物理结构信息',0, 999999999, '0');
insert into YKT_CUR.T_PIF_SYSKEY (KEY_CODE, KEY_NAME, KEY_VALUE, MAX_VALUE, KEY_TYPE)
values ('T_PIF_DEVTIME', '设备工作时间段设置', 0, 999999999, '0');
insert into YKT_CUR.T_PIF_SYSKEY (KEY_CODE, KEY_NAME, KEY_VALUE, MAX_VALUE, KEY_TYPE)
values ('T_PIF_DEVASSET', '设备资产表', 0, 999999999, '0');
insert into YKT_CUR.T_PIF_SYSKEY (KEY_CODE, KEY_NAME, KEY_VALUE, MAX_VALUE, KEY_TYPE)
values ('T_PIF_AREA', '区域表',0, 999999999, '0');
insert into YKT_CUR.T_PIF_SYSKEY (KEY_CODE, KEY_NAME, KEY_VALUE, MAX_VALUE, KEY_TYPE)
values ('T_CIF_SHOP_POS', '设备商户编号', 0, 999999999, '0');
insert into YKT_CUR.T_PIF_SYSKEY (KEY_CODE, KEY_NAME, KEY_VALUE, MAX_VALUE, KEY_TYPE)
values ('T_TIF_COSUME_HIS', '消费历史表', 0, 999999999, '0');
insert into YKT_CUR.T_PIF_SYSKEY (KEY_CODE, KEY_NAME, KEY_VALUE, MAX_VALUE, KEY_TYPE)
values ('T_TIF_CHECKOUT_HIS', '结账历史表', 10, 999999999, '0');
insert into YKT_CUR.T_PIF_SYSKEY (KEY_CODE, KEY_NAME, KEY_VALUE, MAX_VALUE, KEY_TYPE)
values ('T_TIF_CHECKOUT_CUR', '当前结账流水表', 65477, 999999999, '0');
insert into YKT_CUR.T_PIF_SYSKEY (KEY_CODE, KEY_NAME, KEY_VALUE, MAX_VALUE, KEY_TYPE)
values ('T_TIF_TRADESERIAL', '消费流水表', 10, 999999999, '0');
insert into YKT_CUR.T_PIF_SYSKEY (KEY_CODE, KEY_NAME, KEY_VALUE, MAX_VALUE, KEY_TYPE)
values ('T_TIF_MESLIST', '消息队列', 10, 999999999, '0');
insert into YKT_CUR.T_PIF_SYSKEY (KEY_CODE, KEY_NAME, KEY_VALUE, MAX_VALUE, KEY_TYPE)
values ('T_MIF_DEVMONITOR', '监控设备表', 10, 999999999, '0');
insert into YKT_CUR.T_PIF_SYSKEY (KEY_CODE, KEY_NAME, KEY_VALUE, MAX_VALUE, KEY_TYPE)
values ('T_MIF_CONSUME', '监控异常消费流水', 10, 999999999, '0');
insert into YKT_CUR.T_PIF_SYSKEY (KEY_CODE, KEY_NAME, KEY_VALUE, MAX_VALUE, KEY_TYPE)
values ('T_MIF_TRAN', '监控异常转帐流水', 10, 999999999, '0');
insert into YKT_CUR.T_PIF_SYSKEY (KEY_CODE, KEY_NAME, KEY_VALUE, MAX_VALUE, KEY_TYPE)
values ('T_MIF_CARDOPERATE', '监控异常卡操作流水', 10, 999999999, '0');
insert into YKT_CUR.T_PIF_SYSKEY (KEY_CODE, KEY_NAME, KEY_VALUE, MAX_VALUE, KEY_TYPE)
values ('T_MIF_CARDDBINCON', '监控卡库不平异常表', 10, 999999999, '0');
insert into YKT_CUR.T_PIF_SYSKEY (KEY_CODE, KEY_NAME, KEY_VALUE, MAX_VALUE, KEY_TYPE)
values ('T_MIF_SYSSTATE', '监控系统状态异常表', 10, 999999999, '0');
insert into YKT_CUR.T_PIF_SYSKEY (KEY_CODE, KEY_NAME, KEY_VALUE, MAX_VALUE, KEY_TYPE)
values ('T_MIF_ALARMOP', '报警处理记录表', 10, 999999999, '0');
insert into YKT_CUR.T_PIF_SYSKEY (KEY_CODE, KEY_NAME, KEY_VALUE, MAX_VALUE, KEY_TYPE)
values ('T_MIF_TRADESERIALERROR', '监控交易流水异常表', 10, 999999999, '0');
insert into YKT_CUR.T_PIF_SYSKEY (KEY_CODE, KEY_NAME, KEY_VALUE, MAX_VALUE, KEY_TYPE)
values ('T_MIF_TRADESERIAL', '交易流水表', 10, 999999999, '0');
insert into YKT_CUR.T_PIF_SYSKEY (KEY_CODE, KEY_NAME, KEY_VALUE, MAX_VALUE, KEY_TYPE)
values ('TMP_PERSON_ID', '临时人员ID', 10, 999999999, '0');
insert into YKT_CUR.T_PIF_SYSKEY (KEY_CODE, KEY_NAME, KEY_VALUE, MAX_VALUE, KEY_TYPE)
values ('T_TIF_CUT_INFO_UPDATE', '客户信息更新记录表', 1, 99999999, '1');
insert into YKT_CUR.T_PIF_SYSKEY (KEY_CODE, KEY_NAME, KEY_VALUE, MAX_VALUE, KEY_TYPE)
values ('T_DOOR_CARDLIST', '门禁机人员名单表版本号', 0, 9999999, '1');
insert into YKT_CUR.T_PIF_SYSKEY (KEY_CODE, KEY_NAME, KEY_VALUE, MAX_VALUE, KEY_TYPE)
values ('T_DOOR_HOLIDAY', '门禁节假日', 10, 99999999, '0');
insert into YKT_CUR.T_PIF_SYSKEY (KEY_CODE, KEY_NAME, KEY_VALUE, MAX_VALUE, KEY_TYPE)
values ('T_DOOR_DEVICE_HOLIDAY_VER', '门禁机节假日版本', 0, 99999999, '1');
insert into YKT_CUR.T_PIF_SYSKEY (KEY_CODE, KEY_NAME, KEY_VALUE, MAX_VALUE, KEY_TYPE)
values ('T_DOOR_DEVICE_WORKTIME', '门禁机时间段', 10, 999999999, '0');
insert into YKT_CUR.T_PIF_SYSKEY (KEY_CODE, KEY_NAME, KEY_VALUE, MAX_VALUE, KEY_TYPE)
values ('T_PIF_MEAL_TYPE', '餐次定义', 10, 999999, '0');
insert into YKT_CUR.T_PIF_SYSKEY (KEY_CODE, KEY_NAME, KEY_VALUE, MAX_VALUE, KEY_TYPE)
values ('T_TIF_WRITEFAILED', '写卡失败表', 15, 999999999, '0');
insert into YKT_CUR.T_PIF_SYSKEY (KEY_CODE, KEY_NAME, KEY_VALUE, MAX_VALUE, KEY_TYPE)
values ('T_TIF_DEVICE_COLLECT_LOG', '设备采集标示表', 10, 999999999, '0');
update T_PIF_SYSKEY set KEY_VALUE=10;


insert into YKT_CUR.T_PIF_TRADECODE (TRADECODE, TRADEMSG, SPLITCFG, FLAG)
values (847132, '补贴下发', null, null);
insert into YKT_CUR.T_PIF_TRADECODE (TRADECODE, TRADEMSG, SPLITCFG, FLAG)
values (240001, '圈存转帐', null, null);
insert into YKT_CUR.T_PIF_TRADECODE (TRADECODE, TRADEMSG, SPLITCFG, FLAG)
values (849009, '水控钱包补写', null, null);
insert into YKT_CUR.T_PIF_TRADECODE (TRADECODE, TRADEMSG, SPLITCFG, FLAG)
values (240157, '补帐流水', null, null);
insert into YKT_CUR.T_PIF_TRADECODE (TRADECODE, TRADEMSG, SPLITCFG, FLAG)
values (847101, '发行正式卡', null, null);
insert into YKT_CUR.T_PIF_TRADECODE (TRADECODE, TRADEMSG, SPLITCFG, FLAG)
values (847105, '收回卡', null, null);
insert into YKT_CUR.T_PIF_TRADECODE (TRADECODE, TRADEMSG, SPLITCFG, FLAG)
values (847106, '现金充值', null, null);
insert into YKT_CUR.T_PIF_TRADECODE (TRADECODE, TRADEMSG, SPLITCFG, FLAG)
values (843335, '商户开户', null, null);
insert into YKT_CUR.T_PIF_TRADECODE (TRADECODE, TRADEMSG, SPLITCFG, FLAG)
values (843336, '商户销户', null, null);
insert into YKT_CUR.T_PIF_TRADECODE (TRADECODE, TRADEMSG, SPLITCFG, FLAG)
values (847107, '现金取款', null, null);
insert into YKT_CUR.T_PIF_TRADECODE (TRADECODE, TRADEMSG, SPLITCFG, FLAG)
values (847119, '卡写失败更新卡状态', null, null);
insert into YKT_CUR.T_PIF_TRADECODE (TRADECODE, TRADEMSG, SPLITCFG, FLAG)
values (847116, '发行过渡临时卡', null, null);
insert into YKT_CUR.T_PIF_TRADECODE (TRADECODE, TRADEMSG, SPLITCFG, FLAG)
values (847117, '冻结卡', null, null);
insert into YKT_CUR.T_PIF_TRADECODE (TRADECODE, TRADEMSG, SPLITCFG, FLAG)
values (847118, '解冻卡', null, null);
insert into YKT_CUR.T_PIF_TRADECODE (TRADECODE, TRADEMSG, SPLITCFG, FLAG)
values (847125, '发行不记名临时卡', null, null);
insert into YKT_CUR.T_PIF_TRADECODE (TRADECODE, TRADEMSG, SPLITCFG, FLAG)
values (847123, '换卡', null, null);
insert into YKT_CUR.T_PIF_TRADECODE (TRADECODE, TRADEMSG, SPLITCFG, FLAG)
values (847124, '发行记名临时卡', null, null);
insert into YKT_CUR.T_PIF_TRADECODE (TRADECODE, TRADEMSG, SPLITCFG, FLAG)
values (8471040, '补办正式卡', null, null);
insert into YKT_CUR.T_PIF_TRADECODE (TRADECODE, TRADEMSG, SPLITCFG, FLAG)
values (930001, '卡挂失', null, null);
insert into YKT_CUR.T_PIF_TRADECODE (TRADECODE, TRADEMSG, SPLITCFG, FLAG)
values (930002, '卡解挂', null, null);
insert into YKT_CUR.T_PIF_TRADECODE (TRADECODE, TRADEMSG, SPLITCFG, FLAG)
values (930003, '更改卡密码', null, null);
insert into YKT_CUR.T_PIF_TRADECODE (TRADECODE, TRADEMSG, SPLITCFG, FLAG)
values (930031, '消费', null, null);
insert into YKT_CUR.T_PIF_TRADECODE (TRADECODE, TRADEMSG, SPLITCFG, FLAG)
values (930033, '领取补助', null, null);
insert into YKT_CUR.T_PIF_TRADECODE (TRADECODE, TRADEMSG, SPLITCFG, FLAG)
values (930034, 'POS充值', null, null);
insert into YKT_CUR.T_PIF_TRADECODE (TRADECODE, TRADEMSG, SPLITCFG, FLAG)
values (930036, '充值管理流水', null, null);
insert into YKT_CUR.T_PIF_TRADECODE (TRADECODE, TRADEMSG, SPLITCFG, FLAG)
values (241011, '圈存冲正', null, null);
insert into YKT_CUR.T_PIF_TRADECODE (TRADECODE, TRADEMSG, SPLITCFG, FLAG)
values (847121, '更新卡信息', null, null);
insert into YKT_CUR.T_PIF_TRADECODE (TRADECODE, TRADEMSG, SPLITCFG, FLAG)
values (847126, '发行贵宾卡(现金)', null, null);
insert into YKT_CUR.T_PIF_TRADECODE (TRADECODE, TRADEMSG, SPLITCFG, FLAG)
values (847183, '交易冲正', null, null);
insert into YKT_CUR.T_PIF_TRADECODE (TRADECODE, TRADEMSG, SPLITCFG, FLAG)
values (847127, '手工借贷', null, null);
insert into YKT_CUR.T_PIF_TRADECODE (TRADECODE, TRADEMSG, SPLITCFG, FLAG)
values (240104, '领取补贴', null, null);
insert into YKT_CUR.T_PIF_TRADECODE (TRADECODE, TRADEMSG, SPLITCFG, FLAG)
values (847202, '水控充值', null, null);
insert into YKT_CUR.T_PIF_TRADECODE (TRADECODE, TRADEMSG, SPLITCFG, FLAG)
values (847201, '水控转账', null, '1');
insert into YKT_CUR.T_PIF_TRADECODE (TRADECODE, TRADEMSG, SPLITCFG, FLAG)
values (847206, '电控转账', null, '1');
insert into YKT_CUR.T_PIF_TRADECODE (TRADECODE, TRADEMSG, SPLITCFG, FLAG)
values (847226, '发行授权卡', null, null);
insert into YKT_CUR.T_PIF_TRADECODE (TRADECODE, TRADEMSG, SPLITCFG, FLAG)
values (847227, '回收授权卡', null, null);
insert into YKT_CUR.T_PIF_TRADECODE (TRADECODE, TRADEMSG, SPLITCFG, FLAG)
values (847228, '更新授权卡', null, null);
insert into YKT_CUR.T_PIF_TRADECODE (TRADECODE, TRADEMSG, SPLITCFG, FLAG)
values (847229, '挂失授权卡', null, null);
insert into YKT_CUR.T_PIF_TRADECODE (TRADECODE, TRADEMSG, SPLITCFG, FLAG)
values (847230, '解挂授权卡', null, null);
insert into YKT_CUR.T_PIF_TRADECODE (TRADECODE, TRADEMSG, SPLITCFG, FLAG)
values (847220, '充值解款', null, null);
insert into YKT_CUR.T_PIF_TRADECODE (TRADECODE, TRADEMSG, SPLITCFG, FLAG)
values (847221, '充值解款冲正', null, null);
insert into YKT_CUR.T_PIF_TRADECODE (TRADECODE, TRADEMSG, SPLITCFG, FLAG)
values (847222, '商户消费解款', null, null);
insert into YKT_CUR.T_PIF_TRADECODE (TRADECODE, TRADEMSG, SPLITCFG, FLAG)
values (847223, '商户消费解款冲正', null, null);
insert into YKT_CUR.T_PIF_TRADECODE (TRADECODE, TRADEMSG, SPLITCFG, FLAG)
values (847300, '小钱包充值', null, null);
insert into YKT_CUR.T_PIF_TRADECODE (TRADECODE, TRADEMSG, SPLITCFG, FLAG)
values (847301, '水控转账', null, '1');
insert into YKT_CUR.T_PIF_TRADECODE (TRADECODE, TRADEMSG, SPLITCFG, FLAG)
values (847306, '采集金额', null, null);
insert into YKT_CUR.T_PIF_TRADECODE (TRADECODE, TRADEMSG, SPLITCFG, FLAG)
values (930030, '前置水控转帐', null, null);
insert into YKT_CUR.T_TIF_CFGSPLIT (TXTYPE, TXNAME, DBFLAG, CRFLAG, DBSUBNO, CRSUBNO, DBACTNO, CRACTNO, FUNDTYPE, SUMMARY)
values (1, '现金充值', 2, 1, '101', '201', '1011', null, null, null);
insert into YKT_CUR.T_TIF_CFGSPLIT (TXTYPE, TXNAME, DBFLAG, CRFLAG, DBSUBNO, CRSUBNO, DBACTNO, CRACTNO, FUNDTYPE, SUMMARY)
values (2, '支票充值', 2, 1, '103', '201', '1031', null, null, null);
insert into YKT_CUR.T_TIF_CFGSPLIT (TXTYPE, TXNAME, DBFLAG, CRFLAG, DBSUBNO, CRSUBNO, DBACTNO, CRACTNO, FUNDTYPE, SUMMARY)
values (3, '经费本充值', 2, 1, '104', '201', '1041', null, null, null);
insert into YKT_CUR.T_TIF_CFGSPLIT (TXTYPE, TXNAME, DBFLAG, CRFLAG, DBSUBNO, CRSUBNO, DBACTNO, CRACTNO, FUNDTYPE, SUMMARY)
values (4, '其他充值', 2, 1, '101', '201', '1011', null, null, null);
insert into YKT_CUR.T_TIF_CFGSPLIT (TXTYPE, TXNAME, DBFLAG, CRFLAG, DBSUBNO, CRSUBNO, DBACTNO, CRACTNO, FUNDTYPE, SUMMARY)
values (5, '现金支取', 1, 2, '201', '101', null, '1011', null, null);
insert into YKT_CUR.T_TIF_CFGSPLIT (TXTYPE, TXNAME, DBFLAG, CRFLAG, DBSUBNO, CRSUBNO, DBACTNO, CRACTNO, FUNDTYPE, SUMMARY)
values (6, '支票支取', 1, 2, '201', '103', null, '1031', null, null);
insert into YKT_CUR.T_TIF_CFGSPLIT (TXTYPE, TXNAME, DBFLAG, CRFLAG, DBSUBNO, CRSUBNO, DBACTNO, CRACTNO, FUNDTYPE, SUMMARY)
values (7, '经费本支取', 1, 2, '201', '104', null, '1041', null, null);
insert into YKT_CUR.T_TIF_CFGSPLIT (TXTYPE, TXNAME, DBFLAG, CRFLAG, DBSUBNO, CRSUBNO, DBACTNO, CRACTNO, FUNDTYPE, SUMMARY)
values (8, '其他支取', 1, 2, '201', '101', null, '1011', null, null);
insert into YKT_CUR.T_TIF_CFGSPLIT (TXTYPE, TXNAME, DBFLAG, CRFLAG, DBSUBNO, CRSUBNO, DBACTNO, CRACTNO, FUNDTYPE, SUMMARY)
values (9, '预收搭伙费(现金)', 2, 1, '101', '201', '1011', null, 7, null);
insert into YKT_CUR.T_TIF_CFGSPLIT (TXTYPE, TXNAME, DBFLAG, CRFLAG, DBSUBNO, CRSUBNO, DBACTNO, CRACTNO, FUNDTYPE, SUMMARY)
values (10, '收搭伙费', 1, 2, '201', '501', null, '5011', 7, null);
insert into YKT_CUR.T_TIF_CFGSPLIT (TXTYPE, TXNAME, DBFLAG, CRFLAG, DBSUBNO, CRSUBNO, DBACTNO, CRACTNO, FUNDTYPE, SUMMARY)
values (11, '收卡成本费(现金)', 2, 2, '101', '502', '1011', '5021', null, null);
insert into YKT_CUR.T_TIF_CFGSPLIT (TXTYPE, TXNAME, DBFLAG, CRFLAG, DBSUBNO, CRSUBNO, DBACTNO, CRACTNO, FUNDTYPE, SUMMARY)
values (12, '收手续费(现金)', 2, 2, '101', '501', '1011', '5011', null, null);
insert into YKT_CUR.T_TIF_CFGSPLIT (TXTYPE, TXNAME, DBFLAG, CRFLAG, DBSUBNO, CRSUBNO, DBACTNO, CRACTNO, FUNDTYPE, SUMMARY)
values (13, '收押金(现金)', 2, 2, '101', '205', '1011', '2051', null, null);
insert into YKT_CUR.T_TIF_CFGSPLIT (TXTYPE, TXNAME, DBFLAG, CRFLAG, DBSUBNO, CRSUBNO, DBACTNO, CRACTNO, FUNDTYPE, SUMMARY)
values (14, '收卡折旧费(现金)', 2, 2, '101', '503', '1011', '5031', null, null);
insert into YKT_CUR.T_TIF_CFGSPLIT (TXTYPE, TXNAME, DBFLAG, CRFLAG, DBSUBNO, CRSUBNO, DBACTNO, CRACTNO, FUNDTYPE, SUMMARY)
values (15, '食堂消费', 1, 1, '201', '202', null, null, null, null);
insert into YKT_CUR.T_TIF_CFGSPLIT (TXTYPE, TXNAME, DBFLAG, CRFLAG, DBSUBNO, CRSUBNO, DBACTNO, CRACTNO, FUNDTYPE, SUMMARY)
values (16, '退押金(现金)', 2, 2, '205', '101', '2051', '1011', null, null);
insert into YKT_CUR.T_TIF_CFGSPLIT (TXTYPE, TXNAME, DBFLAG, CRFLAG, DBSUBNO, CRSUBNO, DBACTNO, CRACTNO, FUNDTYPE, SUMMARY)
values (17, '退搭伙费(现金)', 1, 2, '201', '101', null, '1011', 7, null);
insert into YKT_CUR.T_TIF_CFGSPLIT (TXTYPE, TXNAME, DBFLAG, CRFLAG, DBSUBNO, CRSUBNO, DBACTNO, CRACTNO, FUNDTYPE, SUMMARY)
values (18, '扣卡余额', 1, 2, '201', '504', null, '5041', null, null);
insert into YKT_CUR.T_TIF_CFGSPLIT (TXTYPE, TXNAME, DBFLAG, CRFLAG, DBSUBNO, CRSUBNO, DBACTNO, CRACTNO, FUNDTYPE, SUMMARY)
values (19, '扣搭伙费', 1, 2, '201', '504', null, '5041', 7, null);
insert into YKT_CUR.T_TIF_CFGSPLIT (TXTYPE, TXNAME, DBFLAG, CRFLAG, DBSUBNO, CRSUBNO, DBACTNO, CRACTNO, FUNDTYPE, SUMMARY)
values (20, '扣押金', 2, 2, '205', '502', '2051', '5021', null, null);
insert into YKT_CUR.T_TIF_CFGSPLIT (TXTYPE, TXNAME, DBFLAG, CRFLAG, DBSUBNO, CRSUBNO, DBACTNO, CRACTNO, FUNDTYPE, SUMMARY)
values (21, '银行转账', 2, 1, '102', '201', '1021', null, null, null);
insert into YKT_CUR.T_TIF_CFGSPLIT (TXTYPE, TXNAME, DBFLAG, CRFLAG, DBSUBNO, CRSUBNO, DBACTNO, CRACTNO, FUNDTYPE, SUMMARY)
values (23, '领取补助', 2, 1, '207', '201', '2071', null, null, null);
insert into YKT_CUR.T_TIF_CFGSPLIT (TXTYPE, TXNAME, DBFLAG, CRFLAG, DBSUBNO, CRSUBNO, DBACTNO, CRACTNO, FUNDTYPE, SUMMARY)
values (22, '转帐预收搭伙费', 2, 1, '102', '201', '1021', null, 7, null);
insert into YKT_CUR.T_TIF_CFGSPLIT (TXTYPE, TXNAME, DBFLAG, CRFLAG, DBSUBNO, CRSUBNO, DBACTNO, CRACTNO, FUNDTYPE, SUMMARY)
values (24, '下发补助(现金)', 2, 2, '101', '207', '1011', '2071', null, null);
insert into YKT_CUR.T_TIF_CFGSPLIT (TXTYPE, TXNAME, DBFLAG, CRFLAG, DBSUBNO, CRSUBNO, DBACTNO, CRACTNO, FUNDTYPE, SUMMARY)
values (25, '预收搭伙费(支票)', 2, 1, '103', '201', '1031', null, 7, null);
insert into YKT_CUR.T_TIF_CFGSPLIT (TXTYPE, TXNAME, DBFLAG, CRFLAG, DBSUBNO, CRSUBNO, DBACTNO, CRACTNO, FUNDTYPE, SUMMARY)
values (26, '预收搭伙费(经费本)', 2, 1, '104', '201', '1041', null, 7, null);
insert into YKT_CUR.T_TIF_CFGSPLIT (TXTYPE, TXNAME, DBFLAG, CRFLAG, DBSUBNO, CRSUBNO, DBACTNO, CRACTNO, FUNDTYPE, SUMMARY)
values (29, '收卡成本费(支票)', 2, 2, '103', '502', '1031', '5021', null, null);
insert into YKT_CUR.T_TIF_CFGSPLIT (TXTYPE, TXNAME, DBFLAG, CRFLAG, DBSUBNO, CRSUBNO, DBACTNO, CRACTNO, FUNDTYPE, SUMMARY)
values (30, '收卡成本费(经费本)', 2, 2, '104', '502', '1041', '5021', null, null);
insert into YKT_CUR.T_TIF_CFGSPLIT (TXTYPE, TXNAME, DBFLAG, CRFLAG, DBSUBNO, CRSUBNO, DBACTNO, CRACTNO, FUNDTYPE, SUMMARY)
values (27, '收手续费(支票)', 2, 2, '103', '501', '1031', '5011', null, null);
insert into YKT_CUR.T_TIF_CFGSPLIT (TXTYPE, TXNAME, DBFLAG, CRFLAG, DBSUBNO, CRSUBNO, DBACTNO, CRACTNO, FUNDTYPE, SUMMARY)
values (28, '收手续费(经费本)', 2, 2, '104', '501', '1041', '5011', null, null);
insert into YKT_CUR.T_TIF_CFGSPLIT (TXTYPE, TXNAME, DBFLAG, CRFLAG, DBSUBNO, CRSUBNO, DBACTNO, CRACTNO, FUNDTYPE, SUMMARY)
values (31, '收押金(支票)', 2, 2, '103', '205', '1031', '2051', null, null);
insert into YKT_CUR.T_TIF_CFGSPLIT (TXTYPE, TXNAME, DBFLAG, CRFLAG, DBSUBNO, CRSUBNO, DBACTNO, CRACTNO, FUNDTYPE, SUMMARY)
values (32, '收押金(经费本)', 2, 2, '104', '205', '1041', '2051', null, null);
insert into YKT_CUR.T_TIF_CFGSPLIT (TXTYPE, TXNAME, DBFLAG, CRFLAG, DBSUBNO, CRSUBNO, DBACTNO, CRACTNO, FUNDTYPE, SUMMARY)
values (54, '水控转账', 1, 1, '201', '202', null, null, null, null);
insert into YKT_CUR.T_TIF_CFGSPLIT (TXTYPE, TXNAME, DBFLAG, CRFLAG, DBSUBNO, CRSUBNO, DBACTNO, CRACTNO, FUNDTYPE, SUMMARY)
values (33, '收卡折旧费(支票)', 2, 2, '103', '503', '1031', '5031', null, null);
insert into YKT_CUR.T_TIF_CFGSPLIT (TXTYPE, TXNAME, DBFLAG, CRFLAG, DBSUBNO, CRSUBNO, DBACTNO, CRACTNO, FUNDTYPE, SUMMARY)
values (34, '收卡折旧费(经费本)', 2, 2, '104', '503', '1041', '5031', null, null);
insert into YKT_CUR.T_TIF_CFGSPLIT (TXTYPE, TXNAME, DBFLAG, CRFLAG, DBSUBNO, CRSUBNO, DBACTNO, CRACTNO, FUNDTYPE, SUMMARY)
values (35, '退押金(支票)', 2, 2, '205', '103', '2051', '1031', null, null);
insert into YKT_CUR.T_TIF_CFGSPLIT (TXTYPE, TXNAME, DBFLAG, CRFLAG, DBSUBNO, CRSUBNO, DBACTNO, CRACTNO, FUNDTYPE, SUMMARY)
values (36, '退押金(经费本)', 2, 2, '205', '104', '2051', '1041', null, null);
insert into YKT_CUR.T_TIF_CFGSPLIT (TXTYPE, TXNAME, DBFLAG, CRFLAG, DBSUBNO, CRSUBNO, DBACTNO, CRACTNO, FUNDTYPE, SUMMARY)
values (37, '退搭伙费(支票)', 1, 2, '201', '103', null, '1031', 7, null);
insert into YKT_CUR.T_TIF_CFGSPLIT (TXTYPE, TXNAME, DBFLAG, CRFLAG, DBSUBNO, CRSUBNO, DBACTNO, CRACTNO, FUNDTYPE, SUMMARY)
values (38, '退搭伙费(经费本)', 1, 2, '201', '104', null, '1041', 7, null);
insert into YKT_CUR.T_TIF_CFGSPLIT (TXTYPE, TXNAME, DBFLAG, CRFLAG, DBSUBNO, CRSUBNO, DBACTNO, CRACTNO, FUNDTYPE, SUMMARY)
values (39, '退手续费(现金)', 2, 2, '501', '101', '5011', '1011', null, null);
insert into YKT_CUR.T_TIF_CFGSPLIT (TXTYPE, TXNAME, DBFLAG, CRFLAG, DBSUBNO, CRSUBNO, DBACTNO, CRACTNO, FUNDTYPE, SUMMARY)
values (41, '退手续费(经费本)', 2, 2, '501', '104', '5011', '1041', null, null);
insert into YKT_CUR.T_TIF_CFGSPLIT (TXTYPE, TXNAME, DBFLAG, CRFLAG, DBSUBNO, CRSUBNO, DBACTNO, CRACTNO, FUNDTYPE, SUMMARY)
values (40, '退手续费(支票)', 2, 2, '501', '103', '5011', '1031', null, null);
insert into YKT_CUR.T_TIF_CFGSPLIT (TXTYPE, TXNAME, DBFLAG, CRFLAG, DBSUBNO, CRSUBNO, DBACTNO, CRACTNO, FUNDTYPE, SUMMARY)
values (42, '退卡成本费(现金)', 2, 2, '502', '101', '5021', '1011', null, null);
insert into YKT_CUR.T_TIF_CFGSPLIT (TXTYPE, TXNAME, DBFLAG, CRFLAG, DBSUBNO, CRSUBNO, DBACTNO, CRACTNO, FUNDTYPE, SUMMARY)
values (43, '退卡成本费(支票)', 2, 2, '502', '103', '5021', '1031', null, null);
insert into YKT_CUR.T_TIF_CFGSPLIT (TXTYPE, TXNAME, DBFLAG, CRFLAG, DBSUBNO, CRSUBNO, DBACTNO, CRACTNO, FUNDTYPE, SUMMARY)
values (44, '退卡成本费(经费本)', 2, 2, '502', '104', '5021', '1041', null, null);
insert into YKT_CUR.T_TIF_CFGSPLIT (TXTYPE, TXNAME, DBFLAG, CRFLAG, DBSUBNO, CRSUBNO, DBACTNO, CRACTNO, FUNDTYPE, SUMMARY)
values (45, '退卡折旧费(现金)', 2, 2, '503', '101', '5031', '1011', null, null);
insert into YKT_CUR.T_TIF_CFGSPLIT (TXTYPE, TXNAME, DBFLAG, CRFLAG, DBSUBNO, CRSUBNO, DBACTNO, CRACTNO, FUNDTYPE, SUMMARY)
values (46, '退卡折旧费(支票)', 2, 2, '503', '103', '5031', '1031', null, null);
insert into YKT_CUR.T_TIF_CFGSPLIT (TXTYPE, TXNAME, DBFLAG, CRFLAG, DBSUBNO, CRSUBNO, DBACTNO, CRACTNO, FUNDTYPE, SUMMARY)
values (47, '退卡折旧费(经费本)', 2, 2, '503', '104', '5031', '1041', null, null);
insert into YKT_CUR.T_TIF_CFGSPLIT (TXTYPE, TXNAME, DBFLAG, CRFLAG, DBSUBNO, CRSUBNO, DBACTNO, CRACTNO, FUNDTYPE, SUMMARY)
values (48, '手工借贷', 1, 1, null, null, null, null, null, null);
insert into YKT_CUR.T_TIF_CFGSPLIT (TXTYPE, TXNAME, DBFLAG, CRFLAG, DBSUBNO, CRSUBNO, DBACTNO, CRACTNO, FUNDTYPE, SUMMARY)
values (49, '下发补助(支票)', 2, 2, '103', '207', '1031', '2071', null, null);
insert into YKT_CUR.T_TIF_CFGSPLIT (TXTYPE, TXNAME, DBFLAG, CRFLAG, DBSUBNO, CRSUBNO, DBACTNO, CRACTNO, FUNDTYPE, SUMMARY)
values (50, '下发补助(经费本)', 2, 2, '104', '207', '1041', '2071', null, null);
insert into YKT_CUR.T_TIF_CFGSPLIT (TXTYPE, TXNAME, DBFLAG, CRFLAG, DBSUBNO, CRSUBNO, DBACTNO, CRACTNO, FUNDTYPE, SUMMARY)
values (51, '补助预收搭伙费(现金)', 2, 1, '207', '201', '2071', null, 7, null);
insert into YKT_CUR.T_TIF_CFGSPLIT (TXTYPE, TXNAME, DBFLAG, CRFLAG, DBSUBNO, CRSUBNO, DBACTNO, CRACTNO, FUNDTYPE, SUMMARY)
values (52, '补助预收搭伙费(支票)', 2, 1, '207', '201', '2071', null, 7, null);
insert into YKT_CUR.T_TIF_CFGSPLIT (TXTYPE, TXNAME, DBFLAG, CRFLAG, DBSUBNO, CRSUBNO, DBACTNO, CRACTNO, FUNDTYPE, SUMMARY)
values (53, '补助预收搭伙费(经费本)', 2, 1, '207', '201', '2071', null, 7, null);
insert into YKT_CUR.T_TIF_CFGSPLIT (TXTYPE, TXNAME, DBFLAG, CRFLAG, DBSUBNO, CRSUBNO, DBACTNO, CRACTNO, FUNDTYPE, SUMMARY)
values (55, '电控转账', 1, 1, '201', '202', null, null, null, null);
insert into YKT_CUR.T_TIF_CFGSPLIT (TXTYPE, TXNAME, DBFLAG, CRFLAG, DBSUBNO, CRSUBNO, DBACTNO, CRACTNO, FUNDTYPE, SUMMARY)
values (57, '消费解款', 1, 2, '202', '102', null, '1021', null, null);
insert into YKT_CUR.T_TIF_CFGSPLIT (TXTYPE, TXNAME, DBFLAG, CRFLAG, DBSUBNO, CRSUBNO, DBACTNO, CRACTNO, FUNDTYPE, SUMMARY)
values (56, '采集总额', 2, 1, '208', '202', '2081', null, null, null);
insert into YKT_CUR.T_TIF_CFGTXFEE (FEE_TYPE, TX_CODE, FEE_LIST, IDXDBACTNO_LIST, IDXCRACTNO_LIST, FORMULA_LIST)
values (0, 847105, '18,19,20,5,17,16,6,37,35,7,38,36', null, null, '$0*(1-@5),$0*(1-@5),$2*(1-@6),$0*@5*@1,$1*@5*@1,$2*@6*@1,$0*@5*@2,$1*@5*@2,$2*@6*@2,$0*@5*@3,$1*@5*@3,$2*@6*@3');
insert into YKT_CUR.T_TIF_CFGTXFEE (FEE_TYPE, TX_CODE, FEE_LIST, IDXDBACTNO_LIST, IDXCRACTNO_LIST, FORMULA_LIST)
values (0, 847132, '24,49,50,', null, null, '$0*@1,$0*@2,$0*@3,$0*@4');
insert into YKT_CUR.T_TIF_CFGTXFEE (FEE_TYPE, TX_CODE, FEE_LIST, IDXDBACTNO_LIST, IDXCRACTNO_LIST, FORMULA_LIST)
values (0, 847107, '5,6,7', '0,0,0', null, '$0*@1,$0*@2,$0*@3');
insert into YKT_CUR.T_TIF_CFGTXFEE (FEE_TYPE, TX_CODE, FEE_LIST, IDXDBACTNO_LIST, IDXCRACTNO_LIST, FORMULA_LIST)
values (18, 847124, '12,13,9,1,27,31,25,2,28,32,26,3', null, '-1,-1,0,0,-1,-1,0,0,-1,-1,0,0', '0*@1,15*@1,($0-0-' || chr(10) || '' || chr(10) || '15)*0.1*@1,($0-15-($0-0-15)*0.1)*@1,0*@2,15*@2,($0-0-15)*0*@2,($0-0-15-($0-0-30)*0.1)*@2,0*@3,15*@3,($0-0-15)' || chr(10) || '' || chr(10) || '*0.1*@3,($0-0-15-($0-0-15)*0.1)*@3');
insert into YKT_CUR.T_TIF_CFGTXFEE (FEE_TYPE, TX_CODE, FEE_LIST, IDXDBACTNO_LIST, IDXCRACTNO_LIST, FORMULA_LIST)
values (18, 847125, '13,9,1', null, '-1,0,0', '15,($0-15)*0.1,$0-15-($0-15)*0.1');
insert into YKT_CUR.T_TIF_CFGTXFEE (FEE_TYPE, TX_CODE, FEE_LIST, IDXDBACTNO_LIST, IDXCRACTNO_LIST, FORMULA_LIST)
values (19, 847126, '11,1,29,2,30,3', null, '-1,0,-1,0,-1,0', '0*@1,($0-0)*@1,0*@2,($0-0)*@2,0*@3,($0-0)*@3');
insert into YKT_CUR.T_TIF_CFGTXFEE (FEE_TYPE, TX_CODE, FEE_LIST, IDXDBACTNO_LIST, IDXCRACTNO_LIST, FORMULA_LIST)
values (0, 930031, '15', '0', '1', '$0');
insert into YKT_CUR.T_TIF_CFGTXFEE (FEE_TYPE, TX_CODE, FEE_LIST, IDXDBACTNO_LIST, IDXCRACTNO_LIST, FORMULA_LIST)
values (12, 847101, '1,2,3', null, '0,0,0', '$0*@1,$0*@2,$0*@3');
insert into YKT_CUR.T_TIF_CFGTXFEE (FEE_TYPE, TX_CODE, FEE_LIST, IDXDBACTNO_LIST, IDXCRACTNO_LIST, FORMULA_LIST)
values (0, 930034, '1', null, '0', '$0');
insert into YKT_CUR.T_TIF_CFGTXFEE (FEE_TYPE, TX_CODE, FEE_LIST, IDXDBACTNO_LIST, IDXCRACTNO_LIST, FORMULA_LIST)
values (0, 930036, '9', null, '0', '$0');
insert into YKT_CUR.T_TIF_CFGTXFEE (FEE_TYPE, TX_CODE, FEE_LIST, IDXDBACTNO_LIST, IDXCRACTNO_LIST, FORMULA_LIST)
values (11, 847101, '1,2,3', null, '0,0,0', '$0*@1,$0*@2,$0*@3');
insert into YKT_CUR.T_TIF_CFGTXFEE (FEE_TYPE, TX_CODE, FEE_LIST, IDXDBACTNO_LIST, IDXCRACTNO_LIST, FORMULA_LIST)
values (0, 847183, '15', '0', '1', '$0');
insert into YKT_CUR.T_TIF_CFGTXFEE (FEE_TYPE, TX_CODE, FEE_LIST, IDXDBACTNO_LIST, IDXCRACTNO_LIST, FORMULA_LIST)
values (0, 8471040, '11,1', null, '-1,0', '13.5*@4,$0-13.5*@4');
insert into YKT_CUR.T_TIF_CFGTXFEE (FEE_TYPE, TX_CODE, FEE_LIST, IDXDBACTNO_LIST, IDXCRACTNO_LIST, FORMULA_LIST)
values (12, 240001, '22,21', null, '0,0', '$0*0,$0-$0*0');
insert into YKT_CUR.T_TIF_CFGTXFEE (FEE_TYPE, TX_CODE, FEE_LIST, IDXDBACTNO_LIST, IDXCRACTNO_LIST, FORMULA_LIST)
values (0, 240001, '21', null, '0', '$0');
insert into YKT_CUR.T_TIF_CFGTXFEE (FEE_TYPE, TX_CODE, FEE_LIST, IDXDBACTNO_LIST, IDXCRACTNO_LIST, FORMULA_LIST)
values (0, 847116, '13,1', null, '-1,0', '15,$0-15');
insert into YKT_CUR.T_TIF_CFGTXFEE (FEE_TYPE, TX_CODE, FEE_LIST, IDXDBACTNO_LIST, IDXCRACTNO_LIST, FORMULA_LIST)
values (1, 847127, '48', '0', '1', '$0');
insert into YKT_CUR.T_TIF_CFGTXFEE (FEE_TYPE, TX_CODE, FEE_LIST, IDXDBACTNO_LIST, IDXCRACTNO_LIST, FORMULA_LIST)
values (0, 240104, '23', null, '0', '$0');
insert into YKT_CUR.T_TIF_CFGTXFEE (FEE_TYPE, TX_CODE, FEE_LIST, IDXDBACTNO_LIST, IDXCRACTNO_LIST, FORMULA_LIST)
values (12, 240104, '22,23', null, '0,0', '$0*0,$0-$0*0');
insert into YKT_CUR.T_TIF_CFGTXFEE (FEE_TYPE, TX_CODE, FEE_LIST, IDXDBACTNO_LIST, IDXCRACTNO_LIST, FORMULA_LIST)
values (0, 847201, '54', '0', '1', '$0');
insert into YKT_CUR.T_TIF_CFGTXFEE (FEE_TYPE, TX_CODE, FEE_LIST, IDXDBACTNO_LIST, IDXCRACTNO_LIST, FORMULA_LIST)
values (0, 847206, '55', '0', '1', '$0');
insert into YKT_CUR.T_TIF_CFGTXFEE (FEE_TYPE, TX_CODE, FEE_LIST, IDXDBACTNO_LIST, IDXCRACTNO_LIST, FORMULA_LIST)
values (0, 240157, '21', null, '0', '$0');
insert into YKT_CUR.T_TIF_CFGTXFEE (FEE_TYPE, TX_CODE, FEE_LIST, IDXDBACTNO_LIST, IDXCRACTNO_LIST, FORMULA_LIST)
values (12, 240157, '22,21', null, '0,0', '$0*0,$0-$0*0');
insert into YKT_CUR.T_TIF_CFGTXFEE (FEE_TYPE, TX_CODE, FEE_LIST, IDXDBACTNO_LIST, IDXCRACTNO_LIST, FORMULA_LIST)
values (0, 847106, '1,2,3', null, '0,0,0', '$0*@1,$0*@2,$0*@3');
insert into YKT_CUR.T_TIF_CFGTXFEE (FEE_TYPE, TX_CODE, FEE_LIST, IDXDBACTNO_LIST, IDXCRACTNO_LIST, FORMULA_LIST)
values (13, 847101, '1,2,3', null, '0,0,0', '$0*@1,$0*@2,$0*@3');
insert into YKT_CUR.T_TIF_CFGTXFEE (FEE_TYPE, TX_CODE, FEE_LIST, IDXDBACTNO_LIST, IDXCRACTNO_LIST, FORMULA_LIST)
values (14, 847101, '1,2,3', null, '0,0,0', '$0*@1,$0*@2,$0*@3');
insert into YKT_CUR.T_TIF_CFGTXFEE (FEE_TYPE, TX_CODE, FEE_LIST, IDXDBACTNO_LIST, IDXCRACTNO_LIST, FORMULA_LIST)
values (15, 847101, '1,2,3', null, '0,0,0', '$0*@1,$0*@2,$0*@3');
insert into YKT_CUR.T_TIF_CFGTXFEE (FEE_TYPE, TX_CODE, FEE_LIST, IDXDBACTNO_LIST, IDXCRACTNO_LIST, FORMULA_LIST)
values (16, 847101, '1,2,3', null, '0,0,0', '$0*@1,$0*@2,$0*@3');
insert into YKT_CUR.T_TIF_CFGTXFEE (FEE_TYPE, TX_CODE, FEE_LIST, IDXDBACTNO_LIST, IDXCRACTNO_LIST, FORMULA_LIST)
values (17, 847101, '1,2,3', null, '0,0,0', '$0*@1,$0*@2,$0*@3');
insert into YKT_CUR.T_TIF_CFGTXFEE (FEE_TYPE, TX_CODE, FEE_LIST, IDXDBACTNO_LIST, IDXCRACTNO_LIST, FORMULA_LIST)
values (18, 847106, '9,1,25,2,26,3', null, '0,0,0,0,0,0', '($0*0.1)*@1,($0-$0*0.1)*@1,($0*0.1)*@2,($0-$0*0.1)*@2,' || chr(10) || '' || chr(10) || '($0*0.1)*@3,($0-$0*0.1)*@3');
insert into YKT_CUR.T_TIF_CFGTXFEE (FEE_TYPE, TX_CODE, FEE_LIST, IDXDBACTNO_LIST, IDXCRACTNO_LIST, FORMULA_LIST)
values (18, 930031, '15,10', '0,0', '1,1', '$0,($0*0.099)*@1');
insert into YKT_CUR.T_TIF_CFGTXFEE (FEE_TYPE, TX_CODE, FEE_LIST, IDXDBACTNO_LIST, IDXCRACTNO_LIST, FORMULA_LIST)
values (18, 847183, '15,10', '0,0', '1,1', '$0,($0*0.099)*@1');
insert into YKT_CUR.T_TIF_CFGTXFEE (FEE_TYPE, TX_CODE, FEE_LIST, IDXDBACTNO_LIST, IDXCRACTNO_LIST, FORMULA_LIST)
values (1, 847222, '57', '0', '-1', '$0');
insert into YKT_CUR.T_TIF_CFGTXFEE (FEE_TYPE, TX_CODE, FEE_LIST, IDXDBACTNO_LIST, IDXCRACTNO_LIST, FORMULA_LIST)
values (17, 240001, '1,10', null, null, '$0*0,$0*0-@3');
insert into YKT_CUR.T_TIF_CFGTXFEE (FEE_TYPE, TX_CODE, FEE_LIST, IDXDBACTNO_LIST, IDXCRACTNO_LIST, FORMULA_LIST)
values (0, 847301, '54', '0', '-1', '$0');
insert into YKT_CUR.T_TIF_CFGTXFEE (FEE_TYPE, TX_CODE, FEE_LIST, IDXDBACTNO_LIST, IDXCRACTNO_LIST, FORMULA_LIST)
values (0, 847306, '56', '-1', '1', '$0');
insert into YKT_CUR.T_TIF_CFGTXFEE (FEE_TYPE, TX_CODE, FEE_LIST, IDXDBACTNO_LIST, IDXCRACTNO_LIST, FORMULA_LIST)
values (0, 930030, '54', '0', '-1', '$0');
insert into YKT_CUR.T_TIF_SPLITCFG (TXTYPE, TXNAME, DBFLAG, CRFLAG, DBSUBNO, CRSUBNO, DBACTNO, CRACTNO, IDXDBACTNO, IDXCRACTNO, IDXAMT, FUNDTYPE, SUMMARY)
values (1, '银行转账', 1, 2, '202', '102', null, '1021', 0, null, 0, null, null);
insert into YKT_CUR.T_TIF_SPLITCFG (TXTYPE, TXNAME, DBFLAG, CRFLAG, DBSUBNO, CRSUBNO, DBACTNO, CRACTNO, IDXDBACTNO, IDXCRACTNO, IDXAMT, FUNDTYPE, SUMMARY)
values (2, '现金充值', 2, 1, '101', '202', '1011', null, null, 1, 1, null, null);
insert into YKT_CUR.T_TIF_SPLITCFG (TXTYPE, TXNAME, DBFLAG, CRFLAG, DBSUBNO, CRSUBNO, DBACTNO, CRACTNO, IDXDBACTNO, IDXCRACTNO, IDXAMT, FUNDTYPE, SUMMARY)
values (3, '预收搭伙费', 2, 1, '101', '202', '1011', null, null, 3, 2, 7, null);
insert into YKT_CUR.T_TIF_SPLITCFG (TXTYPE, TXNAME, DBFLAG, CRFLAG, DBSUBNO, CRSUBNO, DBACTNO, CRACTNO, IDXDBACTNO, IDXCRACTNO, IDXAMT, FUNDTYPE, SUMMARY)
values (4, '收手续费', 2, 2, '101', '501', '1011', '5011', null, null, 3, null, null);
insert into YKT_CUR.T_TIF_SPLITCFG (TXTYPE, TXNAME, DBFLAG, CRFLAG, DBSUBNO, CRSUBNO, DBACTNO, CRACTNO, IDXDBACTNO, IDXCRACTNO, IDXAMT, FUNDTYPE, SUMMARY)
values (5, '收卡成本费', 2, 2, '101', '502', '1011', '5021', null, null, 4, null, null);
insert into YKT_CUR.T_TIF_SPLITCFG (TXTYPE, TXNAME, DBFLAG, CRFLAG, DBSUBNO, CRSUBNO, DBACTNO, CRACTNO, IDXDBACTNO, IDXCRACTNO, IDXAMT, FUNDTYPE, SUMMARY)
values (6, '现金支取', 1, 2, '202', '101', null, '1011', 2, null, 5, null, null);
insert into YKT_CUR.T_TIF_SPLITCFG (TXTYPE, TXNAME, DBFLAG, CRFLAG, DBSUBNO, CRSUBNO, DBACTNO, CRACTNO, IDXDBACTNO, IDXCRACTNO, IDXAMT, FUNDTYPE, SUMMARY)
values (7, '食堂消费', 1, 1, '202', '201', null, null, 4, 5, 6, null, null);
insert into YKT_CUR.T_TIF_SPLITCFG (TXTYPE, TXNAME, DBFLAG, CRFLAG, DBSUBNO, CRSUBNO, DBACTNO, CRACTNO, IDXDBACTNO, IDXCRACTNO, IDXAMT, FUNDTYPE, SUMMARY)
values (8, '扣搭伙费', 1, 1, '202', '201', null, null, 6, 7, 7, null, null);
insert into YKT_CUR.T_TIF_SPLITCFG (TXTYPE, TXNAME, DBFLAG, CRFLAG, DBSUBNO, CRSUBNO, DBACTNO, CRACTNO, IDXDBACTNO, IDXCRACTNO, IDXAMT, FUNDTYPE, SUMMARY)
values (9, '收押金', 2, 2, '101', '205', '1011', '2051', null, null, 8, null, null);
insert into YKT_CUR.T_TIF_SPLITCFG (TXTYPE, TXNAME, DBFLAG, CRFLAG, DBSUBNO, CRSUBNO, DBACTNO, CRACTNO, IDXDBACTNO, IDXCRACTNO, IDXAMT, FUNDTYPE, SUMMARY)
values (10, '退押金', 2, 2, '205', '101', '2051', '1011', null, null, 9, null, null);
insert into YKT_CUR.T_TIF_SPLITCFG (TXTYPE, TXNAME, DBFLAG, CRFLAG, DBSUBNO, CRSUBNO, DBACTNO, CRACTNO, IDXDBACTNO, IDXCRACTNO, IDXAMT, FUNDTYPE, SUMMARY)
values (11, '扣押金', 2, 2, '205', '502', '2051', '5021', null, null, 10, null, null);
insert into YKT_CUR.T_TIF_SPLITCFG (TXTYPE, TXNAME, DBFLAG, CRFLAG, DBSUBNO, CRSUBNO, DBACTNO, CRACTNO, IDXDBACTNO, IDXCRACTNO, IDXAMT, FUNDTYPE, SUMMARY)
values (12, '收卡折旧费', 2, 2, '101', '503', '1011', '5031', null, null, 11, null, null);
insert into YKT_CUR.T_TIF_SPLITCFG (TXTYPE, TXNAME, DBFLAG, CRFLAG, DBSUBNO, CRSUBNO, DBACTNO, CRACTNO, IDXDBACTNO, IDXCRACTNO, IDXAMT, FUNDTYPE, SUMMARY)
values (13, '退搭伙费', 1, 2, '202', '101', null, '1011', 8, null, 12, 7, null);
insert into YKT_CUR.T_TIF_SPLITCFG (TXTYPE, TXNAME, DBFLAG, CRFLAG, DBSUBNO, CRSUBNO, DBACTNO, CRACTNO, IDXDBACTNO, IDXCRACTNO, IDXAMT, FUNDTYPE, SUMMARY)
values (14, '支票充值', 2, 1, '101', '202', '1011', null, null, 9, 13, null, null);
insert into YKT_CUR.T_TIF_SPLITCFG (TXTYPE, TXNAME, DBFLAG, CRFLAG, DBSUBNO, CRSUBNO, DBACTNO, CRACTNO, IDXDBACTNO, IDXCRACTNO, IDXAMT, FUNDTYPE, SUMMARY)
values (15, '经费本充值', 2, 1, '101', '202', '1011', null, null, 11, 14, null, null);
insert into YKT_CUR.T_TIF_SPLITCFG (TXTYPE, TXNAME, DBFLAG, CRFLAG, DBSUBNO, CRSUBNO, DBACTNO, CRACTNO, IDXDBACTNO, IDXCRACTNO, IDXAMT, FUNDTYPE, SUMMARY)
values (16, '其他充值', 2, 1, '101', '202', '1011', null, null, 13, 15, null, null);
insert into YKT_CUR.T_TIF_SPLITCFG (TXTYPE, TXNAME, DBFLAG, CRFLAG, DBSUBNO, CRSUBNO, DBACTNO, CRACTNO, IDXDBACTNO, IDXCRACTNO, IDXAMT, FUNDTYPE, SUMMARY)
values (17, '支票支取', 1, 2, '202', '101', null, '1011', 10, null, 16, null, null);
insert into YKT_CUR.T_TIF_SPLITCFG (TXTYPE, TXNAME, DBFLAG, CRFLAG, DBSUBNO, CRSUBNO, DBACTNO, CRACTNO, IDXDBACTNO, IDXCRACTNO, IDXAMT, FUNDTYPE, SUMMARY)
values (18, '经费本支取', 1, 2, '202', '101', null, '1011', 12, null, 17, null, null);
insert into YKT_CUR.T_TIF_SPLITCFG (TXTYPE, TXNAME, DBFLAG, CRFLAG, DBSUBNO, CRSUBNO, DBACTNO, CRACTNO, IDXDBACTNO, IDXCRACTNO, IDXAMT, FUNDTYPE, SUMMARY)
values (19, '其他支取', 1, 2, '202', '101', null, '1011', 14, null, 18, null, null);
insert into YKT_CUR.T_TIF_SPLITCFG (TXTYPE, TXNAME, DBFLAG, CRFLAG, DBSUBNO, CRSUBNO, DBACTNO, CRACTNO, IDXDBACTNO, IDXCRACTNO, IDXAMT, FUNDTYPE, SUMMARY)
values (20, '扣卡余额', 1, 2, '202', '504', null, '5041', 16, null, 19, null, null);
insert into YKT_CUR.T_TIF_SPLITCFG (TXTYPE, TXNAME, DBFLAG, CRFLAG, DBSUBNO, CRSUBNO, DBACTNO, CRACTNO, IDXDBACTNO, IDXCRACTNO, IDXAMT, FUNDTYPE, SUMMARY)
values (21, '转账', 1, 1, '202', '202', null, null, 18, null, 20, null, null);
insert into YKT_CUR.T_TIF_SUBJECT (SUBNO, SUBNAME, SUBTYPE, DIRECT, KIND, FATHER, "LEVEL", ENDFLAG, SPARE1, SPARE2, SPARE3)
values ('101', '现金', 1, 1, 0, '0', 1, 1, '100', null, null);
insert into YKT_CUR.T_TIF_SUBJECT (SUBNO, SUBNAME, SUBTYPE, DIRECT, KIND, FATHER, "LEVEL", ENDFLAG, SPARE1, SPARE2, SPARE3)
values ('102', '银行存款', 1, 1, 0, '0', 1, 1, '110', null, null);
insert into YKT_CUR.T_TIF_SUBJECT (SUBNO, SUBNAME, SUBTYPE, DIRECT, KIND, FATHER, "LEVEL", ENDFLAG, SPARE1, SPARE2, SPARE3)
values ('204', '财务划拨', 2, 2, 0, '212', 2, 1, '220', null, null);
insert into YKT_CUR.T_TIF_SUBJECT (SUBNO, SUBNAME, SUBTYPE, DIRECT, KIND, FATHER, "LEVEL", ENDFLAG, SPARE1, SPARE2, SPARE3)
values ('201', '卡户存款', 2, 2, 0, '218', 2, 1, '250', null, null);
insert into YKT_CUR.T_TIF_SUBJECT (SUBNO, SUBNAME, SUBTYPE, DIRECT, KIND, FATHER, "LEVEL", ENDFLAG, SPARE1, SPARE2, SPARE3)
values ('202', '商户营业额', 2, 2, 0, '212', 2, 1, '210', null, null);
insert into YKT_CUR.T_TIF_SUBJECT (SUBNO, SUBNAME, SUBTYPE, DIRECT, KIND, FATHER, "LEVEL", ENDFLAG, SPARE1, SPARE2, SPARE3)
values ('203', '银行划拨', 2, 2, 0, '212', 2, 1, '230', null, null);
insert into YKT_CUR.T_TIF_SUBJECT (SUBNO, SUBNAME, SUBTYPE, DIRECT, KIND, FATHER, "LEVEL", ENDFLAG, SPARE1, SPARE2, SPARE3)
values ('205', '卡户押金', 2, 2, 0, '218', 2, 1, '260', null, null);
insert into YKT_CUR.T_TIF_SUBJECT (SUBNO, SUBNAME, SUBTYPE, DIRECT, KIND, FATHER, "LEVEL", ENDFLAG, SPARE1, SPARE2, SPARE3)
values ('206', '其他应付款', 2, 2, 0, '218', 2, 1, '280', null, null);
insert into YKT_CUR.T_TIF_SUBJECT (SUBNO, SUBNAME, SUBTYPE, DIRECT, KIND, FATHER, "LEVEL", ENDFLAG, SPARE1, SPARE2, SPARE3)
values ('501', '办卡管理费', 5, 2, 0, '530', 2, 1, '510', null, null);
insert into YKT_CUR.T_TIF_SUBJECT (SUBNO, SUBNAME, SUBTYPE, DIRECT, KIND, FATHER, "LEVEL", ENDFLAG, SPARE1, SPARE2, SPARE3)
values ('502', '卡成本费', 5, 2, 0, '530', 2, 1, '520', null, null);
insert into YKT_CUR.T_TIF_SUBJECT (SUBNO, SUBNAME, SUBTYPE, DIRECT, KIND, FATHER, "LEVEL", ENDFLAG, SPARE1, SPARE2, SPARE3)
values ('503', '卡折旧费', 5, 2, 0, '530', 2, 1, '530', null, null);
insert into YKT_CUR.T_TIF_SUBJECT (SUBNO, SUBNAME, SUBTYPE, DIRECT, KIND, FATHER, "LEVEL", ENDFLAG, SPARE1, SPARE2, SPARE3)
values ('504', '退卡盈余', 5, 2, 0, '530', 2, 1, '540', null, null);
insert into YKT_CUR.T_TIF_SUBJECT (SUBNO, SUBNAME, SUBTYPE, DIRECT, KIND, FATHER, "LEVEL", ENDFLAG, SPARE1, SPARE2, SPARE3)
values ('207', '待领取补助', 2, 2, 0, '218', 2, 1, '270', null, null);
insert into YKT_CUR.T_TIF_SUBJECT (SUBNO, SUBNAME, SUBTYPE, DIRECT, KIND, FATHER, "LEVEL", ENDFLAG, SPARE1, SPARE2, SPARE3)
values ('103', '支票', 1, 1, 0, '111', 2, 1, '130', null, null);
insert into YKT_CUR.T_TIF_SUBJECT (SUBNO, SUBNAME, SUBTYPE, DIRECT, KIND, FATHER, "LEVEL", ENDFLAG, SPARE1, SPARE2, SPARE3)
values ('104', '经费本', 1, 1, 0, '111', 2, 1, '140', null, null);
insert into YKT_CUR.T_TIF_SUBJECT (SUBNO, SUBNAME, SUBTYPE, DIRECT, KIND, FATHER, "LEVEL", ENDFLAG, SPARE1, SPARE2, SPARE3)
values ('111', '应收票据', 1, 1, 0, '0', 1, 2, '120', null, null);
insert into YKT_CUR.T_TIF_SUBJECT (SUBNO, SUBNAME, SUBTYPE, DIRECT, KIND, FATHER, "LEVEL", ENDFLAG, SPARE1, SPARE2, SPARE3)
values ('212', '应付帐款', 2, 2, 0, '0', 1, 2, '200', null, null);
insert into YKT_CUR.T_TIF_SUBJECT (SUBNO, SUBNAME, SUBTYPE, DIRECT, KIND, FATHER, "LEVEL", ENDFLAG, SPARE1, SPARE2, SPARE3)
values ('218', '其他应付款', 2, 2, 0, '0', 1, 2, '240', null, null);
insert into YKT_CUR.T_TIF_SUBJECT (SUBNO, SUBNAME, SUBTYPE, DIRECT, KIND, FATHER, "LEVEL", ENDFLAG, SPARE1, SPARE2, SPARE3)
values ('530', '营业外收入', 5, 2, 0, '0', 1, 2, '500', null, null);
insert into YKT_CUR.T_TIF_SUBJECT (SUBNO, SUBNAME, SUBTYPE, DIRECT, KIND, FATHER, "LEVEL", ENDFLAG, SPARE1, SPARE2, SPARE3)
values ('208', '其他应付款', 2, 2, 0, '0', 1, 0, null, null, null);
insert into YKT_CUR.T_TIF_WARRANT (WARRANT_NO, WTYPE, WNAME, CUR_NO, BEGIN_NO, END_NO, COMMENTS)
values ('1', 100, '记帐凭证', '1', '1', '99999999999999999999', null);
commit;
quit;