SET CLUSTER '';
SET DEFAULT_TABLE_TYPE 0;
SET WRITE_DELAY 500;
SET DEFAULT_LOCK_TIMEOUT 2000;
SET CACHE_SIZE 16384;
CREATE USER IF NOT EXISTS SA SALT '2fc8bc2d71f2d708' HASH 'b0243d44c37253fbe66182d9adf735a59a143a2a8b582ea01a5a20a25f32b9a7' ADMIN;
CREATE SEQUENCE PUBLIC.SYSTEM_SEQUENCE_10F9D54E_B243_42B9_9CD4_A4F6044ACD97 START WITH 3 BELONGS_TO_TABLE;
CREATE SEQUENCE PUBLIC.SYSTEM_SEQUENCE_DE308617_1B9B_4AE3_B100_D1A43104975E START WITH 1 BELONGS_TO_TABLE;
CREATE SEQUENCE PUBLIC.SYSTEM_SEQUENCE_0B14B766_3CF8_473F_9E96_DC4FC29FA614 START WITH 7 BELONGS_TO_TABLE;
CREATE SEQUENCE PUBLIC.SYSTEM_SEQUENCE_3B589423_1230_4E9B_ACD0_341B8889AAE7 START WITH 5 BELONGS_TO_TABLE;
CREATE SEQUENCE PUBLIC.SYSTEM_SEQUENCE_5C973384_5DE4_4899_917C_590E44C01936 START WITH 27 BELONGS_TO_TABLE;
CREATE CACHED TABLE PUBLIC.ACCT_AUTHORITY(
    ID BIGINT DEFAULT (NEXT VALUE FOR PUBLIC.SYSTEM_SEQUENCE_3B589423_1230_4E9B_ACD0_341B8889AAE7) NOT NULL NULL_TO_DEFAULT SEQUENCE PUBLIC.SYSTEM_SEQUENCE_3B589423_1230_4E9B_ACD0_341B8889AAE7,
    NAME VARCHAR(255) NOT NULL
);
ALTER TABLE PUBLIC.ACCT_AUTHORITY ADD CONSTRAINT PUBLIC.CONSTRAINT_4 PRIMARY KEY(ID);
-- 4 +/- SELECT COUNT(*) FROM PUBLIC.ACCT_AUTHORITY;
INSERT INTO PUBLIC.ACCT_AUTHORITY(ID, NAME) VALUES
(1, STRINGDECODE('\u6d4f\u89c8\u7528\u6237')),
(2, STRINGDECODE('\u4fee\u6539\u7528\u6237')),
(3, STRINGDECODE('\u6d4f\u89c8\u89d2\u8272')),
(4, STRINGDECODE('\u4fee\u6539\u89d2\u8272'));
CREATE CACHED TABLE PUBLIC.ACCT_ROLE(
    ID BIGINT DEFAULT (NEXT VALUE FOR PUBLIC.SYSTEM_SEQUENCE_10F9D54E_B243_42B9_9CD4_A4F6044ACD97) NOT NULL NULL_TO_DEFAULT SEQUENCE PUBLIC.SYSTEM_SEQUENCE_10F9D54E_B243_42B9_9CD4_A4F6044ACD97,
    NAME VARCHAR(255) NOT NULL
);
ALTER TABLE PUBLIC.ACCT_ROLE ADD CONSTRAINT PUBLIC.CONSTRAINT_42 PRIMARY KEY(ID);
-- 2 +/- SELECT COUNT(*) FROM PUBLIC.ACCT_ROLE;
INSERT INTO PUBLIC.ACCT_ROLE(ID, NAME) VALUES
(1, STRINGDECODE('\u7ba1\u7406\u5458')),
(2, STRINGDECODE('\u7528\u6237'));
CREATE CACHED TABLE PUBLIC.ACCT_ROLE_AUTHORITY(
    ROLE_ID BIGINT NOT NULL,
    AUTHORITY_ID BIGINT NOT NULL
);
-- 6 +/- SELECT COUNT(*) FROM PUBLIC.ACCT_ROLE_AUTHORITY;
INSERT INTO PUBLIC.ACCT_ROLE_AUTHORITY(ROLE_ID, AUTHORITY_ID) VALUES
(1, 1),
(1, 2),
(1, 3),
(1, 4),
(2, 1),
(2, 3);
CREATE CACHED TABLE PUBLIC.ACCT_USER(
    ID BIGINT DEFAULT (NEXT VALUE FOR PUBLIC.SYSTEM_SEQUENCE_0B14B766_3CF8_473F_9E96_DC4FC29FA614) NOT NULL NULL_TO_DEFAULT SEQUENCE PUBLIC.SYSTEM_SEQUENCE_0B14B766_3CF8_473F_9E96_DC4FC29FA614,
    EMAIL VARCHAR(255),
    LOGIN_NAME VARCHAR(255) NOT NULL,
    NAME VARCHAR(255),
    PASSWORD VARCHAR(255)
);
ALTER TABLE PUBLIC.ACCT_USER ADD CONSTRAINT PUBLIC.CONSTRAINT_424A PRIMARY KEY(ID);
-- 6 +/- SELECT COUNT(*) FROM PUBLIC.ACCT_USER;
INSERT INTO PUBLIC.ACCT_USER(ID, EMAIL, LOGIN_NAME, NAME, PASSWORD) VALUES
(1, 'jianggl88@163.com', 'admin', 'Admin', 'admin'),
(2, 'user@163.com', 'user', 'User', 'user'),
(3, 'jack@163.com', 'user2', 'Jack', 'user2'),
(4, 'kate@163.com', 'user3', 'Kate', 'user3'),
(5, 'sawyer@163.com', 'user4', 'Sawyer', 'user4'),
(6, 'ben@163.com', 'user5', 'Ben', 'user5');
CREATE CACHED TABLE PUBLIC.ACCT_USER_ROLE(
    USER_ID BIGINT NOT NULL,
    ROLE_ID BIGINT NOT NULL
);
-- 7 +/- SELECT COUNT(*) FROM PUBLIC.ACCT_USER_ROLE;
INSERT INTO PUBLIC.ACCT_USER_ROLE(USER_ID, ROLE_ID) VALUES
(1, 1),
(1, 2),
(2, 2),
(3, 2),
(4, 2),
(5, 2),
(6, 2);
CREATE CACHED TABLE PUBLIC.CLUB_MEMBER(
    ID BIGINT DEFAULT (NEXT VALUE FOR PUBLIC.SYSTEM_SEQUENCE_5C973384_5DE4_4899_917C_590E44C01936) NOT NULL NULL_TO_DEFAULT SEQUENCE PUBLIC.SYSTEM_SEQUENCE_5C973384_5DE4_4899_917C_590E44C01936,
    NAME VARCHAR(255),
    NC VARCHAR(255),
    PARNTS VARCHAR(255),
    PID VARCHAR(255),
    SJHM VARCHAR(255),
    YHZH VARCHAR(255)
);
ALTER TABLE PUBLIC.CLUB_MEMBER ADD CONSTRAINT PUBLIC.CONSTRAINT_A PRIMARY KEY(ID);
-- 2 +/- SELECT COUNT(*) FROM PUBLIC.CLUB_MEMBER;
INSERT INTO PUBLIC.CLUB_MEMBER(ID, NAME, NC, PARNTS, PID, SJHM, YHZH) VALUES
(21, STRINGDECODE('\u848b\u6839\u4eae'), 'genliang', NULL, '', '13917965535', '12345623'),
(25, 'f3==', '2', NULL, '', 'sdf', 'f2--');
CREATE CACHED TABLE PUBLIC.FINANCIAL(
    ID BIGINT DEFAULT (NEXT VALUE FOR PUBLIC.SYSTEM_SEQUENCE_DE308617_1B9B_4AE3_B100_D1A43104975E) NOT NULL NULL_TO_DEFAULT SEQUENCE PUBLIC.SYSTEM_SEQUENCE_DE308617_1B9B_4AE3_B100_D1A43104975E,
    CZJE INTEGER,
    CZSJ TIMESTAMP,
    MEM_ID BIGINT
);
ALTER TABLE PUBLIC.FINANCIAL ADD CONSTRAINT PUBLIC.CONSTRAINT_B PRIMARY KEY(ID);
-- 0 +/- SELECT COUNT(*) FROM PUBLIC.FINANCIAL;
ALTER TABLE PUBLIC.ACCT_ROLE ADD CONSTRAINT PUBLIC.CONSTRAINT_424 UNIQUE(NAME);
ALTER TABLE PUBLIC.ACCT_USER ADD CONSTRAINT PUBLIC.CONSTRAINT_424A2 UNIQUE(LOGIN_NAME);
ALTER TABLE PUBLIC.ACCT_AUTHORITY ADD CONSTRAINT PUBLIC.CONSTRAINT_49 UNIQUE(NAME);
ALTER TABLE PUBLIC.ACCT_USER_ROLE ADD CONSTRAINT PUBLIC.FKFE85CB3EDE3FB930 FOREIGN KEY(ROLE_ID) REFERENCES PUBLIC.ACCT_ROLE(ID) NOCHECK;
ALTER TABLE PUBLIC.ACCT_ROLE_AUTHORITY ADD CONSTRAINT PUBLIC.FKAE2434663FE97564 FOREIGN KEY(AUTHORITY_ID) REFERENCES PUBLIC.ACCT_AUTHORITY(ID) NOCHECK;
ALTER TABLE PUBLIC.ACCT_USER_ROLE ADD CONSTRAINT PUBLIC.FKFE85CB3E836A7D10 FOREIGN KEY(USER_ID) REFERENCES PUBLIC.ACCT_USER(ID) NOCHECK;
ALTER TABLE PUBLIC.ACCT_ROLE_AUTHORITY ADD CONSTRAINT PUBLIC.FKAE243466DE3FB930 FOREIGN KEY(ROLE_ID) REFERENCES PUBLIC.ACCT_ROLE(ID) NOCHECK;
