insert into Country (countryId, name, a2, a3, number_, idd_, active_) values (1, 'Canada', 'CA', 'CAN', '124', '001', TRUE);
insert into Country (countryId, name, a2, a3, number_, idd_, active_) values (2, 'China', 'CN', 'CHN', '156', '086', TRUE);
insert into Country (countryId, name, a2, a3, number_, idd_, active_) values (3, 'France', 'FR', 'FRA', '250', '033', TRUE);
insert into Country (countryId, name, a2, a3, number_, idd_, active_) values (4, 'Germany', 'DE', 'DEU', '276', '049', TRUE);
insert into Country (countryId, name, a2, a3, number_, idd_, active_) values (5, 'Hong Kong', 'HK', 'HKG', '344', '852', TRUE);
insert into Country (countryId, name, a2, a3, number_, idd_, active_) values (6, 'Hungary', 'HU', 'HUN', '348', '036', TRUE);
insert into Country (countryId, name, a2, a3, number_, idd_, active_) values (7, 'Israel', 'IL', 'ISR', '376', '972', TRUE);
insert into Country (countryId, name, a2, a3, number_, idd_, active_) values (8, 'Italy', 'IT', 'ITA', '380', '039', TRUE);
insert into Country (countryId, name, a2, a3, number_, idd_, active_) values (9, 'Japan', 'JP', 'JPN', '392', '081', TRUE);
insert into Country (countryId, name, a2, a3, number_, idd_, active_) values (10, 'South Korea', 'KP', 'KOR', '410', '082', TRUE);
insert into Country (countryId, name, a2, a3, number_, idd_, active_) values (11, 'Netherlands', 'NL', 'NLD', '528', '031', TRUE);
insert into Country (countryId, name, a2, a3, number_, idd_, active_) values (12, 'Portugal', 'PT', 'PRT', '620', '351', TRUE);
insert into Country (countryId, name, a2, a3, number_, idd_, active_) values (13, 'Russia', 'RU', 'RUS', '643', '007', TRUE);
insert into Country (countryId, name, a2, a3, number_, idd_, active_) values (14, 'Singapore', 'SG', 'SGP', '702', '065', TRUE);
insert into Country (countryId, name, a2, a3, number_, idd_, active_) values (15, 'Spain', 'ES', 'ESP', '724', '034', TRUE);
insert into Country (countryId, name, a2, a3, number_, idd_, active_) values (16, 'Turkey', 'TR', 'TUR', '792', '090', TRUE);
insert into Country (countryId, name, a2, a3, number_, idd_, active_) values (17, 'Vietnam', 'VM', 'VNM', '704', '084', TRUE);
insert into Country (countryId, name, a2, a3, number_, idd_, active_) values (18, 'United Kingdom', 'GB', 'GBR', '826', '044', TRUE);
insert into Country (countryId, name, a2, a3, number_, idd_, active_) values (19, 'United States', 'US', 'USA', '840', '001', TRUE);
insert into Country (countryId, name, a2, a3, number_, idd_, active_) values (20, 'Afghanistan', 'AF', 'AFG', '4', '093', TRUE);
insert into Country (countryId, name, a2, a3, number_, idd_, active_) values (21, 'Albania', 'AL', 'ALB', '8', '355', TRUE);
insert into Country (countryId, name, a2, a3, number_, idd_, active_) values (22, 'Algeria', 'DZ', 'DZA', '12', '213', TRUE);
insert into Country (countryId, name, a2, a3, number_, idd_, active_) values (23, 'American Samoa', 'AS', 'ASM', '16', '684', TRUE);
insert into Country (countryId, name, a2, a3, number_, idd_, active_) values (24, 'Andorra', 'AD', 'AND', '20', '376', TRUE);
insert into Country (countryId, name, a2, a3, number_, idd_, active_) values (25, 'Angola', 'AO', 'AGO', '24', '244', TRUE);
insert into Country (countryId, name, a2, a3, number_, idd_, active_) values (26, 'Anguilla', 'AI', 'AIA', '660', '264', TRUE);
insert into Country (countryId, name, a2, a3, number_, idd_, active_) values (27, 'Antarctica', 'AQ', 'ATA', '10', '672', TRUE);
insert into Country (countryId, name, a2, a3, number_, idd_, active_) values (28, 'Antigua', 'AG', 'ATG', '28', '268', TRUE);
insert into Country (countryId, name, a2, a3, number_, idd_, active_) values (29, 'Argentina', 'AR', 'ARG', '32', '054', TRUE);
insert into Country (countryId, name, a2, a3, number_, idd_, active_) values (30, 'Armenia', 'AM', 'ARM', '51', '374', TRUE);
insert into Country (countryId, name, a2, a3, number_, idd_, active_) values (31, 'Aruba', 'AW', 'ABW', '533', '297', TRUE);
insert into Country (countryId, name, a2, a3, number_, idd_, active_) values (32, 'Australia', 'AU', 'AUS', '36', '061', TRUE);
insert into Country (countryId, name, a2, a3, number_, idd_, active_) values (33, 'Austria', 'AT', 'AUT', '40', '043', TRUE);
insert into Country (countryId, name, a2, a3, number_, idd_, active_) values (34, 'Azerbaijan', 'AZ', 'AZE', '31', '994', TRUE);
insert into Country (countryId, name, a2, a3, number_, idd_, active_) values (35, 'Bahamas', 'BS', 'BHS', '44', '242', TRUE);
insert into Country (countryId, name, a2, a3, number_, idd_, active_) values (36, 'Bahrain', 'BH', 'BHR', '48', '973', TRUE);
insert into Country (countryId, name, a2, a3, number_, idd_, active_) values (37, 'Bangladesh', 'BD', 'BGD', '50', '880', TRUE);
insert into Country (countryId, name, a2, a3, number_, idd_, active_) values (38, 'Barbados', 'BB', 'BRB', '52', '246', TRUE);
insert into Country (countryId, name, a2, a3, number_, idd_, active_) values (39, 'Belarus', 'BY', 'BLR', '112', '375', TRUE);
insert into Country (countryId, name, a2, a3, number_, idd_, active_) values (40, 'Belgium', 'BE', 'BEL', '56', '032', TRUE);
insert into Country (countryId, name, a2, a3, number_, idd_, active_) values (41, 'Belize', 'BZ', 'BLZ', '84', '501', TRUE);
insert into Country (countryId, name, a2, a3, number_, idd_, active_) values (42, 'Benin', 'BJ', 'BEN', '204', '229', TRUE);
insert into Country (countryId, name, a2, a3, number_, idd_, active_) values (43, 'Bermuda', 'BM', 'BMU', '60', '441', TRUE);
insert into Country (countryId, name, a2, a3, number_, idd_, active_) values (44, 'Bhutan', 'BT', 'BTN', '64', '975', TRUE);
insert into Country (countryId, name, a2, a3, number_, idd_, active_) values (45, 'Bolivia', 'BO', 'BOL', '68', '591', TRUE);
insert into Country (countryId, name, a2, a3, number_, idd_, active_) values (46, 'Bosnia-Herzegovina', 'BA', 'BIH', '70', '387', TRUE);
insert into Country (countryId, name, a2, a3, number_, idd_, active_) values (47, 'Botswana', 'BW', 'BWA', '72', '267', TRUE);
insert into Country (countryId, name, a2, a3, number_, idd_, active_) values (48, 'Brazil', 'BR', 'BRA', '76', '055', TRUE);
insert into Country (countryId, name, a2, a3, number_, idd_, active_) values (49, 'British Virgin Islands', 'VG', 'VGB', '92', '284', TRUE);
insert into Country (countryId, name, a2, a3, number_, idd_, active_) values (50, 'Brunei', 'BN', 'BRN', '96', '673', TRUE);
insert into Country (countryId, name, a2, a3, number_, idd_, active_) values (51, 'Bulgaria', 'BG', 'BGR', '100', '359', TRUE);
insert into Country (countryId, name, a2, a3, number_, idd_, active_) values (52, 'Burkina Faso', 'BF', 'BFA', '854', '226', TRUE);
insert into Country (countryId, name, a2, a3, number_, idd_, active_) values (53, 'Burma (Myanmar)', 'MM', 'MMR', '104', '095', TRUE);
insert into Country (countryId, name, a2, a3, number_, idd_, active_) values (54, 'Burundi', 'BI', 'BDI', '108', '257', TRUE);
insert into Country (countryId, name, a2, a3, number_, idd_, active_) values (55, 'Cambodia', 'KH', 'KHM', '116', '855', TRUE);
insert into Country (countryId, name, a2, a3, number_, idd_, active_) values (56, 'Cameroon', 'CM', 'CMR', '120', '237', TRUE);
insert into Country (countryId, name, a2, a3, number_, idd_, active_) values (57, 'Cape Verde Island', 'CV', 'CPV', '132', '238', TRUE);
insert into Country (countryId, name, a2, a3, number_, idd_, active_) values (58, 'Cayman Islands', 'KY', 'CYM', '136', '345', TRUE);
insert into Country (countryId, name, a2, a3, number_, idd_, active_) values (59, 'Central African Republic', 'CF', 'CAF', '140', '236', TRUE);
insert into Country (countryId, name, a2, a3, number_, idd_, active_) values (60, 'Chad', 'TD', 'TCD', '148', '235', TRUE);
insert into Country (countryId, name, a2, a3, number_, idd_, active_) values (61, 'Chile', 'CL', 'CHL', '152', '056', TRUE);
insert into Country (countryId, name, a2, a3, number_, idd_, active_) values (62, 'Christmas Island', 'CX', 'CXR', '162', '061', TRUE);
insert into Country (countryId, name, a2, a3, number_, idd_, active_) values (63, 'Cocos Islands', 'CC', 'CCK', '166', '061', TRUE);
insert into Country (countryId, name, a2, a3, number_, idd_, active_) values (64, 'Colombia', 'CO', 'COL', '170', '057', TRUE);
insert into Country (countryId, name, a2, a3, number_, idd_, active_) values (65, 'Comoros', 'KM', 'COM', '174', '269', TRUE);
insert into Country (countryId, name, a2, a3, number_, idd_, active_) values (66, 'Republic of Congo', 'CD', 'COD', '180', '242', TRUE);
insert into Country (countryId, name, a2, a3, number_, idd_, active_) values (67, 'Democratic Republic of Congo', 'CG', 'COG', '178', '243', TRUE);
insert into Country (countryId, name, a2, a3, number_, idd_, active_) values (68, 'Cook Islands', 'CK', 'COK', '184', '682', TRUE);
insert into Country (countryId, name, a2, a3, number_, idd_, active_) values (69, 'Costa Rica', 'CI', 'CRI', '188', '506', TRUE);
insert into Country (countryId, name, a2, a3, number_, idd_, active_) values (70, 'Croatia', 'HR', 'HRV', '191', '385', TRUE);
insert into Country (countryId, name, a2, a3, number_, idd_, active_) values (71, 'Cuba', 'CU', 'CUB', '192', '053', TRUE);
insert into Country (countryId, name, a2, a3, number_, idd_, active_) values (72, 'Cyprus', 'CY', 'CYP', '196', '357', TRUE);
insert into Country (countryId, name, a2, a3, number_, idd_, active_) values (73, 'Czech Republic', 'CZ', 'CZE', '203', '420', TRUE);
insert into Country (countryId, name, a2, a3, number_, idd_, active_) values (74, 'Denmark', 'DK', 'DNK', '208', '045', TRUE);
insert into Country (countryId, name, a2, a3, number_, idd_, active_) values (75, 'Djibouti', 'DJ', 'DJI', '262', '253', TRUE);
insert into Country (countryId, name, a2, a3, number_, idd_, active_) values (76, 'Dominica', 'DM', 'DMA', '212', '767', TRUE);
insert into Country (countryId, name, a2, a3, number_, idd_, active_) values (77, 'Dominican Republic', 'DO', 'DOM', '214', '809', TRUE);
insert into Country (countryId, name, a2, a3, number_, idd_, active_) values (78, 'Ecuador', 'EC', 'ECU', '218', '593', TRUE);
insert into Country (countryId, name, a2, a3, number_, idd_, active_) values (79, 'Egypt', 'EG', 'EGY', '818', '020', TRUE);
insert into Country (countryId, name, a2, a3, number_, idd_, active_) values (80, 'El Salvador', 'SV', 'SLV', '222', '503', TRUE);
insert into Country (countryId, name, a2, a3, number_, idd_, active_) values (81, 'Equatorial Guinea', 'GQ', 'GNQ', '226', '240', TRUE);
insert into Country (countryId, name, a2, a3, number_, idd_, active_) values (82, 'Eritrea', 'ER', 'ERI', '232', '291', TRUE);
insert into Country (countryId, name, a2, a3, number_, idd_, active_) values (83, 'Estonia', 'EE', 'EST', '233', '372', TRUE);
insert into Country (countryId, name, a2, a3, number_, idd_, active_) values (84, 'Ethiopia', 'ET', 'ETH', '231', '251', TRUE);
insert into Country (countryId, name, a2, a3, number_, idd_, active_) values (85, 'Faeroe Islands', 'FO', 'FRO', '234', '298', TRUE);
insert into Country (countryId, name, a2, a3, number_, idd_, active_) values (86, 'Falkland Islands', 'FK', 'FLK', '238', '500', TRUE);
insert into Country (countryId, name, a2, a3, number_, idd_, active_) values (87, 'Fiji Islands', 'FJ', 'FJI', '242', '679', TRUE);
insert into Country (countryId, name, a2, a3, number_, idd_, active_) values (88, 'Finland', 'FI', 'FIN', '246', '358', TRUE);
insert into Country (countryId, name, a2, a3, number_, idd_, active_) values (89, 'French Guiana', 'GF', 'GUF', '254', '594', TRUE);
insert into Country (countryId, name, a2, a3, number_, idd_, active_) values (90, 'French Polynesia', 'PF', 'PYF', '258', '689', TRUE);
insert into Country (countryId, name, a2, a3, number_, idd_, active_) values (91, 'Gabon', 'GA', 'GAB', '266', '241', TRUE);
insert into Country (countryId, name, a2, a3, number_, idd_, active_) values (92, 'Gambia', 'GM', 'GMB', '270', '220', TRUE);
insert into Country (countryId, name, a2, a3, number_, idd_, active_) values (93, 'Georgia', 'GE', 'GEO', '268', '995', TRUE);
insert into Country (countryId, name, a2, a3, number_, idd_, active_) values (94, 'Ghana', 'GH', 'GHA', '288', '233', TRUE);
insert into Country (countryId, name, a2, a3, number_, idd_, active_) values (95, 'Gibraltar', 'GI', 'GIB', '292', '350', TRUE);
insert into Country (countryId, name, a2, a3, number_, idd_, active_) values (96, 'Greece', 'GR', 'GRC', '300', '030', TRUE);
insert into Country (countryId, name, a2, a3, number_, idd_, active_) values (97, 'Greenland', 'GL', 'GRL', '304', '299', TRUE);
insert into Country (countryId, name, a2, a3, number_, idd_, active_) values (98, 'Grenada', 'GD', 'GRD', '308', '473', TRUE);
insert into Country (countryId, name, a2, a3, number_, idd_, active_) values (99, 'Guadeloupe', 'GP', 'GLP', '312', '590', TRUE);
insert into Country (countryId, name, a2, a3, number_, idd_, active_) values (100, 'Guam', 'GU', 'GUM', '316', '671', TRUE);
insert into Country (countryId, name, a2, a3, number_, idd_, active_) values (101, 'Guatemala', 'GT', 'GTM', '320', '502', TRUE);
insert into Country (countryId, name, a2, a3, number_, idd_, active_) values (102, 'Guinea', 'GN', 'GIN', '324', '224', TRUE);
insert into Country (countryId, name, a2, a3, number_, idd_, active_) values (103, 'Guinea-Bissau', 'GW', 'GNB', '624', '245', TRUE);
insert into Country (countryId, name, a2, a3, number_, idd_, active_) values (104, 'Guyana', 'GY', 'GUY', '328', '592', TRUE);
insert into Country (countryId, name, a2, a3, number_, idd_, active_) values (105, 'Haiti', 'HT', 'HTI', '332', '509', TRUE);
insert into Country (countryId, name, a2, a3, number_, idd_, active_) values (106, 'Honduras', 'HN', 'HND', '340', '504', TRUE);
insert into Country (countryId, name, a2, a3, number_, idd_, active_) values (107, 'Iceland', 'IS', 'ISL', '352', '354', TRUE);
insert into Country (countryId, name, a2, a3, number_, idd_, active_) values (108, 'India', 'IN', 'IND', '356', '091', TRUE);
insert into Country (countryId, name, a2, a3, number_, idd_, active_) values (109, 'Indonesia', 'ID', 'IDN', '360', '062', TRUE);
insert into Country (countryId, name, a2, a3, number_, idd_, active_) values (110, 'Iran', 'IR', 'IRN', '364', '098', TRUE);
insert into Country (countryId, name, a2, a3, number_, idd_, active_) values (111, 'Iraq', 'IQ', 'IRQ', '368', '964', TRUE);
insert into Country (countryId, name, a2, a3, number_, idd_, active_) values (112, 'Ireland', 'IE', 'IRL', '372', '353', TRUE);
insert into Country (countryId, name, a2, a3, number_, idd_, active_) values (113, 'Ivory Coast', 'CI', 'CIV', '384', '225', TRUE);
insert into Country (countryId, name, a2, a3, number_, idd_, active_) values (114, 'Jamaica', 'JM', 'JAM', '388', '876', TRUE);
insert into Country (countryId, name, a2, a3, number_, idd_, active_) values (115, 'Jordan', 'JO', 'JOR', '400', '962', TRUE);
insert into Country (countryId, name, a2, a3, number_, idd_, active_) values (116, 'Kazakhstan', 'KZ', 'KAZ', '398', '007', TRUE);
insert into Country (countryId, name, a2, a3, number_, idd_, active_) values (117, 'Kenya', 'KE', 'KEN', '404', '254', TRUE);
insert into Country (countryId, name, a2, a3, number_, idd_, active_) values (118, 'Kiribati', 'KI', 'KIR', '408', '686', TRUE);
insert into Country (countryId, name, a2, a3, number_, idd_, active_) values (119, 'Kuwait', 'KW', 'KWT', '414', '965', TRUE);
insert into Country (countryId, name, a2, a3, number_, idd_, active_) values (120, 'North Korea', 'KP', 'PRK', '408', '850', TRUE);
insert into Country (countryId, name, a2, a3, number_, idd_, active_) values (121, 'Kyrgyzstan', 'KG', 'KGZ', '471', '996', TRUE);
insert into Country (countryId, name, a2, a3, number_, idd_, active_) values (122, 'Laos', 'LA', 'LAO', '418', '856', TRUE);
insert into Country (countryId, name, a2, a3, number_, idd_, active_) values (123, 'Latvia', 'LV', 'LVA', '428', '371', TRUE);
insert into Country (countryId, name, a2, a3, number_, idd_, active_) values (124, 'Lebanon', 'LB', 'LBN', '422', '961', TRUE);
insert into Country (countryId, name, a2, a3, number_, idd_, active_) values (125, 'Lesotho', 'LS', 'LSO', '426', '266', TRUE);
insert into Country (countryId, name, a2, a3, number_, idd_, active_) values (126, 'Liberia', 'LR', 'LBR', '430', '231', TRUE);
insert into Country (countryId, name, a2, a3, number_, idd_, active_) values (127, 'Libya', 'LY', 'LBY', '434', '218', TRUE);
insert into Country (countryId, name, a2, a3, number_, idd_, active_) values (128, 'Liechtenstein', 'LI', 'LIE', '438', '423', TRUE);
insert into Country (countryId, name, a2, a3, number_, idd_, active_) values (129, 'Lithuania', 'LT', 'LTU', '440', '370', TRUE);
insert into Country (countryId, name, a2, a3, number_, idd_, active_) values (130, 'Luxembourg', 'LU', 'LUX', '442', '352', TRUE);
insert into Country (countryId, name, a2, a3, number_, idd_, active_) values (131, 'Macau', 'MO', 'MAC', '446', '853', TRUE);
insert into Country (countryId, name, a2, a3, number_, idd_, active_) values (132, 'Macedonia', 'MK', 'MKD', '807', '389', TRUE);
insert into Country (countryId, name, a2, a3, number_, idd_, active_) values (133, 'Madagascar', 'MG', 'MDG', '450', '261', TRUE);
insert into Country (countryId, name, a2, a3, number_, idd_, active_) values (134, 'Malawi', 'MW', 'MWI', '454', '265', TRUE);
insert into Country (countryId, name, a2, a3, number_, idd_, active_) values (135, 'Malaysia', 'MY', 'MYS', '458', '060', TRUE);
insert into Country (countryId, name, a2, a3, number_, idd_, active_) values (136, 'Maldives', 'MV', 'MDV', '462', '960', TRUE);
insert into Country (countryId, name, a2, a3, number_, idd_, active_) values (137, 'Mali', 'ML', 'MLI', '466', '223', TRUE);
insert into Country (countryId, name, a2, a3, number_, idd_, active_) values (138, 'Malta', 'MT', 'MLT', '470', '356', TRUE);
insert into Country (countryId, name, a2, a3, number_, idd_, active_) values (139, 'Marshall Islands', 'MH', 'MHL', '584', '692', TRUE);
insert into Country (countryId, name, a2, a3, number_, idd_, active_) values (140, 'Martinique', 'MQ', 'MTQ', '474', '596', TRUE);
insert into Country (countryId, name, a2, a3, number_, idd_, active_) values (141, 'Mauritania', 'MR', 'MRT', '478', '222', TRUE);
insert into Country (countryId, name, a2, a3, number_, idd_, active_) values (142, 'Mauritius', 'MU', 'MUS', '480', '230', TRUE);
insert into Country (countryId, name, a2, a3, number_, idd_, active_) values (143, 'Mayotte Island', 'YT', 'MYT', '175', '269', TRUE);
insert into Country (countryId, name, a2, a3, number_, idd_, active_) values (144, 'Mexico', 'MX', 'MEX', '484', '052', TRUE);
insert into Country (countryId, name, a2, a3, number_, idd_, active_) values (145, 'Micronesia', 'FM', 'FSM', '583', '691', TRUE);
insert into Country (countryId, name, a2, a3, number_, idd_, active_) values (146, 'Moldova', 'MD', 'MDA', '498', '373', TRUE);
insert into Country (countryId, name, a2, a3, number_, idd_, active_) values (147, 'Monaco', 'MC', 'MCO', '492', '377', TRUE);
insert into Country (countryId, name, a2, a3, number_, idd_, active_) values (148, 'Mongolia', 'MN', 'MNG', '496', '976', TRUE);
insert into Country (countryId, name, a2, a3, number_, idd_, active_) values (149, 'Montserrat', 'MS', 'MSR', '500', '664', TRUE);
insert into Country (countryId, name, a2, a3, number_, idd_, active_) values (150, 'Morocco', 'MA', 'MAR', '504', '212', TRUE);
insert into Country (countryId, name, a2, a3, number_, idd_, active_) values (151, 'Mozambique', 'MZ', 'MOZ', '508', '258', TRUE);
insert into Country (countryId, name, a2, a3, number_, idd_, active_) values (152, 'Myanmar (Burma)', 'MM', 'MMR', '104', '095', TRUE);
insert into Country (countryId, name, a2, a3, number_, idd_, active_) values (153, 'Namibia', 'NA', 'NAM', '516', '264', TRUE);
insert into Country (countryId, name, a2, a3, number_, idd_, active_) values (154, 'Nauru', 'NR', 'NRU', '520', '674', TRUE);
insert into Country (countryId, name, a2, a3, number_, idd_, active_) values (155, 'Nepal', 'NP', 'NPL', '524', '977', TRUE);
insert into Country (countryId, name, a2, a3, number_, idd_, active_) values (156, 'Netherlands Antilles', 'AN', 'ANT', '530', '599', TRUE);
insert into Country (countryId, name, a2, a3, number_, idd_, active_) values (157, 'New Caledonia', 'NC', 'NCL', '540', '687', TRUE);
insert into Country (countryId, name, a2, a3, number_, idd_, active_) values (158, 'New Zealand', 'NZ', 'NZL', '554', '064', TRUE);
insert into Country (countryId, name, a2, a3, number_, idd_, active_) values (159, 'Nicaragua', 'NE', 'NER', '558', '505', TRUE);
insert into Country (countryId, name, a2, a3, number_, idd_, active_) values (160, 'Niger', 'NE', 'NER', '562', '227', TRUE);
insert into Country (countryId, name, a2, a3, number_, idd_, active_) values (161, 'Nigeria', 'NG', 'NGA', '566', '234', TRUE);
insert into Country (countryId, name, a2, a3, number_, idd_, active_) values (162, 'Niue', 'NU', 'NIU', '570', '683', TRUE);
insert into Country (countryId, name, a2, a3, number_, idd_, active_) values (163, 'Norfolk Island', 'NF', 'NFK', '574', '672', TRUE);
insert into Country (countryId, name, a2, a3, number_, idd_, active_) values (164, 'Norway', 'NO', 'NOR', '578', '047', TRUE);
insert into Country (countryId, name, a2, a3, number_, idd_, active_) values (165, 'Oman', 'OM', 'OMN', '512', '968', TRUE);
insert into Country (countryId, name, a2, a3, number_, idd_, active_) values (166, 'Pakistan', 'PK', 'PAK', '586', '092', TRUE);
insert into Country (countryId, name, a2, a3, number_, idd_, active_) values (167, 'Palau', 'PW', 'PLW', '585', '680', TRUE);
insert into Country (countryId, name, a2, a3, number_, idd_, active_) values (168, 'Palestine', 'PS', 'PSE', '275', '970', TRUE);
insert into Country (countryId, name, a2, a3, number_, idd_, active_) values (169, 'Panama', 'PA', 'PAN', '591', '507', TRUE);
insert into Country (countryId, name, a2, a3, number_, idd_, active_) values (170, 'Papua New Guinea', 'PG', 'PNG', '598', '675', TRUE);
insert into Country (countryId, name, a2, a3, number_, idd_, active_) values (171, 'Paraguay', 'PY', 'PRY', '600', '595', TRUE);
insert into Country (countryId, name, a2, a3, number_, idd_, active_) values (172, 'Peru', 'PE', 'PER', '604', '051', TRUE);
insert into Country (countryId, name, a2, a3, number_, idd_, active_) values (173, 'Philippines', 'PH', 'PHL', '608', '063', TRUE);
insert into Country (countryId, name, a2, a3, number_, idd_, active_) values (174, 'Poland', 'PL', 'POL', '616', '048', TRUE);
insert into Country (countryId, name, a2, a3, number_, idd_, active_) values (175, 'Puerto Rico', 'PR', 'PRI', '630', '787', TRUE);
insert into Country (countryId, name, a2, a3, number_, idd_, active_) values (176, 'Qatar', 'QA', 'QAT', '634', '974', TRUE);
insert into Country (countryId, name, a2, a3, number_, idd_, active_) values (177, 'Reunion Island', 'RE', 'REU', '638', '262', TRUE);
insert into Country (countryId, name, a2, a3, number_, idd_, active_) values (178, 'Romania', 'RO', 'ROU', '642', '040', TRUE);
insert into Country (countryId, name, a2, a3, number_, idd_, active_) values (179, 'Rwanda', 'RW', 'RWA', '646', '250', TRUE);
insert into Country (countryId, name, a2, a3, number_, idd_, active_) values (180, 'St. Helena', 'SH', 'SHN', '654', '290', TRUE);
insert into Country (countryId, name, a2, a3, number_, idd_, active_) values (181, 'St. Kitts', 'KN', 'KNA', '659', '869', TRUE);
insert into Country (countryId, name, a2, a3, number_, idd_, active_) values (182, 'St. Lucia', 'LC', 'LCA', '662', '758', TRUE);
insert into Country (countryId, name, a2, a3, number_, idd_, active_) values (183, 'St. Pierre & Miquelon', 'PM', 'SPM', '666', '508', TRUE);
insert into Country (countryId, name, a2, a3, number_, idd_, active_) values (184, 'St. Vincent', 'VC', 'VCT', '670', '784', TRUE);
insert into Country (countryId, name, a2, a3, number_, idd_, active_) values (185, 'San Marino', 'SM', 'SMR', '674', '378', TRUE);
insert into Country (countryId, name, a2, a3, number_, idd_, active_) values (186, 'Sao Tome & Principe', 'ST', 'STP', '678', '239', TRUE);
insert into Country (countryId, name, a2, a3, number_, idd_, active_) values (187, 'Saudi Arabia', 'SA', 'SAU', '682', '966', TRUE);
insert into Country (countryId, name, a2, a3, number_, idd_, active_) values (188, 'Senegal', 'SN', 'SEN', '686', '221', TRUE);
insert into Country (countryId, name, a2, a3, number_, idd_, active_) values (189, 'Serbia', 'CS', 'SCG', '891', '381', TRUE);
insert into Country (countryId, name, a2, a3, number_, idd_, active_) values (190, 'Seychelles', 'SC', 'SYC', '690', '248', TRUE);
insert into Country (countryId, name, a2, a3, number_, idd_, active_) values (191, 'Sierra Leone', 'SL', 'SLE', '694', '249', TRUE);
insert into Country (countryId, name, a2, a3, number_, idd_, active_) values (192, 'Slovakia', 'SK', 'SVK', '703', '421', TRUE);
insert into Country (countryId, name, a2, a3, number_, idd_, active_) values (193, 'Slovenia', 'SI', 'SVN', '705', '386', TRUE);
insert into Country (countryId, name, a2, a3, number_, idd_, active_) values (194, 'Solomon Islands', 'SB', 'SLB', '90', '677', TRUE);
insert into Country (countryId, name, a2, a3, number_, idd_, active_) values (195, 'Somalia', 'SO', 'SOM', '706', '252', TRUE);
insert into Country (countryId, name, a2, a3, number_, idd_, active_) values (196, 'South Africa', 'ZA', 'ZAF', '710', '027', TRUE);
insert into Country (countryId, name, a2, a3, number_, idd_, active_) values (197, 'Sri Lanka', 'LK', 'LKA', '144', '094', TRUE);
insert into Country (countryId, name, a2, a3, number_, idd_, active_) values (198, 'Sudan', 'SD', 'SDN', '736', '095', TRUE);
insert into Country (countryId, name, a2, a3, number_, idd_, active_) values (199, 'Suriname', 'SR', 'SUR', '740', '597', TRUE);
insert into Country (countryId, name, a2, a3, number_, idd_, active_) values (200, 'Swaziland', 'SZ', 'SWZ', '748', '268', TRUE);
insert into Country (countryId, name, a2, a3, number_, idd_, active_) values (201, 'Sweden', 'SE', 'SWE', '752', '046', TRUE);
insert into Country (countryId, name, a2, a3, number_, idd_, active_) values (202, 'Switzerland', 'CH', 'CHE', '756', '041', TRUE);
insert into Country (countryId, name, a2, a3, number_, idd_, active_) values (203, 'Syria', 'SY', 'SYR', '760', '963', TRUE);
insert into Country (countryId, name, a2, a3, number_, idd_, active_) values (204, 'Taiwan', 'TW', 'TWN', '158', '886', TRUE);
insert into Country (countryId, name, a2, a3, number_, idd_, active_) values (205, 'Tajikistan', 'TJ', 'TJK', '762', '992', TRUE);
insert into Country (countryId, name, a2, a3, number_, idd_, active_) values (206, 'Tanzania', 'TZ', 'TZA', '834', '255', TRUE);
insert into Country (countryId, name, a2, a3, number_, idd_, active_) values (207, 'Thailand', 'TH', 'THA', '764', '066', TRUE);
insert into Country (countryId, name, a2, a3, number_, idd_, active_) values (208, 'Togo', 'TG', 'TGO', '768', '228', TRUE);
insert into Country (countryId, name, a2, a3, number_, idd_, active_) values (209, 'Tonga', 'TO', 'TON', '776', '676', TRUE);
insert into Country (countryId, name, a2, a3, number_, idd_, active_) values (210, 'Trinidad & Tobago', 'TT', 'TTO', '780', '868', TRUE);
insert into Country (countryId, name, a2, a3, number_, idd_, active_) values (211, 'Tunisia', 'TN', 'TUN', '788', '216', TRUE);
insert into Country (countryId, name, a2, a3, number_, idd_, active_) values (212, 'Turkmenistan', 'TM', 'TKM', '795', '993', TRUE);
insert into Country (countryId, name, a2, a3, number_, idd_, active_) values (213, 'Turks & Caicos', 'TC', 'TCA', '796', '649', TRUE);
insert into Country (countryId, name, a2, a3, number_, idd_, active_) values (214, 'Tuvalu', 'TV', 'TUV', '798', '688', TRUE);
insert into Country (countryId, name, a2, a3, number_, idd_, active_) values (215, 'Uganda', 'UG', 'UGA', '800', '256', TRUE);
insert into Country (countryId, name, a2, a3, number_, idd_, active_) values (216, 'Ukraine', 'UA', 'UKR', '804', '380', TRUE);
insert into Country (countryId, name, a2, a3, number_, idd_, active_) values (217, 'United Arab Emirates', 'AE', 'ARE', '784', '971', TRUE);
insert into Country (countryId, name, a2, a3, number_, idd_, active_) values (218, 'Uruguay', 'UY', 'URY', '858', '598', TRUE);
insert into Country (countryId, name, a2, a3, number_, idd_, active_) values (219, 'Uzbekistan', 'UZ', 'UZB', '860', '998', TRUE);
insert into Country (countryId, name, a2, a3, number_, idd_, active_) values (220, 'Vanuatu', 'VU', 'VUT', '548', '678', TRUE);
insert into Country (countryId, name, a2, a3, number_, idd_, active_) values (221, 'Vatican City', 'VA', 'VAT', '336', '039', TRUE);
insert into Country (countryId, name, a2, a3, number_, idd_, active_) values (222, 'Venezuela', 'VE', 'VEN', '862', '058', TRUE);
insert into Country (countryId, name, a2, a3, number_, idd_, active_) values (223, 'Wallis & Futuna', 'WF', 'WLF', '876', '681', TRUE);
insert into Country (countryId, name, a2, a3, number_, idd_, active_) values (224, 'Western Samoa', 'EH', 'ESH', '732', '685', TRUE);
insert into Country (countryId, name, a2, a3, number_, idd_, active_) values (225, 'Yemen', 'YE', 'YEM', '887', '967', TRUE);
insert into Country (countryId, name, a2, a3, number_, idd_, active_) values (226, 'Yugoslavia', 'MK', 'MKD', '446', '381', TRUE);
insert into Country (countryId, name, a2, a3, number_, idd_, active_) values (227, 'Zambia', 'ZM', 'ZMB', '894', '260', TRUE);
insert into Country (countryId, name, a2, a3, number_, idd_, active_) values (228, 'Zimbabwe', 'ZW', 'ZWE', '716', '263', TRUE);

insert into Region (regionId, countryId, regionCode, name, active_) values (1, 19, 'AL', 'Alabama', TRUE);
insert into Region (regionId, countryId, regionCode, name, active_) values (2, 19, 'AK', 'Alaska', TRUE);
insert into Region (regionId, countryId, regionCode, name, active_) values (3, 19, 'AZ', 'Arizona', TRUE);
insert into Region (regionId, countryId, regionCode, name, active_) values (4, 19, 'AR', 'Arkansas', TRUE);
insert into Region (regionId, countryId, regionCode, name, active_) values (5, 19, 'CA', 'California', TRUE);
insert into Region (regionId, countryId, regionCode, name, active_) values (6, 19, 'CO', 'Colorado', TRUE);
insert into Region (regionId, countryId, regionCode, name, active_) values (7, 19, 'CT', 'Connecticut', TRUE);
insert into Region (regionId, countryId, regionCode, name, active_) values (8, 19, 'DC', 'District of Columbia', TRUE);
insert into Region (regionId, countryId, regionCode, name, active_) values (9, 19, 'DE', 'Delaware', TRUE);
insert into Region (regionId, countryId, regionCode, name, active_) values (10, 19, 'FL', 'Florida', TRUE);
insert into Region (regionId, countryId, regionCode, name, active_) values (11, 19, 'GA', 'Georgia', TRUE);
insert into Region (regionId, countryId, regionCode, name, active_) values (12, 19, 'HI', 'Hawaii', TRUE);
insert into Region (regionId, countryId, regionCode, name, active_) values (13, 19, 'ID', 'Idaho', TRUE);
insert into Region (regionId, countryId, regionCode, name, active_) values (14, 19, 'IL', 'Illinois', TRUE);
insert into Region (regionId, countryId, regionCode, name, active_) values (15, 19, 'IN', 'Indiana', TRUE);
insert into Region (regionId, countryId, regionCode, name, active_) values (16, 19, 'IA', 'Iowa', TRUE);
insert into Region (regionId, countryId, regionCode, name, active_) values (17, 19, 'KS', 'Kansas', TRUE);
insert into Region (regionId, countryId, regionCode, name, active_) values (18, 19, 'KY', 'Kentucky ', TRUE);
insert into Region (regionId, countryId, regionCode, name, active_) values (19, 19, 'LA', 'Louisiana ', TRUE);
insert into Region (regionId, countryId, regionCode, name, active_) values (20, 19, 'ME', 'Maine', TRUE);
insert into Region (regionId, countryId, regionCode, name, active_) values (21, 19, 'MD', 'Maryland', TRUE);
insert into Region (regionId, countryId, regionCode, name, active_) values (22, 19, 'MA', 'Massachusetts', TRUE);
insert into Region (regionId, countryId, regionCode, name, active_) values (23, 19, 'MI', 'Michigan', TRUE);
insert into Region (regionId, countryId, regionCode, name, active_) values (24, 19, 'MN', 'Minnesota', TRUE);
insert into Region (regionId, countryId, regionCode, name, active_) values (25, 19, 'MS', 'Mississippi', TRUE);
insert into Region (regionId, countryId, regionCode, name, active_) values (26, 19, 'MO', 'Missouri', TRUE);
insert into Region (regionId, countryId, regionCode, name, active_) values (27, 19, 'MT', 'Montana', TRUE);
insert into Region (regionId, countryId, regionCode, name, active_) values (28, 19, 'NE', 'Nebraska', TRUE);
insert into Region (regionId, countryId, regionCode, name, active_) values (29, 19, 'NV', 'Nevada', TRUE);
insert into Region (regionId, countryId, regionCode, name, active_) values (30, 19, 'NH', 'New Hampshire', TRUE);
insert into Region (regionId, countryId, regionCode, name, active_) values (31, 19, 'NJ', 'New Jersey', TRUE);
insert into Region (regionId, countryId, regionCode, name, active_) values (32, 19, 'NM', 'New Mexico', TRUE);
insert into Region (regionId, countryId, regionCode, name, active_) values (33, 19, 'NY', 'New York', TRUE);
insert into Region (regionId, countryId, regionCode, name, active_) values (34, 19, 'NC', 'North Carolina', TRUE);
insert into Region (regionId, countryId, regionCode, name, active_) values (35, 19, 'ND', 'North Dakota', TRUE);
insert into Region (regionId, countryId, regionCode, name, active_) values (36, 19, 'OH', 'Ohio', TRUE);
insert into Region (regionId, countryId, regionCode, name, active_) values (37, 19, 'OK', 'Oklahoma ', TRUE);
insert into Region (regionId, countryId, regionCode, name, active_) values (38, 19, 'OR', 'Oregon', TRUE);
insert into Region (regionId, countryId, regionCode, name, active_) values (39, 19, 'PA', 'Pennsylvania', TRUE);
insert into Region (regionId, countryId, regionCode, name, active_) values (40, 19, 'PR', 'Puerto Rico', TRUE);
insert into Region (regionId, countryId, regionCode, name, active_) values (41, 19, 'RI', 'Rhode Island', TRUE);
insert into Region (regionId, countryId, regionCode, name, active_) values (42, 19, 'SC', 'South Carolina', TRUE);
insert into Region (regionId, countryId, regionCode, name, active_) values (43, 19, 'SD', 'South Dakota', TRUE);
insert into Region (regionId, countryId, regionCode, name, active_) values (44, 19, 'TN', 'Tennessee', TRUE);
insert into Region (regionId, countryId, regionCode, name, active_) values (45, 19, 'TX', 'Texas', TRUE);
insert into Region (regionId, countryId, regionCode, name, active_) values (46, 19, 'UT', 'Utah', TRUE);
insert into Region (regionId, countryId, regionCode, name, active_) values (47, 19, 'VT', 'Vermont', TRUE);
insert into Region (regionId, countryId, regionCode, name, active_) values (48, 19, 'VA', 'Virginia', TRUE);
insert into Region (regionId, countryId, regionCode, name, active_) values (49, 19, 'WA', 'Washington', TRUE);
insert into Region (regionId, countryId, regionCode, name, active_) values (50, 19, 'WV', 'West Virginia', TRUE);
insert into Region (regionId, countryId, regionCode, name, active_) values (51, 19, 'WI', 'Wisconsin', TRUE);
insert into Region (regionId, countryId, regionCode, name, active_) values (52, 19, 'WY', 'Wyoming', TRUE);
insert into Region (regionId, countryId, regionCode, name, active_) values (53, 1, 'AL', 'Alberta', TRUE);
insert into Region (regionId, countryId, regionCode, name, active_) values (54, 1, 'BC', 'British Columbia', TRUE);
insert into Region (regionId, countryId, regionCode, name, active_) values (55, 1, 'MB', 'Manitoba', TRUE);
insert into Region (regionId, countryId, regionCode, name, active_) values (56, 1, 'NB', 'New Brunswick', TRUE);
insert into Region (regionId, countryId, regionCode, name, active_) values (57, 1, 'NL', 'Newfoundland and Labrador', TRUE);
insert into Region (regionId, countryId, regionCode, name, active_) values (58, 1, 'NT', 'Northwest Territories', TRUE);
insert into Region (regionId, countryId, regionCode, name, active_) values (59, 1, 'NS', 'Nova Scotia', TRUE);
insert into Region (regionId, countryId, regionCode, name, active_) values (60, 1, 'NU', 'Nunavut', TRUE);
insert into Region (regionId, countryId, regionCode, name, active_) values (61, 1, 'ON', 'Ontario', TRUE);
insert into Region (regionId, countryId, regionCode, name, active_) values (62, 1, 'PE', 'Prince Edward Island', TRUE);
insert into Region (regionId, countryId, regionCode, name, active_) values (63, 1, 'QC', 'Quebec', TRUE);
insert into Region (regionId, countryId, regionCode, name, active_) values (64, 1, 'SK', 'Saskatchewan', TRUE);
insert into Region (regionId, countryId, regionCode, name, active_) values (65, 1, 'YT', 'Yukon', TRUE);
insert into Region (regionId, countryId, regionCode, name, active_) values (66, 15, 'AN', 'Andalusia', TRUE);
insert into Region (regionId, countryId, regionCode, name, active_) values (67, 15, 'AR', 'Aragon', TRUE);
insert into Region (regionId, countryId, regionCode, name, active_) values (68, 15, 'AS', 'Asturias', TRUE);
insert into Region (regionId, countryId, regionCode, name, active_) values (69, 15, 'IB', 'Balearic Islands', TRUE);
insert into Region (regionId, countryId, regionCode, name, active_) values (70, 15, 'PV', 'Basque Country', TRUE);
insert into Region (regionId, countryId, regionCode, name, active_) values (71, 15, 'CN', 'Canary Islands', TRUE);
insert into Region (regionId, countryId, regionCode, name, active_) values (72, 15, 'CB', 'Cantabria', TRUE);
insert into Region (regionId, countryId, regionCode, name, active_) values (73, 15, 'CL', 'Castile and Leon', TRUE);
insert into Region (regionId, countryId, regionCode, name, active_) values (74, 15, 'CM', 'Castile-La Mancha', TRUE);
insert into Region (regionId, countryId, regionCode, name, active_) values (75, 15, 'CT', 'Catalonia', TRUE);
insert into Region (regionId, countryId, regionCode, name, active_) values (76, 15, 'CE', 'Ceuta', TRUE);
insert into Region (regionId, countryId, regionCode, name, active_) values (77, 15, 'EX', 'Extremadura', TRUE);
insert into Region (regionId, countryId, regionCode, name, active_) values (78, 15, 'GA', 'Galicia', TRUE);
insert into Region (regionId, countryId, regionCode, name, active_) values (79, 15, 'LO', 'La Rioja', TRUE);
insert into Region (regionId, countryId, regionCode, name, active_) values (80, 15, 'M', 'Madrid', TRUE);
insert into Region (regionId, countryId, regionCode, name, active_) values (81, 15, 'ML', 'Melilla', TRUE);
insert into Region (regionId, countryId, regionCode, name, active_) values (82, 15, 'MU', 'Murcia', TRUE);
insert into Region (regionId, countryId, regionCode, name, active_) values (83, 15, 'NA', 'Navarra', TRUE);
insert into Region (regionId, countryId, regionCode, name, active_) values (84, 15, 'VC', 'Valencia', TRUE);

##
## List types for accounts
##

insert into ListType (listTypeId, name, type_) values (10000, 'Billing', 'com.liferay.portal.model.Account.address');
insert into ListType (listTypeId, name, type_) values (10001, 'Other', 'com.liferay.portal.model.Account.address');
insert into ListType (listTypeId, name, type_) values (10002, 'P.O. Box', 'com.liferay.portal.model.Account.address');
insert into ListType (listTypeId, name, type_) values (10003, 'Shipping', 'com.liferay.portal.model.Account.address');

insert into ListType (listTypeId, name, type_) values (10004, 'E-mail', 'com.liferay.portal.model.Account.emailAddress');
insert into ListType (listTypeId, name, type_) values (10005, 'E-mail 2', 'com.liferay.portal.model.Account.emailAddress');
insert into ListType (listTypeId, name, type_) values (10006, 'E-mail 3', 'com.liferay.portal.model.Account.emailAddress');

insert into ListType (listTypeId, name, type_) values (10007, 'Fax', 'com.liferay.portal.model.Account.phone');
insert into ListType (listTypeId, name, type_) values (10008, 'Local', 'com.liferay.portal.model.Account.phone');
insert into ListType (listTypeId, name, type_) values (10009, 'Other', 'com.liferay.portal.model.Account.phone');
insert into ListType (listTypeId, name, type_) values (10010, 'Toll-Free', 'com.liferay.portal.model.Account.phone');
insert into ListType (listTypeId, name, type_) values (10011, 'TTY', 'com.liferay.portal.model.Account.phone');

insert into ListType (listTypeId, name, type_) values (10012, 'Intranet', 'com.liferay.portal.model.Account.website');
insert into ListType (listTypeId, name, type_) values (10013, 'Public', 'com.liferay.portal.model.Account.website');

##
## List types for contacts
##

insert into ListType (listTypeId, name, type_) values (11000, 'Business', 'com.liferay.portal.model.Contact.address');
insert into ListType (listTypeId, name, type_) values (11001, 'Other', 'com.liferay.portal.model.Contact.address');
insert into ListType (listTypeId, name, type_) values (11002, 'Personal', 'com.liferay.portal.model.Contact.address');

insert into ListType (listTypeId, name, type_) values (11003, 'E-mail', 'com.liferay.portal.model.Contact.emailAddress');
insert into ListType (listTypeId, name, type_) values (11004, 'E-mail 2', 'com.liferay.portal.model.Contact.emailAddress');
insert into ListType (listTypeId, name, type_) values (11005, 'E-mail 3', 'com.liferay.portal.model.Contact.emailAddress');

insert into ListType (listTypeId, name, type_) values (11006, 'Business', 'com.liferay.portal.model.Contact.phone');
insert into ListType (listTypeId, name, type_) values (11007, 'Business Fax', 'com.liferay.portal.model.Contact.phone');
insert into ListType (listTypeId, name, type_) values (11008, 'Mobile', 'com.liferay.portal.model.Contact.phone');
insert into ListType (listTypeId, name, type_) values (11009, 'Other', 'com.liferay.portal.model.Contact.phone');
insert into ListType (listTypeId, name, type_) values (11010, 'Pager', 'com.liferay.portal.model.Contact.phone');
insert into ListType (listTypeId, name, type_) values (11011, 'Personal', 'com.liferay.portal.model.Contact.phone');
insert into ListType (listTypeId, name, type_) values (11012, 'Personal Fax', 'com.liferay.portal.model.Contact.phone');
insert into ListType (listTypeId, name, type_) values (11013, 'TTY', 'com.liferay.portal.model.Contact.phone');

insert into ListType (listTypeId, name, type_) values (11014, 'Dr.', 'com.liferay.portal.model.Contact.prefix');
insert into ListType (listTypeId, name, type_) values (11015, 'Mr.', 'com.liferay.portal.model.Contact.prefix');
insert into ListType (listTypeId, name, type_) values (11016, 'Mrs.', 'com.liferay.portal.model.Contact.prefix');
insert into ListType (listTypeId, name, type_) values (11017, 'Ms.', 'com.liferay.portal.model.Contact.prefix');

insert into ListType (listTypeId, name, type_) values (11020, 'II', 'com.liferay.portal.model.Contact.suffix');
insert into ListType (listTypeId, name, type_) values (11021, 'III', 'com.liferay.portal.model.Contact.suffix');
insert into ListType (listTypeId, name, type_) values (11022, 'IV', 'com.liferay.portal.model.Contact.suffix');
insert into ListType (listTypeId, name, type_) values (11023, 'Jr.', 'com.liferay.portal.model.Contact.suffix');
insert into ListType (listTypeId, name, type_) values (11024, 'PhD.', 'com.liferay.portal.model.Contact.suffix');
insert into ListType (listTypeId, name, type_) values (11025, 'Sr.', 'com.liferay.portal.model.Contact.suffix');

insert into ListType (listTypeId, name, type_) values (11026, 'Blog', 'com.liferay.portal.model.Contact.website');
insert into ListType (listTypeId, name, type_) values (11027, 'Business', 'com.liferay.portal.model.Contact.website');
insert into ListType (listTypeId, name, type_) values (11028, 'Other', 'com.liferay.portal.model.Contact.website');
insert into ListType (listTypeId, name, type_) values (11029, 'Personal', 'com.liferay.portal.model.Contact.website');

##
## List types for organizations
##

insert into ListType (listTypeId, name, type_) values (12000, 'Billing', 'com.liferay.portal.model.Organization.address');
insert into ListType (listTypeId, name, type_) values (12001, 'Other', 'com.liferay.portal.model.Organization.address');
insert into ListType (listTypeId, name, type_) values (12002, 'P.O. Box', 'com.liferay.portal.model.Organization.address');
insert into ListType (listTypeId, name, type_) values (12003, 'Shipping', 'com.liferay.portal.model.Organization.address');

insert into ListType (listTypeId, name, type_) values (12004, 'E-mail', 'com.liferay.portal.model.Organization.emailAddress');
insert into ListType (listTypeId, name, type_) values (12005, 'E-mail 2', 'com.liferay.portal.model.Organization.emailAddress');
insert into ListType (listTypeId, name, type_) values (12006, 'E-mail 3', 'com.liferay.portal.model.Organization.emailAddress');

insert into ListType (listTypeId, name, type_) values (12007, 'Fax', 'com.liferay.portal.model.Organization.phone');
insert into ListType (listTypeId, name, type_) values (12008, 'Local', 'com.liferay.portal.model.Organization.phone');
insert into ListType (listTypeId, name, type_) values (12009, 'Other', 'com.liferay.portal.model.Organization.phone');
insert into ListType (listTypeId, name, type_) values (12010, 'Toll-Free', 'com.liferay.portal.model.Organization.phone');
insert into ListType (listTypeId, name, type_) values (12011, 'TTY', 'com.liferay.portal.model.Organization.phone');

insert into ListType (listTypeId, name, type_) values (12012, 'Administrative', 'com.liferay.portal.model.Organization.service');
insert into ListType (listTypeId, name, type_) values (12013, 'Contracts', 'com.liferay.portal.model.Organization.service');
insert into ListType (listTypeId, name, type_) values (12014, 'Donation', 'com.liferay.portal.model.Organization.service');
insert into ListType (listTypeId, name, type_) values (12015, 'Retail', 'com.liferay.portal.model.Organization.service');
insert into ListType (listTypeId, name, type_) values (12016, 'Training', 'com.liferay.portal.model.Organization.service');

insert into ListType (listTypeId, name, type_) values (12017, 'Full Member', 'com.liferay.portal.model.Organization.status');
insert into ListType (listTypeId, name, type_) values (12018, 'Provisional Member', 'com.liferay.portal.model.Organization.status');

insert into ListType (listTypeId, name, type_) values (12019, 'Intranet', 'com.liferay.portal.model.Organization.website');
insert into ListType (listTypeId, name, type_) values (12020, 'Public', 'com.liferay.portal.model.Organization.website');